[     480ms] [WARNING] Please ensure Intercom is setup and running on client-side! @ https://app.avest.fr/index.1779894461.js:10
[     704ms] [ERROR] Failed to load resource: the server responded with a status of 401 (Unauthorized) @ https://api.avest.fr/v1/website?agency=698cb2ce239dd6ab399bc522:0
[     735ms] [INFO] [Intercom] Launcher is disabled in settings or current page does not match display conditions @ https://js.intercomcdn.com/frame-modern.30829534.js:0
[     736ms] [ERROR] Failed to load resource: the server responded with a status of 401 (Unauthorized) @ https://api.avest.fr/v1/mailboxes:0
[     741ms] [ERROR] Failed to load resource: the server responded with a status of 401 (Unauthorized) @ https://api.avest.fr/v1/websites:0
[     879ms] [ERROR] Failed to load resource: the server responded with a status of 401 (Unauthorized) @ https://api.avest.fr/v1/agency-groups:0
[     880ms] [ERROR] Failed to load resource: the server responded with a status of 401 (Unauthorized) @ https://api.avest.fr/v1/agency/698cb2ce239dd6ab399bc522:0
[     881ms] [ERROR] Failed to load resource: the server responded with a status of 401 (Unauthorized) @ https://api.avest.fr/v1/account:0
[     882ms] [ERROR] Failed to load resource: the server responded with a status of 401 (Unauthorized) @ https://api.avest.fr/v1/agencies?filter=%7B%22isActive%22:true%7D:0
[     935ms] [ERROR] Failed to load resource: the server responded with a status of 401 (Unauthorized) @ https://api.avest.fr/v1/transactions/search?filter=%7B%7D&search=&saleIds%5B%5D=69e38dbc9ecc67b2d70cc31f&acquisitionIds%5B%5D=6a17e6859bb91d1947b47c38&acquisitionIds%5B%5D=6a17f8c99362c996f6e9711e:0
[  128120ms] [WARNING] As of March 1st, 2025, google.maps.places.AutocompleteService is not available to new customers. Please use google.maps.places.AutocompleteSuggestion instead. At this time, google.maps.places.AutocompleteService is not scheduled to be discontinued, but google.maps.places.AutocompleteSuggestion is recommended over google.maps.places.AutocompleteService. While google.maps.places.AutocompleteService will continue to receive bug fixes for any major regressions, existing bugs in google.maps.places.AutocompleteService will not be addressed. At least 12 months notice will be given before support is discontinued. Please see https://developers.google.com/maps/legacy for additional details and https://developers.google.com/maps/documentation/javascript/places-migration-overview for the migration guide. @ https://maps.googleapis.com/maps-api-v3/api/js/65/2d/intl/fr_ALL/places.js:47
[  128120ms] [WARNING] As of March 1st, 2025, google.maps.places.PlacesService is not available to new customers. Please use google.maps.places.Place instead. At this time, google.maps.places.PlacesService is not scheduled to be discontinued, but google.maps.places.Place is recommended over google.maps.places.PlacesService. While google.maps.places.PlacesService will continue to receive bug fixes for any major regressions, existing bugs in google.maps.places.PlacesService will not be addressed. At least 12 months notice will be given before support is discontinued. Please see https://developers.google.com/maps/legacy for additional details and https://developers.google.com/maps/documentation/javascript/places-migration-overview for the migration guide. @ https://maps.googleapis.com/maps-api-v3/api/js/65/2d/intl/fr_ALL/places.js:639
[ 4200588ms] [ERROR] Failed to load resource: net::ERR_INTERNET_DISCONNECTED @ https://app.avest.fr/r/flags/?v=2&ip=0&_=1780046270428&ver=1.372.10&compression=base64:0
[ 4500590ms] [ERROR] Failed to load resource: net::ERR_INTERNET_DISCONNECTED @ https://app.avest.fr/r/flags/?v=2&ip=0&_=1780046570430&ver=1.372.10&compression=base64:0
[ 4800594ms] [ERROR] Failed to load resource: net::ERR_INTERNET_DISCONNECTED @ https://app.avest.fr/r/flags/?v=2&ip=0&_=1780046870430&ver=1.372.10&compression=base64:0
[ 5664949ms] [INFO] Cleaning session storage on version change {currentVersion: v1.31.0, serverVersion: v1.32.0} @ https://app.avest.fr/index.1779894461.js:90
[ 6866032ms] [INFO] Cleaning session storage on version change {currentVersion: v1.31.0, serverVersion: v1.32.1} @ https://app.avest.fr/index.1779894461.js:90
[17289740ms] [ERROR] Failed to load resource: net::ERR_NETWORK_CHANGED @ https://app.avest.fr/meta.json?cb=1780059359350:0
[17289741ms] [ERROR] TypeError: Failed to fetch
    at queryFn (https://app.avest.fr/index.1779894461.js:91:59883)
    at Object.r [as fn] (https://app.avest.fr/index.1779894461.js:10:49504)
    at _ (https://app.avest.fr/index.1779894461.js:10:43962)
    at Object.start (https://app.avest.fr/index.1779894461.js:10:44423)
    at xV.fetch (https://app.avest.fr/index.1779894461.js:10:50313)
    at #h (https://app.avest.fr/index.1779894461.js:10:54922)
    at $V.fetch (https://app.avest.fr/index.1779894461.js:10:54809)
    at $V.refetch (https://app.avest.fr/index.1779894461.js:10:54621)
    at xV.onOnline (https://app.avest.fr/index.1779894461.js:10:48171)
    at https://app.avest.fr/index.1779894461.js:10:66700 @ https://app.avest.fr/index.1779894461.js:90
[17289746ms] [ERROR] Failed to load resource: net::ERR_NETWORK_CHANGED @ https://api.avest.fr/v1/visit-receipts?filter%5Bsale%5D=69e38dbc9ecc67b2d70cc31f:0
[17289746ms] [ERROR] Failed to load resource: net::ERR_NETWORK_CHANGED @ https://api.avest.fr/v1/sale/69e38dbc9ecc67b2d70cc31f/visits?agencyGroup=69709812c0b6ac9d7a35154f&sortOrder=descending&sortField=lastUpdatedAt:0
[17289747ms] [ERROR] Failed to load resource: net::ERR_NETWORK_CHANGED @ https://api.avest.fr/v1/sale-tags?agencies=698cb2ce239dd6ab399bc522:0
[17289748ms] [ERROR] Failed to load resource: net::ERR_NETWORK_CHANGED @ https://api.avest.fr/v1/rental-tags?agencies=698cb2ce239dd6ab399bc522:0
[17289748ms] [ERROR] Failed to load resource: net::ERR_NETWORK_CHANGED @ https://api.avest.fr/v1/acquisition-tags?agencies=698cb2ce239dd6ab399bc522:0
[17289748ms] [ERROR] Failed to load resource: net::ERR_NETWORK_CHANGED @ https://api.avest.fr/v1/transaction-activities?filter=%7B%22type%22:%22note%22,%22linkedDocument%22:%7B%22$in%22:%5B%2269e38dbc9ecc67b2d70cc31f%22,%2269e38dbb9ecc67b2d70cc13d%22%5D%7D%7D&sortField=completionDate&sortOrder=descending:0
[17289748ms] [ERROR] Failed to load resource: net::ERR_NETWORK_CHANGED @ https://api.avest.fr/v1/sale/69e38dbc9ecc67b2d70cc31f/activities?activityView=email:0
[17289749ms] [ERROR] Failed to load resource: net::ERR_NETWORK_CHANGED @ https://api.avest.fr/v1/sale/69e38dbc9ecc67b2d70cc31f/activities?activityView=files:0
[17289749ms] [ERROR] Failed to load resource: net::ERR_NETWORK_CHANGED @ https://api.avest.fr/v1/sale/69e38dbc9ecc67b2d70cc31f/matching?steps=AQUL,ASRC:0
[17289749ms] [ERROR] Failed to load resource: net::ERR_NETWORK_CHANGED @ https://api.avest.fr/v1/suggestions/sale/69e38dbc9ecc67b2d70cc31f:0
[17289749ms] [ERROR] Failed to load resource: net::ERR_NETWORK_CHANGED @ https://api.avest.fr/v1/sale/69e38dbc9ecc67b2d70cc31f/activities?activityView=pinned:0
[17289749ms] [ERROR] Failed to load resource: net::ERR_NETWORK_CHANGED @ https://api.avest.fr/v1/sale/69e38dbc9ecc67b2d70cc31f/activities?activityView=activitySummary:0
[17289750ms] [ERROR] Failed to load resource: net::ERR_NETWORK_CHANGED @ https://api.avest.fr/v1/my-notary/sales/69e38dbc9ecc67b2d70cc31f/operation:0
[17289751ms] [ERROR] Failed to load resource: net::ERR_NETWORK_CHANGED @ https://api.avest.fr/v1/listings?filter=%7B%22transactionType%22:%22sale%22,%22transactionModel%22:%2269e38dbc9ecc67b2d70cc31f%22%7D&agencies=698cb2ce239dd6ab399bc522&group=69709812c0b6ac9d7a35154f:0
[17289751ms] [ERROR] Failed to load resource: net::ERR_NETWORK_CHANGED @ https://api.avest.fr/v1/listings?filter=%7B%22transactionType%22:%22sale%22,%22transactionModel%22:%2269e38dbc9ecc67b2d70cc31f%22%7D&group=69709812c0b6ac9d7a35154f:0
[17289751ms] [ERROR] Failed to load resource: net::ERR_NETWORK_CHANGED @ https://api.avest.fr/v1/sale/69e38dbc9ecc67b2d70cc31f/drive-links:0
[17289751ms] [ERROR] Failed to load resource: net::ERR_NETWORK_CHANGED @ https://api.avest.fr/v1/users?agencies=698cb2ce239dd6ab399bc522:0
[17289752ms] [ERROR] Failed to load resource: net::ERR_NETWORK_CHANGED @ https://api.avest.fr/v1/acquisition/6a189bd045b0d7114da90f46:0
[17289752ms] [ERROR] Failed to load resource: net::ERR_NETWORK_CHANGED @ https://api.avest.fr/v1/acquisition/6a17177d02c59a6acc1a14be:0
[17289752ms] [ERROR] Failed to load resource: net::ERR_NETWORK_CHANGED @ https://api.avest.fr/v1/acquisition/6a17f8c99362c996f6e9711e:0
[17289752ms] [ERROR] Failed to load resource: net::ERR_NETWORK_CHANGED @ https://api.avest.fr/v1/agencies?filter=%7B%22isActive%22:true%7D:0
[17289752ms] [ERROR] Failed to load resource: net::ERR_NETWORK_CHANGED @ https://api.avest.fr/v1/agency-groups:0
[17289752ms] [ERROR] Failed to load resource: net::ERR_NETWORK_CHANGED @ https://api.avest.fr/v1/transactions/search?filter=%7B%7D&agencyGroup=69709812c0b6ac9d7a35154f&search=&saleIds%5B%5D=69e38dbc9ecc67b2d70cc31f&acquisitionIds%5B%5D=6a17e6859bb91d1947b47c38&acquisitionIds%5B%5D=6a17f8c99362c996f6e9711e:0
[17289752ms] [ERROR] Failed to load resource: net::ERR_NETWORK_CHANGED @ https://api.avest.fr/v1/account:0
[17289753ms] [ERROR] Failed to load resource: net::ERR_NETWORK_CHANGED @ https://api.avest.fr/v1/sale/69e38dbc9ecc67b2d70cc31f:0
[17289753ms] [ERROR] Failed to load resource: net::ERR_NETWORK_CHANGED @ https://api.avest.fr/v1/sale/69e38dbc9ecc67b2d70cc31f/other-projects:0
[17289753ms] [ERROR] Failed to load resource: net::ERR_NETWORK_CHANGED @ https://api.avest.fr/v1/mailboxes:0
[17289753ms] [ERROR] Failed to load resource: net::ERR_NETWORK_CHANGED @ https://api.avest.fr/v1/websites:0
[17289753ms] [ERROR] Failed to load resource: net::ERR_NETWORK_CHANGED @ https://api.avest.fr/v1/agency/698cb2ce239dd6ab399bc522:0
[17289753ms] [ERROR] Failed to load resource: net::ERR_NETWORK_CHANGED @ https://api.avest.fr/v1/website?agency=698cb2ce239dd6ab399bc522:0
[17289753ms] [ERROR] Failed to load resource: net::ERR_NETWORK_CHANGED @ https://api.avest.fr/v1/acquisition/6a17e6859bb91d1947b47c38:0
[17289754ms] [ERROR] Failed to load resource: net::ERR_NETWORK_CHANGED @ https://api.avest.fr/v1/acquisition/6a15a724feb2964bcd0731d7:0
[17289754ms] [ERROR] Failed to load resource: net::ERR_NETWORK_CHANGED @ https://api.avest.fr/v1/acquisition/6a1687d9c92b2155901cd6f1:0
[17289754ms] [ERROR] Failed to load resource: net::ERR_NETWORK_CHANGED @ https://api.avest.fr/v1/acquisition/6a16f6645731866124a8ca5f:0
[17289754ms] [ERROR] Failed to load resource: net::ERR_NETWORK_CHANGED @ https://api.avest.fr/v1/acquisition/6a17255f411229cd9e8ba2d0:0
[17289754ms] [ERROR] Failed to load resource: net::ERR_NETWORK_CHANGED @ https://api.avest.fr/v1/acquisition/6a16cb4c4754df734712eeb7:0
[17289754ms] [ERROR] Failed to load resource: net::ERR_NETWORK_CHANGED @ https://api.avest.fr/v1/acquisition/6a1573a292eae0c2aad4c65b:0
[17289755ms] [ERROR] Failed to load resource: net::ERR_NETWORK_CHANGED @ https://api.avest.fr/v1/acquisition/6a1589d7feb2964bcd5f6580:0
[17289755ms] [ERROR] Failed to load resource: net::ERR_NETWORK_CHANGED @ https://api.avest.fr/v1/sale/69e38dbc9ecc67b2d70cc31f/next-activities:0
[17289755ms] [ERROR] Failed to load resource: net::ERR_NETWORK_CHANGED @ https://api.avest.fr/v1/emailing-templates?agencies=698cb2ce239dd6ab399bc522:0
[17289755ms] [ERROR] Failed to load resource: net::ERR_NETWORK_CHANGED @ https://api.avest.fr/v1/sms-templates?agencies=698cb2ce239dd6ab399bc522:0
[17289756ms] [ERROR] Failed to load resource: net::ERR_NETWORK_CHANGED @ https://api.avest.fr/v1/user/698202ef3c7adb8c3df2520a?displayOnly=true:0
[17289756ms] [ERROR] Failed to load resource: net::ERR_NETWORK_CHANGED @ https://api.avest.fr/v1/acquisition/6a194a0efb64dc9164f65c7f:0
[17289763ms] [ERROR] Failed to load resource: net::ERR_ADDRESS_UNREACHABLE @ https://api.avest.fr/v1/acquisition/6a1687d9c92b2155901cd6f1:0
[17289763ms] [ERROR] Failed to load resource: net::ERR_ADDRESS_UNREACHABLE @ https://api.avest.fr/v1/acquisition/6a15a724feb2964bcd0731d7:0
[17289764ms] [ERROR] Failed to load resource: net::ERR_ADDRESS_UNREACHABLE @ https://api.avest.fr/v1/sale/69e38dbc9ecc67b2d70cc31f/other-projects:0
[17289765ms] [ERROR] Failed to load resource: net::ERR_ADDRESS_UNREACHABLE @ https://api.avest.fr/v1/agency/698cb2ce239dd6ab399bc522:0
[17289765ms] [ERROR] Failed to load resource: net::ERR_ADDRESS_UNREACHABLE @ https://api.avest.fr/v1/acquisition/6a17e6859bb91d1947b47c38:0
[17289765ms] [ERROR] Failed to load resource: net::ERR_ADDRESS_UNREACHABLE @ https://api.avest.fr/v1/websites:0
[17289766ms] [ERROR] Failed to load resource: net::ERR_ADDRESS_UNREACHABLE @ https://api.avest.fr/v1/mailboxes:0
[17289766ms] [ERROR] Failed to load resource: net::ERR_ADDRESS_UNREACHABLE @ https://api.avest.fr/v1/website?agency=698cb2ce239dd6ab399bc522:0
[17289766ms] [ERROR] Failed to load resource: net::ERR_ADDRESS_UNREACHABLE @ https://api.avest.fr/v1/transactions/search?filter=%7B%7D&agencyGroup=69709812c0b6ac9d7a35154f&search=&saleIds%5B%5D=69e38dbc9ecc67b2d70cc31f&acquisitionIds%5B%5D=6a17e6859bb91d1947b47c38&acquisitionIds%5B%5D=6a17f8c99362c996f6e9711e:0
[17289768ms] [ERROR] Failed to load resource: net::ERR_ADDRESS_UNREACHABLE @ https://api.avest.fr/v1/sale/69e38dbc9ecc67b2d70cc31f:0
[17289768ms] [ERROR] Failed to load resource: net::ERR_ADDRESS_UNREACHABLE @ https://api.avest.fr/v1/agencies?filter=%7B%22isActive%22:true%7D:0
[17289768ms] [ERROR] AxiosError: Network Error
    at w.onerror (https://app.avest.fr/index.1779894461.js:85:16122) @ https://app.avest.fr/index.1779894461.js:90
[17289769ms] [ERROR] Failed to load resource: net::ERR_ADDRESS_UNREACHABLE @ https://api.avest.fr/v1/agency-groups:0
[17289769ms] [ERROR] Failed to load resource: net::ERR_ADDRESS_UNREACHABLE @ https://api.avest.fr/v1/account:0
[17289769ms] [ERROR] Failed to load resource: net::ERR_ADDRESS_UNREACHABLE @ https://api.avest.fr/v1/sale/69e38dbc9ecc67b2d70cc31f/activities?activityView=pinned:0
[17289769ms] [ERROR] Failed to load resource: net::ERR_ADDRESS_UNREACHABLE @ https://api.avest.fr/v1/suggestions/sale/69e38dbc9ecc67b2d70cc31f:0
[17289769ms] [ERROR] Failed to load resource: net::ERR_ADDRESS_UNREACHABLE @ https://api.avest.fr/v1/sale/69e38dbc9ecc67b2d70cc31f/activities?activityView=email:0
[17289769ms] [ERROR] Failed to load resource: net::ERR_ADDRESS_UNREACHABLE @ https://api.avest.fr/v1/my-notary/sales/69e38dbc9ecc67b2d70cc31f/operation:0
[17289769ms] [ERROR] There is an error fetching the matching transactions AxiosError: Network Error
    at w.onerror (https://app.avest.fr/index.1779894461.js:85:16122)
    at tu.request (https://app.avest.fr/index.1779894461.js:87:2231)
    at async tu.request (https://app.avest.fr/index.1779894461.js:87:2135)
    at async queryFn (https://app.avest.fr/utils.17798944617.js:1:1167) @ https://app.avest.fr/utils.17798944617.js:0
[17289769ms] [ERROR] Failed to load resource: net::ERR_ADDRESS_UNREACHABLE @ https://api.avest.fr/v1/sale/69e38dbc9ecc67b2d70cc31f/matching?steps=AQUL,ASRC:0
[17289769ms] [ERROR] Failed to load resource: net::ERR_ADDRESS_UNREACHABLE @ https://api.avest.fr/v1/sale/69e38dbc9ecc67b2d70cc31f/activities?activityView=files:0
[17289770ms] [ERROR] Failed to load resource: net::ERR_ADDRESS_UNREACHABLE @ https://api.avest.fr/v1/sale/69e38dbc9ecc67b2d70cc31f/activities?activityView=activitySummary:0
[17289770ms] [ERROR] Failed to load resource: net::ERR_ADDRESS_UNREACHABLE @ https://api.avest.fr/v1/sms-templates?agencies=698cb2ce239dd6ab399bc522:0
[17289770ms] [ERROR] AxiosError: Network Error
    at w.onerror (https://app.avest.fr/index.1779894461.js:85:16122) @ https://app.avest.fr/index.1779894461.js:90
[17289770ms] [ERROR] Failed to load resource: net::ERR_ADDRESS_UNREACHABLE @ https://api.avest.fr/v1/user/698202ef3c7adb8c3df2520a?displayOnly=true:0
[17289770ms] [ERROR] Failed to load resource: net::ERR_ADDRESS_UNREACHABLE @ https://api.avest.fr/v1/acquisition/6a194a0efb64dc9164f65c7f:0
[17289770ms] [ERROR] Failed to load resource: net::ERR_ADDRESS_UNREACHABLE @ https://api.avest.fr/v1/acquisition/6a1573a292eae0c2aad4c65b:0
[17289770ms] [ERROR] Failed to load resource: net::ERR_ADDRESS_UNREACHABLE @ https://api.avest.fr/v1/sale/69e38dbc9ecc67b2d70cc31f/next-activities:0
[17289770ms] [ERROR] Failed to load resource: net::ERR_ADDRESS_UNREACHABLE @ https://api.avest.fr/v1/acquisition/6a16cb4c4754df734712eeb7:0
[17289770ms] [ERROR] Failed to load resource: net::ERR_ADDRESS_UNREACHABLE @ https://api.avest.fr/v1/acquisition/6a17255f411229cd9e8ba2d0:0
[17289771ms] [ERROR] Failed to load resource: net::ERR_ADDRESS_UNREACHABLE @ https://api.avest.fr/v1/acquisition/6a1589d7feb2964bcd5f6580:0
[17289771ms] [ERROR] Failed to load resource: net::ERR_ADDRESS_UNREACHABLE @ https://api.avest.fr/v1/acquisition/6a16f6645731866124a8ca5f:0
[17289771ms] [ERROR] Failed to load resource: net::ERR_ADDRESS_UNREACHABLE @ https://api.avest.fr/v1/emailing-templates?agencies=698cb2ce239dd6ab399bc522:0
[17289771ms] [ERROR] Failed to load resource: net::ERR_ADDRESS_UNREACHABLE @ https://api.avest.fr/v1/acquisition/6a17f8c99362c996f6e9711e:0
[17289771ms] [ERROR] Failed to load resource: net::ERR_ADDRESS_UNREACHABLE @ https://api.avest.fr/v1/users?agencies=698cb2ce239dd6ab399bc522:0
[17289771ms] [ERROR] Failed to load resource: net::ERR_ADDRESS_UNREACHABLE @ https://api.avest.fr/v1/acquisition/6a189bd045b0d7114da90f46:0
[17289771ms] [ERROR] Failed to load resource: net::ERR_ADDRESS_UNREACHABLE @ https://api.avest.fr/v1/sale/69e38dbc9ecc67b2d70cc31f/drive-links:0
[17289771ms] [ERROR] Failed to load resource: net::ERR_ADDRESS_UNREACHABLE @ https://api.avest.fr/v1/acquisition/6a17177d02c59a6acc1a14be:0
[17289771ms] [ERROR] Failed to load resource: net::ERR_ADDRESS_UNREACHABLE @ https://api.avest.fr/v1/listings?filter=%7B%22transactionType%22:%22sale%22,%22transactionModel%22:%2269e38dbc9ecc67b2d70cc31f%22%7D&agencies=698cb2ce239dd6ab399bc522&group=69709812c0b6ac9d7a35154f:0
[17289772ms] [ERROR] Failed to load resource: net::ERR_ADDRESS_UNREACHABLE @ https://api.avest.fr/v1/listings?filter=%7B%22transactionType%22:%22sale%22,%22transactionModel%22:%2269e38dbc9ecc67b2d70cc31f%22%7D&group=69709812c0b6ac9d7a35154f:0
[17289772ms] [ERROR] Failed to load resource: net::ERR_ADDRESS_UNREACHABLE @ https://api.avest.fr/v1/rental-tags?agencies=698cb2ce239dd6ab399bc522:0
[17289772ms] [ERROR] Failed to load resource: net::ERR_ADDRESS_UNREACHABLE @ https://api.avest.fr/v1/sale-tags?agencies=698cb2ce239dd6ab399bc522:0
[17289773ms] [ERROR] Failed to load resource: net::ERR_ADDRESS_UNREACHABLE @ https://api.avest.fr/v1/transaction-activities?filter=%7B%22type%22:%22note%22,%22linkedDocument%22:%7B%22$in%22:%5B%2269e38dbc9ecc67b2d70cc31f%22,%2269e38dbb9ecc67b2d70cc13d%22%5D%7D%7D&sortField=completionDate&sortOrder=descending:0
[17289773ms] [ERROR] Failed to load resource: net::ERR_ADDRESS_UNREACHABLE @ https://api.avest.fr/v1/sale/69e38dbc9ecc67b2d70cc31f/visits?agencyGroup=69709812c0b6ac9d7a35154f&sortOrder=descending&sortField=lastUpdatedAt:0
[17289773ms] [ERROR] Failed to load resource: net::ERR_ADDRESS_UNREACHABLE @ https://api.avest.fr/v1/visit-receipts?filter%5Bsale%5D=69e38dbc9ecc67b2d70cc31f:0
[17289773ms] [ERROR] Failed to load resource: net::ERR_ADDRESS_UNREACHABLE @ https://api.avest.fr/v1/acquisition-tags?agencies=698cb2ce239dd6ab399bc522:0
[17364554ms] [ERROR] WebSocket connection to 'wss://nexus-websocket-a.intercom.io/pubsub/5-Q97a96Qsh_bvCT3Yu2wSiJA6fb3jJzEAZA2GVFGHPqUsyIf2rCvI1jml0WC0gIS1RCKu-GEXSqbtUdi6b0pzTbnZf8MJSbU1bfMW?X-Nexus-New-Client=true&X-Nexus-Version=0.18.8&user_role=user' failed: Error in connection establishment: net::ERR_CONNECTION_TIMED_OUT @ https://js.intercomcdn.com/vendor-modern.60bbf292.js:1
[17497183ms] [ERROR] Failed to load resource: net::ERR_INTERNET_DISCONNECTED @ https://app.avest.fr/r/flags/?v=2&ip=0&_=1780059567017&ver=1.372.10&compression=base64:0
[20627060ms] [ERROR] Failed to load resource: net::ERR_INTERNET_DISCONNECTED @ https://app.avest.fr/r/flags/?v=2&ip=0&_=1780062696895&ver=1.372.10&compression=base64:0
[22815276ms] [ERROR] Failed to load resource: net::ERR_INTERNET_DISCONNECTED @ https://app.avest.fr/r/flags/?v=2&ip=0&_=1780064885113&ver=1.372.10&compression=base64:0
[23542595ms] [ERROR] Failed to load resource: net::ERR_NETWORK_CHANGED @ https://app.avest.fr/meta.json?cb=1780065612177:0
[23542596ms] [ERROR] TypeError: Failed to fetch
    at queryFn (https://app.avest.fr/index.1779894461.js:91:59883)
    at Object.r [as fn] (https://app.avest.fr/index.1779894461.js:10:49504)
    at _ (https://app.avest.fr/index.1779894461.js:10:43962) @ https://app.avest.fr/index.1779894461.js:90
[23542598ms] [ERROR] Failed to load resource: net::ERR_NETWORK_CHANGED @ https://api.avest.fr/v1/acquisition-tags?agencies=698cb2ce239dd6ab399bc522:0
[23542599ms] [ERROR] Failed to load resource: net::ERR_NETWORK_CHANGED @ https://api.avest.fr/v1/transaction-activities?filter=%7B%22type%22:%22note%22,%22linkedDocument%22:%7B%22$in%22:%5B%2269e38dbc9ecc67b2d70cc31f%22,%2269e38dbb9ecc67b2d70cc13d%22%5D%7D%7D&sortField=completionDate&sortOrder=descending:0
[23542599ms] [ERROR] Failed to load resource: net::ERR_NETWORK_CHANGED @ https://api.avest.fr/v1/sale/69e38dbc9ecc67b2d70cc31f/other-projects:0
[23542599ms] [ERROR] Failed to load resource: net::ERR_NETWORK_CHANGED @ https://api.avest.fr/v1/listings?filter=%7B%22transactionType%22:%22sale%22,%22transactionModel%22:%2269e38dbc9ecc67b2d70cc31f%22%7D&agencies=698cb2ce239dd6ab399bc522&group=69709812c0b6ac9d7a35154f:0
[23542599ms] [ERROR] Failed to load resource: net::ERR_NETWORK_CHANGED @ https://api.avest.fr/v1/listings?filter=%7B%22transactionType%22:%22sale%22,%22transactionModel%22:%2269e38dbc9ecc67b2d70cc31f%22%7D&group=69709812c0b6ac9d7a35154f:0
[23542600ms] [ERROR] Failed to load resource: net::ERR_NETWORK_CHANGED @ https://api.avest.fr/v1/sale-tags?agencies=698cb2ce239dd6ab399bc522:0
[23542600ms] [ERROR] Failed to load resource: net::ERR_NETWORK_CHANGED @ https://api.avest.fr/v1/rental-tags?agencies=698cb2ce239dd6ab399bc522:0
[23542600ms] [ERROR] Failed to load resource: net::ERR_NETWORK_CHANGED @ https://api.avest.fr/v1/account:0
[23542600ms] [ERROR] Failed to load resource: net::ERR_NETWORK_CHANGED @ https://api.avest.fr/v1/sale/69e38dbc9ecc67b2d70cc31f:0
[23542600ms] [ERROR] Failed to load resource: net::ERR_NETWORK_CHANGED @ https://api.avest.fr/v1/user/698202ef3c7adb8c3df2520a?displayOnly=true:0
[23542600ms] [ERROR] Failed to load resource: net::ERR_NETWORK_CHANGED @ https://api.avest.fr/v1/mailboxes:0
[23542605ms] [ERROR] Failed to load resource: net::ERR_NETWORK_CHANGED @ https://api.avest.fr/v1/websites:0
[23542605ms] [ERROR] Failed to load resource: net::ERR_NETWORK_CHANGED @ https://api.avest.fr/v1/agency/698cb2ce239dd6ab399bc522:0
[23542605ms] [ERROR] Failed to load resource: net::ERR_NETWORK_CHANGED @ https://api.avest.fr/v1/website?agency=698cb2ce239dd6ab399bc522:0
[23542605ms] [ERROR] Failed to load resource: net::ERR_NETWORK_CHANGED @ https://api.avest.fr/v1/agencies?filter=%7B%22isActive%22:true%7D:0
[23542605ms] [ERROR] Failed to load resource: net::ERR_NETWORK_CHANGED @ https://api.avest.fr/v1/transactions/search?filter=%7B%7D&agencyGroup=69709812c0b6ac9d7a35154f&search=&saleIds%5B%5D=69e38dbc9ecc67b2d70cc31f&acquisitionIds%5B%5D=6a17e6859bb91d1947b47c38&acquisitionIds%5B%5D=6a17f8c99362c996f6e9711e:0
[23542606ms] [ERROR] Failed to load resource: net::ERR_NETWORK_CHANGED @ https://api.avest.fr/v1/agency-groups:0
[23542606ms] [ERROR] Failed to load resource: net::ERR_NETWORK_CHANGED @ https://api.avest.fr/v1/my-notary/sales/69e38dbc9ecc67b2d70cc31f/operation:0
[23542606ms] [ERROR] Failed to load resource: net::ERR_NETWORK_CHANGED @ https://api.avest.fr/v1/sale/69e38dbc9ecc67b2d70cc31f/activities?activityView=email:0
[23542606ms] [ERROR] Failed to load resource: net::ERR_NETWORK_CHANGED @ https://api.avest.fr/v1/sale/69e38dbc9ecc67b2d70cc31f/activities?activityView=files:0
[23542606ms] [ERROR] Failed to load resource: net::ERR_NETWORK_CHANGED @ https://api.avest.fr/v1/visit-receipts?filter%5Bsale%5D=69e38dbc9ecc67b2d70cc31f:0
[23542606ms] [ERROR] Failed to load resource: net::ERR_NETWORK_CHANGED @ https://api.avest.fr/v1/sale/69e38dbc9ecc67b2d70cc31f/visits?agencyGroup=69709812c0b6ac9d7a35154f&sortOrder=descending&sortField=lastUpdatedAt:0
[23542607ms] [ERROR] Failed to load resource: net::ERR_NETWORK_CHANGED @ https://api.avest.fr/v1/sale/69e38dbc9ecc67b2d70cc31f/matching?steps=AQUL,ASRC:0
[23542607ms] [ERROR] Failed to load resource: net::ERR_NETWORK_CHANGED @ https://api.avest.fr/v1/suggestions/sale/69e38dbc9ecc67b2d70cc31f:0
[23542607ms] [ERROR] Failed to load resource: net::ERR_NETWORK_CHANGED @ https://api.avest.fr/v1/sale/69e38dbc9ecc67b2d70cc31f/activities?activityView=pinned:0
[23542607ms] [ERROR] Failed to load resource: net::ERR_NETWORK_CHANGED @ https://api.avest.fr/v1/sale/69e38dbc9ecc67b2d70cc31f/activities?activityView=activitySummary:0
[23542607ms] [ERROR] Failed to load resource: net::ERR_NETWORK_CHANGED @ https://api.avest.fr/v1/sale/69e38dbc9ecc67b2d70cc31f/drive-links:0
[23542607ms] [ERROR] Failed to load resource: net::ERR_NETWORK_CHANGED @ https://api.avest.fr/v1/users?agencies=698cb2ce239dd6ab399bc522:0
[23542607ms] [ERROR] Failed to load resource: net::ERR_NETWORK_CHANGED @ https://api.avest.fr/v1/acquisition/6a189bd045b0d7114da90f46:0
[23542609ms] [ERROR] Failed to load resource: net::ERR_NETWORK_CHANGED @ https://api.avest.fr/v1/acquisition/6a17177d02c59a6acc1a14be:0
[23542609ms] [ERROR] Failed to load resource: net::ERR_NETWORK_CHANGED @ https://api.avest.fr/v1/acquisition/6a17f8c99362c996f6e9711e:0
[23542610ms] [ERROR] Failed to load resource: net::ERR_NETWORK_CHANGED @ https://api.avest.fr/v1/acquisition/6a17e6859bb91d1947b47c38:0
[23542610ms] [ERROR] Failed to load resource: net::ERR_NETWORK_CHANGED @ https://api.avest.fr/v1/acquisition/6a15a724feb2964bcd0731d7:0
[23542610ms] [ERROR] Failed to load resource: net::ERR_NETWORK_CHANGED @ https://api.avest.fr/v1/acquisition/6a1687d9c92b2155901cd6f1:0
[23542610ms] [ERROR] Failed to load resource: net::ERR_NETWORK_CHANGED @ https://api.avest.fr/v1/acquisition/6a16f6645731866124a8ca5f:0
[23542610ms] [ERROR] Failed to load resource: net::ERR_NETWORK_CHANGED @ https://api.avest.fr/v1/acquisition/6a17255f411229cd9e8ba2d0:0
[23542610ms] [ERROR] Failed to load resource: net::ERR_NETWORK_CHANGED @ https://api.avest.fr/v1/acquisition/6a16cb4c4754df734712eeb7:0
[23542611ms] [ERROR] Failed to load resource: net::ERR_NETWORK_CHANGED @ https://api.avest.fr/v1/acquisition/6a1573a292eae0c2aad4c65b:0
[23542611ms] [ERROR] Failed to load resource: net::ERR_NETWORK_CHANGED @ https://api.avest.fr/v1/acquisition/6a1589d7feb2964bcd5f6580:0
[23542611ms] [ERROR] Failed to load resource: net::ERR_NETWORK_CHANGED @ https://api.avest.fr/v1/sale/69e38dbc9ecc67b2d70cc31f/next-activities:0
[23542611ms] [ERROR] Failed to load resource: net::ERR_NETWORK_CHANGED @ https://api.avest.fr/v1/emailing-templates?agencies=698cb2ce239dd6ab399bc522:0
[23542612ms] [ERROR] Failed to load resource: net::ERR_NETWORK_CHANGED @ https://api.avest.fr/v1/sms-templates?agencies=698cb2ce239dd6ab399bc522:0
[23542612ms] [ERROR] Failed to load resource: net::ERR_NETWORK_CHANGED @ https://api.avest.fr/v1/acquisition/6a194a0efb64dc9164f65c7f:0
[23542613ms] [ERROR] Failed to load resource: net::ERR_INTERNET_DISCONNECTED @ https://api.avest.fr/v1/sale/69e38dbc9ecc67b2d70cc31f/drive-links:0
[23542613ms] [ERROR] Failed to load resource: net::ERR_INTERNET_DISCONNECTED @ https://api.avest.fr/v1/users?agencies=698cb2ce239dd6ab399bc522:0
[23542613ms] [ERROR] Failed to load resource: net::ERR_INTERNET_DISCONNECTED @ https://api.avest.fr/v1/acquisition/6a189bd045b0d7114da90f46:0
[23542613ms] [ERROR] Failed to load resource: net::ERR_INTERNET_DISCONNECTED @ https://api.avest.fr/v1/sale/69e38dbc9ecc67b2d70cc31f/other-projects:0
[23542613ms] [ERROR] Failed to load resource: net::ERR_INTERNET_DISCONNECTED @ https://api.avest.fr/v1/transaction-activities?filter=%7B%22type%22:%22note%22,%22linkedDocument%22:%7B%22$in%22:%5B%2269e38dbc9ecc67b2d70cc31f%22,%2269e38dbb9ecc67b2d70cc13d%22%5D%7D%7D&sortField=completionDate&sortOrder=descending:0
[23542614ms] [ERROR] Failed to load resource: net::ERR_INTERNET_DISCONNECTED @ https://api.avest.fr/v1/listings?filter=%7B%22transactionType%22:%22sale%22,%22transactionModel%22:%2269e38dbc9ecc67b2d70cc31f%22%7D&group=69709812c0b6ac9d7a35154f:0
[23542614ms] [ERROR] Failed to load resource: net::ERR_INTERNET_DISCONNECTED @ https://api.avest.fr/v1/acquisition-tags?agencies=698cb2ce239dd6ab399bc522:0
[23542614ms] [ERROR] Failed to load resource: net::ERR_INTERNET_DISCONNECTED @ https://api.avest.fr/v1/listings?filter=%7B%22transactionType%22:%22sale%22,%22transactionModel%22:%2269e38dbc9ecc67b2d70cc31f%22%7D&agencies=698cb2ce239dd6ab399bc522&group=69709812c0b6ac9d7a35154f:0
[23542614ms] [ERROR] There is an error fetching the matching transactions AxiosError: Network Error
    at w.onerror (https://app.avest.fr/index.1779894461.js:85:16122)
    at tu.request (https://app.avest.fr/index.1779894461.js:87:2231)
    at async tu.request (https://app.avest.fr/index.1779894461.js:87:2135)
    at async queryFn (https://app.avest.fr/utils.17798944617.js:1:1167) @ https://app.avest.fr/utils.17798944617.js:0
[23542614ms] [ERROR] Failed to load resource: net::ERR_INTERNET_DISCONNECTED @ https://api.avest.fr/v1/sale/69e38dbc9ecc67b2d70cc31f/matching?steps=AQUL,ASRC:0
[23542614ms] [ERROR] Failed to load resource: net::ERR_INTERNET_DISCONNECTED @ https://api.avest.fr/v1/sale/69e38dbc9ecc67b2d70cc31f/activities?activityView=activitySummary:0
[23542614ms] [ERROR] Failed to load resource: net::ERR_INTERNET_DISCONNECTED @ https://api.avest.fr/v1/sale/69e38dbc9ecc67b2d70cc31f/visits?agencyGroup=69709812c0b6ac9d7a35154f&sortOrder=descending&sortField=lastUpdatedAt:0
[23542614ms] [ERROR] Failed to load resource: net::ERR_INTERNET_DISCONNECTED @ https://api.avest.fr/v1/sale/69e38dbc9ecc67b2d70cc31f/activities?activityView=pinned:0
[23542614ms] [ERROR] Failed to load resource: net::ERR_INTERNET_DISCONNECTED @ https://api.avest.fr/v1/visit-receipts?filter%5Bsale%5D=69e38dbc9ecc67b2d70cc31f:0
[23542614ms] [ERROR] Failed to load resource: net::ERR_INTERNET_DISCONNECTED @ https://api.avest.fr/v1/sale/69e38dbc9ecc67b2d70cc31f/activities?activityView=files:0
[23542614ms] [ERROR] Failed to load resource: net::ERR_INTERNET_DISCONNECTED @ https://api.avest.fr/v1/suggestions/sale/69e38dbc9ecc67b2d70cc31f:0
[23542614ms] [ERROR] Failed to load resource: net::ERR_INTERNET_DISCONNECTED @ https://api.avest.fr/v1/sale/69e38dbc9ecc67b2d70cc31f/activities?activityView=email:0
[23542615ms] [ERROR] Failed to load resource: net::ERR_INTERNET_DISCONNECTED @ https://api.avest.fr/v1/transactions/search?filter=%7B%7D&agencyGroup=69709812c0b6ac9d7a35154f&search=&saleIds%5B%5D=69e38dbc9ecc67b2d70cc31f&acquisitionIds%5B%5D=6a17e6859bb91d1947b47c38&acquisitionIds%5B%5D=6a17f8c99362c996f6e9711e:0
[23542615ms] [ERROR] Failed to load resource: net::ERR_INTERNET_DISCONNECTED @ https://api.avest.fr/v1/agencies?filter=%7B%22isActive%22:true%7D:0
[23542616ms] [ERROR] AxiosError: Network Error
    at w.onerror (https://app.avest.fr/index.1779894461.js:85:16122) @ https://app.avest.fr/index.1779894461.js:90
[23542617ms] [ERROR] Failed to load resource: net::ERR_INTERNET_DISCONNECTED @ https://api.avest.fr/v1/agency-groups:0
[23542617ms] [ERROR] Failed to load resource: net::ERR_INTERNET_DISCONNECTED @ https://api.avest.fr/v1/my-notary/sales/69e38dbc9ecc67b2d70cc31f/operation:0
[23542617ms] [ERROR] Failed to load resource: net::ERR_INTERNET_DISCONNECTED @ https://api.avest.fr/v1/website?agency=698cb2ce239dd6ab399bc522:0
[23542617ms] [ERROR] Failed to load resource: net::ERR_INTERNET_DISCONNECTED @ https://api.avest.fr/v1/agency/698cb2ce239dd6ab399bc522:0
[23542618ms] [ERROR] Failed to load resource: net::ERR_INTERNET_DISCONNECTED @ https://api.avest.fr/v1/sale/69e38dbc9ecc67b2d70cc31f:0
[23542619ms] [ERROR] AxiosError: Network Error
    at w.onerror (https://app.avest.fr/index.1779894461.js:85:16122) @ https://app.avest.fr/index.1779894461.js:90
[23542619ms] [ERROR] Failed to load resource: net::ERR_INTERNET_DISCONNECTED @ https://api.avest.fr/v1/user/698202ef3c7adb8c3df2520a?displayOnly=true:0
[23542619ms] [ERROR] Failed to load resource: net::ERR_INTERNET_DISCONNECTED @ https://api.avest.fr/v1/websites:0
[23542619ms] [ERROR] Failed to load resource: net::ERR_INTERNET_DISCONNECTED @ https://api.avest.fr/v1/account:0
[23542619ms] [ERROR] Failed to load resource: net::ERR_INTERNET_DISCONNECTED @ https://api.avest.fr/v1/rental-tags?agencies=698cb2ce239dd6ab399bc522:0
[23542619ms] [ERROR] Failed to load resource: net::ERR_INTERNET_DISCONNECTED @ https://api.avest.fr/v1/mailboxes:0
[23542619ms] [ERROR] Failed to load resource: net::ERR_INTERNET_DISCONNECTED @ https://api.avest.fr/v1/sale-tags?agencies=698cb2ce239dd6ab399bc522:0
[23542620ms] [ERROR] Failed to load resource: net::ERR_INTERNET_DISCONNECTED @ https://api.avest.fr/v1/acquisition/6a17177d02c59a6acc1a14be:0
[23542620ms] [ERROR] Failed to load resource: net::ERR_INTERNET_DISCONNECTED @ https://api.avest.fr/v1/acquisition/6a17f8c99362c996f6e9711e:0
[23542620ms] [ERROR] Failed to load resource: net::ERR_INTERNET_DISCONNECTED @ https://api.avest.fr/v1/acquisition/6a17e6859bb91d1947b47c38:0
[23542620ms] [ERROR] Failed to load resource: net::ERR_INTERNET_DISCONNECTED @ https://api.avest.fr/v1/acquisition/6a15a724feb2964bcd0731d7:0
[23542621ms] [ERROR] Failed to load resource: net::ERR_INTERNET_DISCONNECTED @ https://api.avest.fr/v1/acquisition/6a1687d9c92b2155901cd6f1:0
[23542621ms] [ERROR] Failed to load resource: net::ERR_INTERNET_DISCONNECTED @ https://api.avest.fr/v1/acquisition/6a16f6645731866124a8ca5f:0
[23542629ms] [ERROR] Failed to load resource: net::ERR_INTERNET_DISCONNECTED @ https://api.avest.fr/v1/acquisition/6a17255f411229cd9e8ba2d0:0
[23542630ms] [ERROR] Failed to load resource: net::ERR_INTERNET_DISCONNECTED @ https://api.avest.fr/v1/acquisition/6a16cb4c4754df734712eeb7:0
[23542639ms] [ERROR] Failed to load resource: net::ERR_INTERNET_DISCONNECTED @ https://api.avest.fr/v1/acquisition/6a1573a292eae0c2aad4c65b:0
[23542640ms] [ERROR] Failed to load resource: net::ERR_INTERNET_DISCONNECTED @ https://api.avest.fr/v1/acquisition/6a1589d7feb2964bcd5f6580:0
[23542640ms] [ERROR] Failed to load resource: net::ERR_INTERNET_DISCONNECTED @ https://api.avest.fr/v1/sale/69e38dbc9ecc67b2d70cc31f/next-activities:0
[23542641ms] [ERROR] Failed to load resource: net::ERR_INTERNET_DISCONNECTED @ https://api.avest.fr/v1/emailing-templates?agencies=698cb2ce239dd6ab399bc522:0
[23542643ms] [ERROR] Failed to load resource: net::ERR_INTERNET_DISCONNECTED @ https://api.avest.fr/v1/sms-templates?agencies=698cb2ce239dd6ab399bc522:0
[23542643ms] [ERROR] Failed to load resource: net::ERR_INTERNET_DISCONNECTED @ https://api.avest.fr/v1/acquisition/6a194a0efb64dc9164f65c7f:0
[24559190ms] [ERROR] WebSocket connection to 'wss://nexus-websocket-a.intercom.io/pubsub/5-Q97a96Qsh_bvCT3Yu2wSiJA6fb3jJzEAZA2GVFGHPqUsyIf2rCvI1jml0WC0gIS1RCKu-GEXSqbtUdi6b0pzTbnZf8MJSbU1bfMW?X-Nexus-New-Client=true&X-Nexus-Version=0.18.8&user_role=user' failed: Error in connection establishment: net::ERR_CONNECTION_TIMED_OUT @ https://js.intercomcdn.com/vendor-modern.60bbf292.js:1
[25542425ms] [ERROR] Failed to load resource: net::ERR_ADDRESS_UNREACHABLE @ https://app.avest.fr/meta.json?cb=1780067612248:0
[25542425ms] [ERROR] TypeError: Failed to fetch
    at queryFn (https://app.avest.fr/index.1779894461.js:91:59883)
    at Object.r [as fn] (https://app.avest.fr/index.1779894461.js:10:49504)
    at _ (https://app.avest.fr/index.1779894461.js:10:43962)
    at Object.start (https://app.avest.fr/index.1779894461.js:10:44423)
    at xV.fetch (https://app.avest.fr/index.1779894461.js:10:50313)
    at #h (https://app.avest.fr/index.1779894461.js:10:54922)
    at $V.fetch (https://app.avest.fr/index.1779894461.js:10:54809)
    at $V.refetch (https://app.avest.fr/index.1779894461.js:10:54621)
    at xV.onOnline (https://app.avest.fr/index.1779894461.js:10:48171)
    at https://app.avest.fr/index.1779894461.js:10:66700 @ https://app.avest.fr/index.1779894461.js:90
[25542426ms] [ERROR] Failed to load resource: net::ERR_ADDRESS_UNREACHABLE @ https://api.avest.fr/v1/listings?filter=%7B%22transactionType%22:%22sale%22,%22transactionModel%22:%2269e38dbc9ecc67b2d70cc31f%22%7D&agencies=698cb2ce239dd6ab399bc522&group=69709812c0b6ac9d7a35154f:0
[25542427ms] [ERROR] Failed to load resource: net::ERR_ADDRESS_UNREACHABLE @ https://api.avest.fr/v1/listings?filter=%7B%22transactionType%22:%22sale%22,%22transactionModel%22:%2269e38dbc9ecc67b2d70cc31f%22%7D&group=69709812c0b6ac9d7a35154f:0
[25542427ms] [ERROR] Failed to load resource: net::ERR_ADDRESS_UNREACHABLE @ https://api.avest.fr/v1/sale-tags?agencies=698cb2ce239dd6ab399bc522:0
[25542427ms] [ERROR] Failed to load resource: net::ERR_ADDRESS_UNREACHABLE @ https://api.avest.fr/v1/sale/69e38dbc9ecc67b2d70cc31f:0
[25542427ms] [ERROR] Failed to load resource: net::ERR_ADDRESS_UNREACHABLE @ https://api.avest.fr/v1/sale/69e38dbc9ecc67b2d70cc31f/other-projects:0
[25542427ms] [ERROR] Failed to load resource: net::ERR_ADDRESS_UNREACHABLE @ https://api.avest.fr/v1/mailboxes:0
[25542428ms] [ERROR] Failed to load resource: net::ERR_ADDRESS_UNREACHABLE @ https://api.avest.fr/v1/websites:0
[25542428ms] [ERROR] Failed to load resource: net::ERR_ADDRESS_UNREACHABLE @ https://api.avest.fr/v1/agency/698cb2ce239dd6ab399bc522:0
[25542428ms] [ERROR] Failed to load resource: net::ERR_ADDRESS_UNREACHABLE @ https://api.avest.fr/v1/website?agency=698cb2ce239dd6ab399bc522:0
[25542428ms] [ERROR] Failed to load resource: net::ERR_ADDRESS_UNREACHABLE @ https://api.avest.fr/v1/agencies?filter=%7B%22isActive%22:true%7D:0
[25542428ms] [ERROR] Failed to load resource: net::ERR_ADDRESS_UNREACHABLE @ https://api.avest.fr/v1/transactions/search?filter=%7B%7D&agencyGroup=69709812c0b6ac9d7a35154f&search=&saleIds%5B%5D=69e38dbc9ecc67b2d70cc31f&acquisitionIds%5B%5D=6a17e6859bb91d1947b47c38&acquisitionIds%5B%5D=6a17f8c99362c996f6e9711e:0
[25542430ms] [ERROR] Failed to load resource: net::ERR_ADDRESS_UNREACHABLE @ https://api.avest.fr/v1/account:0
[25542430ms] [ERROR] Failed to load resource: net::ERR_ADDRESS_UNREACHABLE @ https://api.avest.fr/v1/user/698202ef3c7adb8c3df2520a?displayOnly=true:0
[25542430ms] [ERROR] Failed to load resource: net::ERR_ADDRESS_UNREACHABLE @ https://api.avest.fr/v1/agency-groups:0
[25542430ms] [ERROR] Failed to load resource: net::ERR_ADDRESS_UNREACHABLE @ https://api.avest.fr/v1/my-notary/sales/69e38dbc9ecc67b2d70cc31f/operation:0
[25542430ms] [ERROR] Failed to load resource: net::ERR_ADDRESS_UNREACHABLE @ https://api.avest.fr/v1/rental-tags?agencies=698cb2ce239dd6ab399bc522:0
[25542431ms] [ERROR] Failed to load resource: net::ERR_ADDRESS_UNREACHABLE @ https://api.avest.fr/v1/acquisition-tags?agencies=698cb2ce239dd6ab399bc522:0
[25542431ms] [ERROR] Failed to load resource: net::ERR_ADDRESS_UNREACHABLE @ https://api.avest.fr/v1/transaction-activities?filter=%7B%22type%22:%22note%22,%22linkedDocument%22:%7B%22$in%22:%5B%2269e38dbc9ecc67b2d70cc31f%22,%2269e38dbb9ecc67b2d70cc13d%22%5D%7D%7D&sortField=completionDate&sortOrder=descending:0
[25542431ms] [ERROR] Failed to load resource: net::ERR_ADDRESS_UNREACHABLE @ https://api.avest.fr/v1/sale/69e38dbc9ecc67b2d70cc31f/activities?activityView=email:0
[25542431ms] [ERROR] Failed to load resource: net::ERR_ADDRESS_UNREACHABLE @ https://api.avest.fr/v1/sale/69e38dbc9ecc67b2d70cc31f/activities?activityView=files:0
[25542431ms] [ERROR] Failed to load resource: net::ERR_ADDRESS_UNREACHABLE @ https://api.avest.fr/v1/visit-receipts?filter%5Bsale%5D=69e38dbc9ecc67b2d70cc31f:0
[25542432ms] [ERROR] Failed to load resource: net::ERR_ADDRESS_UNREACHABLE @ https://api.avest.fr/v1/sale/69e38dbc9ecc67b2d70cc31f/visits?agencyGroup=69709812c0b6ac9d7a35154f&sortOrder=descending&sortField=lastUpdatedAt:0
[25542432ms] [ERROR] Failed to load resource: net::ERR_ADDRESS_UNREACHABLE @ https://api.avest.fr/v1/sale/69e38dbc9ecc67b2d70cc31f/matching?steps=AQUL,ASRC:0
[25542432ms] [ERROR] Failed to load resource: net::ERR_ADDRESS_UNREACHABLE @ https://api.avest.fr/v1/suggestions/sale/69e38dbc9ecc67b2d70cc31f:0
[25542432ms] [ERROR] Failed to load resource: net::ERR_ADDRESS_UNREACHABLE @ https://api.avest.fr/v1/sale/69e38dbc9ecc67b2d70cc31f/activities?activityView=pinned:0
[25542432ms] [ERROR] Failed to load resource: net::ERR_ADDRESS_UNREACHABLE @ https://api.avest.fr/v1/sale/69e38dbc9ecc67b2d70cc31f/activities?activityView=activitySummary:0
[25542433ms] [ERROR] Failed to load resource: net::ERR_ADDRESS_UNREACHABLE @ https://api.avest.fr/v1/sale/69e38dbc9ecc67b2d70cc31f/drive-links:0
[25542433ms] [ERROR] Failed to load resource: net::ERR_ADDRESS_UNREACHABLE @ https://api.avest.fr/v1/users?agencies=698cb2ce239dd6ab399bc522:0
[25542433ms] [ERROR] Failed to load resource: net::ERR_ADDRESS_UNREACHABLE @ https://api.avest.fr/v1/acquisition/6a189bd045b0d7114da90f46:0
[25542433ms] [ERROR] Failed to load resource: net::ERR_ADDRESS_UNREACHABLE @ https://api.avest.fr/v1/acquisition/6a17177d02c59a6acc1a14be:0
[25542437ms] [ERROR] Failed to load resource: net::ERR_ADDRESS_UNREACHABLE @ https://api.avest.fr/v1/acquisition/6a17f8c99362c996f6e9711e:0
[25542437ms] [ERROR] Failed to load resource: net::ERR_ADDRESS_UNREACHABLE @ https://api.avest.fr/v1/acquisition/6a17e6859bb91d1947b47c38:0
[25542437ms] [ERROR] Failed to load resource: net::ERR_ADDRESS_UNREACHABLE @ https://api.avest.fr/v1/acquisition/6a15a724feb2964bcd0731d7:0
[25542437ms] [ERROR] Failed to load resource: net::ERR_ADDRESS_UNREACHABLE @ https://api.avest.fr/v1/acquisition/6a1687d9c92b2155901cd6f1:0
[25542438ms] [ERROR] Failed to load resource: net::ERR_ADDRESS_UNREACHABLE @ https://api.avest.fr/v1/acquisition/6a16f6645731866124a8ca5f:0
[25542438ms] [ERROR] Failed to load resource: net::ERR_ADDRESS_UNREACHABLE @ https://api.avest.fr/v1/acquisition/6a17255f411229cd9e8ba2d0:0
[25542438ms] [ERROR] Failed to load resource: net::ERR_ADDRESS_UNREACHABLE @ https://api.avest.fr/v1/acquisition/6a16cb4c4754df734712eeb7:0
[25542438ms] [ERROR] Failed to load resource: net::ERR_ADDRESS_UNREACHABLE @ https://api.avest.fr/v1/acquisition/6a1573a292eae0c2aad4c65b:0
[25542438ms] [ERROR] Failed to load resource: net::ERR_ADDRESS_UNREACHABLE @ https://api.avest.fr/v1/acquisition/6a1589d7feb2964bcd5f6580:0
[25542438ms] [ERROR] Failed to load resource: net::ERR_ADDRESS_UNREACHABLE @ https://api.avest.fr/v1/sale/69e38dbc9ecc67b2d70cc31f/next-activities:0
[25542439ms] [ERROR] Failed to load resource: net::ERR_ADDRESS_UNREACHABLE @ https://api.avest.fr/v1/emailing-templates?agencies=698cb2ce239dd6ab399bc522:0
[25542439ms] [ERROR] Failed to load resource: net::ERR_ADDRESS_UNREACHABLE @ https://api.avest.fr/v1/sms-templates?agencies=698cb2ce239dd6ab399bc522:0
[25542440ms] [ERROR] Failed to load resource: net::ERR_ADDRESS_UNREACHABLE @ https://api.avest.fr/v1/acquisition/6a194a0efb64dc9164f65c7f:0
[25542441ms] [ERROR] Failed to load resource: net::ERR_ADDRESS_UNREACHABLE @ https://api.avest.fr/v1/listings?filter=%7B%22transactionType%22:%22sale%22,%22transactionModel%22:%2269e38dbc9ecc67b2d70cc31f%22%7D&agencies=698cb2ce239dd6ab399bc522&group=69709812c0b6ac9d7a35154f:0
[25542441ms] [ERROR] Failed to load resource: net::ERR_ADDRESS_UNREACHABLE @ https://api.avest.fr/v1/listings?filter=%7B%22transactionType%22:%22sale%22,%22transactionModel%22:%2269e38dbc9ecc67b2d70cc31f%22%7D&group=69709812c0b6ac9d7a35154f:0
[25542441ms] [ERROR] Failed to load resource: net::ERR_ADDRESS_UNREACHABLE @ https://api.avest.fr/v1/sale-tags?agencies=698cb2ce239dd6ab399bc522:0
[25542442ms] [ERROR] Failed to load resource: net::ERR_ADDRESS_UNREACHABLE @ https://api.avest.fr/v1/sale/69e38dbc9ecc67b2d70cc31f:0
[25542442ms] [ERROR] Failed to load resource: net::ERR_ADDRESS_UNREACHABLE @ https://api.avest.fr/v1/sale/69e38dbc9ecc67b2d70cc31f/other-projects:0
[25542442ms] [ERROR] Failed to load resource: net::ERR_ADDRESS_UNREACHABLE @ https://api.avest.fr/v1/mailboxes:0
[25542442ms] [ERROR] Failed to load resource: net::ERR_ADDRESS_UNREACHABLE @ https://api.avest.fr/v1/websites:0
[25542442ms] [ERROR] Failed to load resource: net::ERR_ADDRESS_UNREACHABLE @ https://api.avest.fr/v1/agency/698cb2ce239dd6ab399bc522:0
[25542442ms] [ERROR] Failed to load resource: net::ERR_ADDRESS_UNREACHABLE @ https://api.avest.fr/v1/website?agency=698cb2ce239dd6ab399bc522:0
[25542442ms] [ERROR] Failed to load resource: net::ERR_ADDRESS_UNREACHABLE @ https://api.avest.fr/v1/agencies?filter=%7B%22isActive%22:true%7D:0
[25542442ms] [ERROR] Failed to load resource: net::ERR_ADDRESS_UNREACHABLE @ https://api.avest.fr/v1/transactions/search?filter=%7B%7D&agencyGroup=69709812c0b6ac9d7a35154f&search=&saleIds%5B%5D=69e38dbc9ecc67b2d70cc31f&acquisitionIds%5B%5D=6a17e6859bb91d1947b47c38&acquisitionIds%5B%5D=6a17f8c99362c996f6e9711e:0
[25542443ms] [ERROR] Failed to load resource: net::ERR_ADDRESS_UNREACHABLE @ https://api.avest.fr/v1/account:0
[25542443ms] [ERROR] AxiosError: Network Error
    at w.onerror (https://app.avest.fr/index.1779894461.js:85:16122) @ https://app.avest.fr/index.1779894461.js:90
[25542443ms] [ERROR] Failed to load resource: net::ERR_ADDRESS_UNREACHABLE @ https://api.avest.fr/v1/user/698202ef3c7adb8c3df2520a?displayOnly=true:0
[25542443ms] [ERROR] AxiosError: Network Error
    at w.onerror (https://app.avest.fr/index.1779894461.js:85:16122) @ https://app.avest.fr/index.1779894461.js:90
[25542443ms] [ERROR] Failed to load resource: net::ERR_ADDRESS_UNREACHABLE @ https://api.avest.fr/v1/agency-groups:0
[25542443ms] [ERROR] Failed to load resource: net::ERR_ADDRESS_UNREACHABLE @ https://api.avest.fr/v1/my-notary/sales/69e38dbc9ecc67b2d70cc31f/operation:0
[25542443ms] [ERROR] Failed to load resource: net::ERR_ADDRESS_UNREACHABLE @ https://api.avest.fr/v1/rental-tags?agencies=698cb2ce239dd6ab399bc522:0
[25542443ms] [ERROR] Failed to load resource: net::ERR_ADDRESS_UNREACHABLE @ https://api.avest.fr/v1/acquisition-tags?agencies=698cb2ce239dd6ab399bc522:0
[25542443ms] [ERROR] Failed to load resource: net::ERR_ADDRESS_UNREACHABLE @ https://api.avest.fr/v1/transaction-activities?filter=%7B%22type%22:%22note%22,%22linkedDocument%22:%7B%22$in%22:%5B%2269e38dbc9ecc67b2d70cc31f%22,%2269e38dbb9ecc67b2d70cc13d%22%5D%7D%7D&sortField=completionDate&sortOrder=descending:0
[25542443ms] [ERROR] Failed to load resource: net::ERR_ADDRESS_UNREACHABLE @ https://api.avest.fr/v1/sale/69e38dbc9ecc67b2d70cc31f/activities?activityView=email:0
[25542444ms] [ERROR] Failed to load resource: net::ERR_ADDRESS_UNREACHABLE @ https://api.avest.fr/v1/sale/69e38dbc9ecc67b2d70cc31f/activities?activityView=files:0
[25542444ms] [ERROR] Failed to load resource: net::ERR_ADDRESS_UNREACHABLE @ https://api.avest.fr/v1/visit-receipts?filter%5Bsale%5D=69e38dbc9ecc67b2d70cc31f:0
[25542444ms] [ERROR] Failed to load resource: net::ERR_ADDRESS_UNREACHABLE @ https://api.avest.fr/v1/sale/69e38dbc9ecc67b2d70cc31f/visits?agencyGroup=69709812c0b6ac9d7a35154f&sortOrder=descending&sortField=lastUpdatedAt:0
[25542444ms] [ERROR] There is an error fetching the matching transactions AxiosError: Network Error
    at w.onerror (https://app.avest.fr/index.1779894461.js:85:16122)
    at tu.request (https://app.avest.fr/index.1779894461.js:87:2231)
    at async tu.request (https://app.avest.fr/index.1779894461.js:87:2135)
    at async queryFn (https://app.avest.fr/utils.17798944617.js:1:1167) @ https://app.avest.fr/utils.17798944617.js:0
[25542444ms] [ERROR] Failed to load resource: net::ERR_ADDRESS_UNREACHABLE @ https://api.avest.fr/v1/sale/69e38dbc9ecc67b2d70cc31f/matching?steps=AQUL,ASRC:0
[25542444ms] [ERROR] Failed to load resource: net::ERR_ADDRESS_UNREACHABLE @ https://api.avest.fr/v1/suggestions/sale/69e38dbc9ecc67b2d70cc31f:0
[25542444ms] [ERROR] Failed to load resource: net::ERR_ADDRESS_UNREACHABLE @ https://api.avest.fr/v1/sale/69e38dbc9ecc67b2d70cc31f/activities?activityView=pinned:0
[25542444ms] [ERROR] Failed to load resource: net::ERR_ADDRESS_UNREACHABLE @ https://api.avest.fr/v1/sale/69e38dbc9ecc67b2d70cc31f/activities?activityView=activitySummary:0
[25542444ms] [ERROR] Failed to load resource: net::ERR_ADDRESS_UNREACHABLE @ https://api.avest.fr/v1/sale/69e38dbc9ecc67b2d70cc31f/drive-links:0
[25542444ms] [ERROR] Failed to load resource: net::ERR_ADDRESS_UNREACHABLE @ https://api.avest.fr/v1/users?agencies=698cb2ce239dd6ab399bc522:0
[25542444ms] [ERROR] Failed to load resource: net::ERR_ADDRESS_UNREACHABLE @ https://api.avest.fr/v1/acquisition/6a189bd045b0d7114da90f46:0
[25542450ms] [ERROR] Failed to load resource: net::ERR_ADDRESS_UNREACHABLE @ https://api.avest.fr/v1/acquisition/6a17177d02c59a6acc1a14be:0
[25542450ms] [ERROR] Failed to load resource: net::ERR_ADDRESS_UNREACHABLE @ https://api.avest.fr/v1/acquisition/6a17f8c99362c996f6e9711e:0
[25542450ms] [ERROR] Failed to load resource: net::ERR_ADDRESS_UNREACHABLE @ https://api.avest.fr/v1/acquisition/6a17e6859bb91d1947b47c38:0
[25542450ms] [ERROR] Failed to load resource: net::ERR_ADDRESS_UNREACHABLE @ https://api.avest.fr/v1/acquisition/6a15a724feb2964bcd0731d7:0
[25542450ms] [ERROR] Failed to load resource: net::ERR_ADDRESS_UNREACHABLE @ https://api.avest.fr/v1/acquisition/6a1687d9c92b2155901cd6f1:0
[25542450ms] [ERROR] Failed to load resource: net::ERR_ADDRESS_UNREACHABLE @ https://api.avest.fr/v1/acquisition/6a16f6645731866124a8ca5f:0
[25542450ms] [ERROR] Failed to load resource: net::ERR_ADDRESS_UNREACHABLE @ https://api.avest.fr/v1/acquisition/6a17255f411229cd9e8ba2d0:0
[25542450ms] [ERROR] Failed to load resource: net::ERR_ADDRESS_UNREACHABLE @ https://api.avest.fr/v1/acquisition/6a16cb4c4754df734712eeb7:0
[25542451ms] [ERROR] Failed to load resource: net::ERR_ADDRESS_UNREACHABLE @ https://api.avest.fr/v1/acquisition/6a1573a292eae0c2aad4c65b:0
[25542451ms] [ERROR] Failed to load resource: net::ERR_ADDRESS_UNREACHABLE @ https://api.avest.fr/v1/acquisition/6a1589d7feb2964bcd5f6580:0
[25542451ms] [ERROR] Failed to load resource: net::ERR_ADDRESS_UNREACHABLE @ https://api.avest.fr/v1/sale/69e38dbc9ecc67b2d70cc31f/next-activities:0
[25542451ms] [ERROR] Failed to load resource: net::ERR_ADDRESS_UNREACHABLE @ https://api.avest.fr/v1/emailing-templates?agencies=698cb2ce239dd6ab399bc522:0
[25542452ms] [ERROR] Failed to load resource: net::ERR_ADDRESS_UNREACHABLE @ https://api.avest.fr/v1/sms-templates?agencies=698cb2ce239dd6ab399bc522:0
[25542452ms] [ERROR] Failed to load resource: net::ERR_ADDRESS_UNREACHABLE @ https://api.avest.fr/v1/acquisition/6a194a0efb64dc9164f65c7f:0
[25542452ms] [ERROR] WebSocket connection to 'wss://nexus-websocket-a.intercom.io/pubsub/5-Q97a96Qsh_bvCT3Yu2wSiJA6fb3jJzEAZA2GVFGHPqUsyIf2rCvI1jml0WC0gIS1RCKu-GEXSqbtUdi6b0pzTbnZf8MJSbU1bfMW?X-Nexus-New-Client=true&X-Nexus-Version=0.18.8&user_role=user' failed: Error in connection establishment: net::ERR_ADDRESS_UNREACHABLE @ https://js.intercomcdn.com/vendor-modern.60bbf292.js:1
[25546704ms] [ERROR] WebSocket connection to 'wss://nexus-websocket-a.intercom.io/pubsub/5-Q97a96Qsh_bvCT3Yu2wSiJA6fb3jJzEAZA2GVFGHPqUsyIf2rCvI1jml0WC0gIS1RCKu-GEXSqbtUdi6b0pzTbnZf8MJSbU1bfMW?X-Nexus-New-Client=true&X-Nexus-Version=0.18.8&user_role=user' failed: Error in connection establishment: net::ERR_INTERNET_DISCONNECTED @ https://js.intercomcdn.com/vendor-modern.60bbf292.js:1
[25556399ms] [ERROR] WebSocket connection to 'wss://nexus-websocket-a.intercom.io/pubsub/5-Q97a96Qsh_bvCT3Yu2wSiJA6fb3jJzEAZA2GVFGHPqUsyIf2rCvI1jml0WC0gIS1RCKu-GEXSqbtUdi6b0pzTbnZf8MJSbU1bfMW?X-Nexus-New-Client=true&X-Nexus-Version=0.18.8&user_role=user' failed: Error in connection establishment: net::ERR_INTERNET_DISCONNECTED @ https://js.intercomcdn.com/vendor-modern.60bbf292.js:1
[25571381ms] [ERROR] WebSocket connection to 'wss://nexus-websocket-a.intercom.io/pubsub/5-Q97a96Qsh_bvCT3Yu2wSiJA6fb3jJzEAZA2GVFGHPqUsyIf2rCvI1jml0WC0gIS1RCKu-GEXSqbtUdi6b0pzTbnZf8MJSbU1bfMW?X-Nexus-New-Client=true&X-Nexus-Version=0.18.8&user_role=user' failed: Error in connection establishment: net::ERR_INTERNET_DISCONNECTED @ https://js.intercomcdn.com/vendor-modern.60bbf292.js:1
[25597277ms] [ERROR] WebSocket connection to 'wss://nexus-websocket-a.intercom.io/pubsub/5-Q97a96Qsh_bvCT3Yu2wSiJA6fb3jJzEAZA2GVFGHPqUsyIf2rCvI1jml0WC0gIS1RCKu-GEXSqbtUdi6b0pzTbnZf8MJSbU1bfMW?X-Nexus-New-Client=true&X-Nexus-Version=0.18.8&user_role=user' failed: Error in connection establishment: net::ERR_INTERNET_DISCONNECTED @ https://js.intercomcdn.com/vendor-modern.60bbf292.js:1
[25634525ms] [ERROR] WebSocket connection to 'wss://nexus-websocket-a.intercom.io/pubsub/5-Q97a96Qsh_bvCT3Yu2wSiJA6fb3jJzEAZA2GVFGHPqUsyIf2rCvI1jml0WC0gIS1RCKu-GEXSqbtUdi6b0pzTbnZf8MJSbU1bfMW?X-Nexus-New-Client=true&X-Nexus-Version=0.18.8&user_role=user' failed: Error in connection establishment: net::ERR_INTERNET_DISCONNECTED @ https://js.intercomcdn.com/vendor-modern.60bbf292.js:1
[26651055ms] [ERROR] WebSocket connection to 'wss://nexus-websocket-a.intercom.io/pubsub/5-Q97a96Qsh_bvCT3Yu2wSiJA6fb3jJzEAZA2GVFGHPqUsyIf2rCvI1jml0WC0gIS1RCKu-GEXSqbtUdi6b0pzTbnZf8MJSbU1bfMW?X-Nexus-New-Client=true&X-Nexus-Version=0.18.8&user_role=user' failed: Error in connection establishment: net::ERR_INTERNET_DISCONNECTED @ https://js.intercomcdn.com/vendor-modern.60bbf292.js:1
[26665270ms] [ERROR] Failed to load resource: net::ERR_INTERNET_DISCONNECTED @ https://app.avest.fr/r/flags/?v=2&ip=0&_=1780068735108&ver=1.372.10&compression=base64:0
[26723355ms] [ERROR] WebSocket connection to 'wss://nexus-websocket-a.intercom.io/pubsub/5-Q97a96Qsh_bvCT3Yu2wSiJA6fb3jJzEAZA2GVFGHPqUsyIf2rCvI1jml0WC0gIS1RCKu-GEXSqbtUdi6b0pzTbnZf8MJSbU1bfMW?X-Nexus-New-Client=true&X-Nexus-Version=0.18.8&user_role=user' failed: Error in connection establishment: net::ERR_INTERNET_DISCONNECTED @ https://js.intercomcdn.com/vendor-modern.60bbf292.js:1
[28151574ms] [ERROR] Failed to load resource: net::ERR_NETWORK_CHANGED @ https://app.avest.fr/meta.json?cb=1780070221259:0
[28151576ms] [ERROR] TypeError: Failed to fetch
    at queryFn (https://app.avest.fr/index.1779894461.js:91:59883)
    at Object.r [as fn] (https://app.avest.fr/index.1779894461.js:10:49504)
    at _ (https://app.avest.fr/index.1779894461.js:10:43962) @ https://app.avest.fr/index.1779894461.js:90
[28151577ms] [ERROR] Failed to load resource: net::ERR_NETWORK_CHANGED @ https://api.avest.fr/v1/agency/698cb2ce239dd6ab399bc522:0
[28151578ms] [ERROR] Failed to load resource: net::ERR_NETWORK_CHANGED @ https://api.avest.fr/v1/agency-groups:0
[28151578ms] [ERROR] Failed to load resource: net::ERR_NETWORK_CHANGED @ https://api.avest.fr/v1/my-notary/sales/69e38dbc9ecc67b2d70cc31f/operation:0
[28151579ms] [ERROR] Failed to load resource: net::ERR_NETWORK_CHANGED @ https://api.avest.fr/v1/user/698202ef3c7adb8c3df2520a?displayOnly=true:0
[28151579ms] [ERROR] Failed to load resource: net::ERR_NETWORK_CHANGED @ https://api.avest.fr/v1/mailboxes:0
[28151582ms] [ERROR] Failed to load resource: net::ERR_NETWORK_CHANGED @ https://api.avest.fr/v1/websites:0
[28151582ms] [ERROR] Failed to load resource: net::ERR_NETWORK_CHANGED @ https://api.avest.fr/v1/website?agency=698cb2ce239dd6ab399bc522:0
[28151582ms] [ERROR] Failed to load resource: net::ERR_NETWORK_CHANGED @ https://api.avest.fr/v1/agencies?filter=%7B%22isActive%22:true%7D:0
[28151584ms] [ERROR] Failed to load resource: net::ERR_NETWORK_CHANGED @ https://api.avest.fr/v1/transactions/search?filter=%7B%7D&agencyGroup=69709812c0b6ac9d7a35154f&search=&saleIds%5B%5D=69e38dbc9ecc67b2d70cc31f&acquisitionIds%5B%5D=6a17e6859bb91d1947b47c38&acquisitionIds%5B%5D=6a17f8c99362c996f6e9711e:0
[28151584ms] [ERROR] Failed to load resource: net::ERR_NETWORK_CHANGED @ https://api.avest.fr/v1/account:0
[28151584ms] [ERROR] Failed to load resource: net::ERR_NETWORK_CHANGED @ https://api.avest.fr/v1/sale/69e38dbc9ecc67b2d70cc31f:0
[28151585ms] [ERROR] Failed to load resource: net::ERR_NETWORK_CHANGED @ https://api.avest.fr/v1/sale/69e38dbc9ecc67b2d70cc31f/other-projects:0
[28151585ms] [ERROR] Failed to load resource: net::ERR_NETWORK_CHANGED @ https://api.avest.fr/v1/listings?filter=%7B%22transactionType%22:%22sale%22,%22transactionModel%22:%2269e38dbc9ecc67b2d70cc31f%22%7D&agencies=698cb2ce239dd6ab399bc522&group=69709812c0b6ac9d7a35154f:0
[28151585ms] [ERROR] Failed to load resource: net::ERR_NETWORK_CHANGED @ https://api.avest.fr/v1/listings?filter=%7B%22transactionType%22:%22sale%22,%22transactionModel%22:%2269e38dbc9ecc67b2d70cc31f%22%7D&group=69709812c0b6ac9d7a35154f:0
[28151585ms] [ERROR] Failed to load resource: net::ERR_NETWORK_CHANGED @ https://api.avest.fr/v1/sale-tags?agencies=698cb2ce239dd6ab399bc522:0
[28151586ms] [ERROR] Failed to load resource: net::ERR_NETWORK_CHANGED @ https://api.avest.fr/v1/rental-tags?agencies=698cb2ce239dd6ab399bc522:0
[28151586ms] [ERROR] Failed to load resource: net::ERR_NETWORK_CHANGED @ https://api.avest.fr/v1/acquisition-tags?agencies=698cb2ce239dd6ab399bc522:0
[28151586ms] [ERROR] Failed to load resource: net::ERR_NETWORK_CHANGED @ https://api.avest.fr/v1/transaction-activities?filter=%7B%22type%22:%22note%22,%22linkedDocument%22:%7B%22$in%22:%5B%2269e38dbc9ecc67b2d70cc31f%22,%2269e38dbb9ecc67b2d70cc13d%22%5D%7D%7D&sortField=completionDate&sortOrder=descending:0
[28151592ms] [ERROR] Failed to load resource: net::ERR_NETWORK_CHANGED @ https://api.avest.fr/v1/sale/69e38dbc9ecc67b2d70cc31f/activities?activityView=email:0
[28151592ms] [ERROR] Failed to load resource: net::ERR_NETWORK_CHANGED @ https://api.avest.fr/v1/sale/69e38dbc9ecc67b2d70cc31f/activities?activityView=files:0
[28151592ms] [ERROR] Failed to load resource: net::ERR_NETWORK_CHANGED @ https://api.avest.fr/v1/visit-receipts?filter%5Bsale%5D=69e38dbc9ecc67b2d70cc31f:0
[28151593ms] [ERROR] Failed to load resource: net::ERR_NETWORK_CHANGED @ https://api.avest.fr/v1/sale/69e38dbc9ecc67b2d70cc31f/visits?agencyGroup=69709812c0b6ac9d7a35154f&sortOrder=descending&sortField=lastUpdatedAt:0
[28151593ms] [ERROR] Failed to load resource: net::ERR_NETWORK_CHANGED @ https://api.avest.fr/v1/sale/69e38dbc9ecc67b2d70cc31f/matching?steps=AQUL,ASRC:0
[28151593ms] [ERROR] Failed to load resource: net::ERR_NETWORK_CHANGED @ https://api.avest.fr/v1/suggestions/sale/69e38dbc9ecc67b2d70cc31f:0
[28151594ms] [ERROR] Failed to load resource: net::ERR_NETWORK_CHANGED @ https://api.avest.fr/v1/sale/69e38dbc9ecc67b2d70cc31f/activities?activityView=pinned:0
[28151594ms] [ERROR] Failed to load resource: net::ERR_NETWORK_CHANGED @ https://api.avest.fr/v1/sale/69e38dbc9ecc67b2d70cc31f/activities?activityView=activitySummary:0
[28151594ms] [ERROR] Failed to load resource: net::ERR_NETWORK_CHANGED @ https://api.avest.fr/v1/sale/69e38dbc9ecc67b2d70cc31f/drive-links:0
[28151595ms] [ERROR] Failed to load resource: net::ERR_NETWORK_CHANGED @ https://api.avest.fr/v1/users?agencies=698cb2ce239dd6ab399bc522:0
[28151595ms] [ERROR] Failed to load resource: net::ERR_NETWORK_CHANGED @ https://api.avest.fr/v1/acquisition/6a189bd045b0d7114da90f46:0
[28151595ms] [ERROR] Failed to load resource: net::ERR_NETWORK_CHANGED @ https://api.avest.fr/v1/acquisition/6a17177d02c59a6acc1a14be:0
[28151595ms] [ERROR] Failed to load resource: net::ERR_NETWORK_CHANGED @ https://api.avest.fr/v1/acquisition/6a17f8c99362c996f6e9711e:0
[28151598ms] [ERROR] Failed to load resource: net::ERR_NETWORK_CHANGED @ https://api.avest.fr/v1/acquisition/6a17e6859bb91d1947b47c38:0
[28151598ms] [ERROR] Failed to load resource: net::ERR_NETWORK_CHANGED @ https://api.avest.fr/v1/acquisition/6a15a724feb2964bcd0731d7:0
[28151600ms] [ERROR] Failed to load resource: net::ERR_NETWORK_CHANGED @ https://api.avest.fr/v1/acquisition/6a1687d9c92b2155901cd6f1:0
[28151600ms] [ERROR] Failed to load resource: net::ERR_NETWORK_CHANGED @ https://api.avest.fr/v1/acquisition/6a16f6645731866124a8ca5f:0
[28151601ms] [ERROR] Failed to load resource: net::ERR_NETWORK_CHANGED @ https://api.avest.fr/v1/acquisition/6a17255f411229cd9e8ba2d0:0
[28151601ms] [ERROR] Failed to load resource: net::ERR_NETWORK_CHANGED @ https://api.avest.fr/v1/acquisition/6a16cb4c4754df734712eeb7:0
[28151601ms] [ERROR] Failed to load resource: net::ERR_NETWORK_CHANGED @ https://api.avest.fr/v1/acquisition/6a1573a292eae0c2aad4c65b:0
[28151601ms] [ERROR] Failed to load resource: net::ERR_NETWORK_CHANGED @ https://api.avest.fr/v1/acquisition/6a1589d7feb2964bcd5f6580:0
[28151601ms] [ERROR] Failed to load resource: net::ERR_NETWORK_CHANGED @ https://api.avest.fr/v1/sale/69e38dbc9ecc67b2d70cc31f/next-activities:0
[28151601ms] [ERROR] Failed to load resource: net::ERR_NETWORK_CHANGED @ https://api.avest.fr/v1/emailing-templates?agencies=698cb2ce239dd6ab399bc522:0
[28151601ms] [ERROR] Failed to load resource: net::ERR_NETWORK_CHANGED @ https://api.avest.fr/v1/sms-templates?agencies=698cb2ce239dd6ab399bc522:0
[28151602ms] [ERROR] Failed to load resource: net::ERR_NETWORK_CHANGED @ https://api.avest.fr/v1/acquisition/6a194a0efb64dc9164f65c7f:0
[28151616ms] [ERROR] AxiosError: Network Error
    at w.onerror (https://app.avest.fr/index.1779894461.js:85:16122) @ https://app.avest.fr/index.1779894461.js:90
[28151617ms] [ERROR] Failed to load resource: net::ERR_ADDRESS_UNREACHABLE @ https://api.avest.fr/v1/sale/69e38dbc9ecc67b2d70cc31f/activities?activityView=activitySummary:0
[28151617ms] [ERROR] AxiosError: Network Error
    at w.onerror (https://app.avest.fr/index.1779894461.js:85:16122) @ https://app.avest.fr/index.1779894461.js:90
[28151617ms] [ERROR] Failed to load resource: net::ERR_ADDRESS_UNREACHABLE @ https://api.avest.fr/v1/sale/69e38dbc9ecc67b2d70cc31f/drive-links:0
[28151617ms] [ERROR] There is an error fetching the matching transactions AxiosError: Network Error
    at w.onerror (https://app.avest.fr/index.1779894461.js:85:16122)
    at tu.request (https://app.avest.fr/index.1779894461.js:87:2231)
    at async tu.request (https://app.avest.fr/index.1779894461.js:87:2135)
    at async queryFn (https://app.avest.fr/utils.17798944617.js:1:1167) @ https://app.avest.fr/utils.17798944617.js:0
[28151617ms] [ERROR] AxiosError: Network Error
    at w.onerror (https://app.avest.fr/index.1779894461.js:85:16122)
    at tu.request (https://app.avest.fr/index.1779894461.js:87:2231)
    at async tu.request (https://app.avest.fr/index.1779894461.js:87:2135)
    at async queryFn (https://app.avest.fr/utils.17798944617.js:1:1167) @ https://app.avest.fr/index.1779894461.js:90
[28151617ms] [ERROR] Failed to load resource: net::ERR_ADDRESS_UNREACHABLE @ https://api.avest.fr/v1/sale/69e38dbc9ecc67b2d70cc31f/matching?steps=AQUL,ASRC:0
[28151617ms] [ERROR] AxiosError: Network Error
    at w.onerror (https://app.avest.fr/index.1779894461.js:85:16122) @ https://app.avest.fr/index.1779894461.js:90
[28151617ms] [ERROR] Failed to load resource: net::ERR_ADDRESS_UNREACHABLE @ https://api.avest.fr/v1/sale/69e38dbc9ecc67b2d70cc31f/activities?activityView=pinned:0
[28151617ms] [ERROR] AxiosError: Network Error
    at w.onerror (https://app.avest.fr/index.1779894461.js:85:16122) @ https://app.avest.fr/index.1779894461.js:90
[28151617ms] [ERROR] Failed to load resource: net::ERR_ADDRESS_UNREACHABLE @ https://api.avest.fr/v1/sale/69e38dbc9ecc67b2d70cc31f/visits?agencyGroup=69709812c0b6ac9d7a35154f&sortOrder=descending&sortField=lastUpdatedAt:0
[28151617ms] [ERROR] AxiosError: Network Error
    at w.onerror (https://app.avest.fr/index.1779894461.js:85:16122) @ https://app.avest.fr/index.1779894461.js:90
[28151617ms] [ERROR] Failed to load resource: net::ERR_ADDRESS_UNREACHABLE @ https://api.avest.fr/v1/visit-receipts?filter%5Bsale%5D=69e38dbc9ecc67b2d70cc31f:0
[28151618ms] [ERROR] AxiosError: Network Error
    at w.onerror (https://app.avest.fr/index.1779894461.js:85:16122) @ https://app.avest.fr/index.1779894461.js:90
[28151618ms] [ERROR] Failed to load resource: net::ERR_ADDRESS_UNREACHABLE @ https://api.avest.fr/v1/suggestions/sale/69e38dbc9ecc67b2d70cc31f:0
[28151618ms] [ERROR] AxiosError: Network Error
    at w.onerror (https://app.avest.fr/index.1779894461.js:85:16122) @ https://app.avest.fr/index.1779894461.js:90
[28151618ms] [ERROR] Failed to load resource: net::ERR_ADDRESS_UNREACHABLE @ https://api.avest.fr/v1/sale/69e38dbc9ecc67b2d70cc31f/activities?activityView=files:0
[28151618ms] [ERROR] Failed to load resource: net::ERR_ADDRESS_UNREACHABLE @ https://api.avest.fr/v1/my-notary/sales/69e38dbc9ecc67b2d70cc31f/operation:0
[28151618ms] [ERROR] AxiosError: Network Error
    at w.onerror (https://app.avest.fr/index.1779894461.js:85:16122) @ https://app.avest.fr/index.1779894461.js:90
[28151618ms] [ERROR] Failed to load resource: net::ERR_ADDRESS_UNREACHABLE @ https://api.avest.fr/v1/agency-groups:0
[28151636ms] [ERROR] AxiosError: Network Error
    at w.onerror (https://app.avest.fr/index.1779894461.js:85:16122) @ https://app.avest.fr/index.1779894461.js:90
[28151636ms] [ERROR] Failed to load resource: net::ERR_ADDRESS_UNREACHABLE @ https://api.avest.fr/v1/mailboxes:0
[28151659ms] [ERROR] Failed to load resource: net::ERR_ADDRESS_UNREACHABLE @ https://api.avest.fr/v1/agency/698cb2ce239dd6ab399bc522:0
[28151729ms] [ERROR] AxiosError: Network Error
    at w.onerror (https://app.avest.fr/index.1779894461.js:85:16122) @ https://app.avest.fr/index.1779894461.js:90
[28151730ms] [ERROR] Failed to load resource: net::ERR_ADDRESS_UNREACHABLE @ https://api.avest.fr/v1/user/698202ef3c7adb8c3df2520a?displayOnly=true:0
[28151735ms] [ERROR] AxiosError: Network Error
    at w.onerror (https://app.avest.fr/index.1779894461.js:85:16122) @ https://app.avest.fr/index.1779894461.js:90
[28151735ms] [ERROR] Failed to load resource: net::ERR_ADDRESS_UNREACHABLE @ https://api.avest.fr/v1/sale/69e38dbc9ecc67b2d70cc31f/activities?activityView=email:0
[28151764ms] [ERROR] AxiosError: Network Error
    at w.onerror (https://app.avest.fr/index.1779894461.js:85:16122) @ https://app.avest.fr/index.1779894461.js:90
[28151764ms] [ERROR] Failed to load resource: net::ERR_ADDRESS_UNREACHABLE @ https://api.avest.fr/v1/rental-tags?agencies=698cb2ce239dd6ab399bc522:0
[28151770ms] [ERROR] AxiosError: Network Error
    at w.onerror (https://app.avest.fr/index.1779894461.js:85:16122) @ https://app.avest.fr/index.1779894461.js:90
[28151770ms] [ERROR] Failed to load resource: net::ERR_ADDRESS_UNREACHABLE @ https://api.avest.fr/v1/sale-tags?agencies=698cb2ce239dd6ab399bc522:0
[28151771ms] [ERROR] AxiosError: Network Error
    at w.onerror (https://app.avest.fr/index.1779894461.js:85:16122) @ https://app.avest.fr/index.1779894461.js:90
[28151771ms] [ERROR] Failed to load resource: net::ERR_ADDRESS_UNREACHABLE @ https://api.avest.fr/v1/transaction-activities?filter=%7B%22type%22:%22note%22,%22linkedDocument%22:%7B%22$in%22:%5B%2269e38dbc9ecc67b2d70cc31f%22,%2269e38dbb9ecc67b2d70cc13d%22%5D%7D%7D&sortField=completionDate&sortOrder=descending:0
[28151772ms] [ERROR] AxiosError: Network Error
    at w.onerror (https://app.avest.fr/index.1779894461.js:85:16122) @ https://app.avest.fr/index.1779894461.js:90
[28151772ms] [ERROR] Failed to load resource: net::ERR_ADDRESS_UNREACHABLE @ https://api.avest.fr/v1/listings?filter=%7B%22transactionType%22:%22sale%22,%22transactionModel%22:%2269e38dbc9ecc67b2d70cc31f%22%7D&group=69709812c0b6ac9d7a35154f:0
[28151772ms] [ERROR] AxiosError: Network Error
    at w.onerror (https://app.avest.fr/index.1779894461.js:85:16122) @ https://app.avest.fr/index.1779894461.js:90
[28151773ms] [ERROR] Failed to load resource: net::ERR_ADDRESS_UNREACHABLE @ https://api.avest.fr/v1/listings?filter=%7B%22transactionType%22:%22sale%22,%22transactionModel%22:%2269e38dbc9ecc67b2d70cc31f%22%7D&agencies=698cb2ce239dd6ab399bc522&group=69709812c0b6ac9d7a35154f:0
[28151773ms] [ERROR] AxiosError: Network Error
    at w.onerror (https://app.avest.fr/index.1779894461.js:85:16122) @ https://app.avest.fr/index.1779894461.js:90
[28151773ms] [ERROR] Failed to load resource: net::ERR_ADDRESS_UNREACHABLE @ https://api.avest.fr/v1/acquisition-tags?agencies=698cb2ce239dd6ab399bc522:0
[28151773ms] [ERROR] Failed to load resource: net::ERR_ADDRESS_UNREACHABLE @ https://api.avest.fr/v1/acquisition/6a1589d7feb2964bcd5f6580:0
[28151773ms] [ERROR] Failed to load resource: net::ERR_ADDRESS_UNREACHABLE @ https://api.avest.fr/v1/acquisition/6a16cb4c4754df734712eeb7:0
[28151773ms] [ERROR] Failed to load resource: net::ERR_ADDRESS_UNREACHABLE @ https://api.avest.fr/v1/acquisition/6a17255f411229cd9e8ba2d0:0
[28151773ms] [ERROR] Failed to load resource: net::ERR_ADDRESS_UNREACHABLE @ https://api.avest.fr/v1/acquisition/6a16f6645731866124a8ca5f:0
[28151773ms] [ERROR] Failed to load resource: net::ERR_ADDRESS_UNREACHABLE @ https://api.avest.fr/v1/acquisition/6a1573a292eae0c2aad4c65b:0
[28151774ms] [ERROR] Failed to load resource: net::ERR_ADDRESS_UNREACHABLE @ https://api.avest.fr/v1/acquisition/6a1687d9c92b2155901cd6f1:0
[28151774ms] [ERROR] AxiosError: Network Error
    at w.onerror (https://app.avest.fr/index.1779894461.js:85:16122) @ https://app.avest.fr/index.1779894461.js:90
[28151774ms] [ERROR] Failed to load resource: net::ERR_ADDRESS_UNREACHABLE @ https://api.avest.fr/v1/sale/69e38dbc9ecc67b2d70cc31f/next-activities:0
[28151775ms] [ERROR] AxiosError: Network Error
    at w.onerror (https://app.avest.fr/index.1779894461.js:85:16122) @ https://app.avest.fr/index.1779894461.js:90
[28151775ms] [ERROR] Failed to load resource: net::ERR_ADDRESS_UNREACHABLE @ https://api.avest.fr/v1/emailing-templates?agencies=698cb2ce239dd6ab399bc522:0
[28151775ms] [ERROR] AxiosError: Network Error
    at w.onerror (https://app.avest.fr/index.1779894461.js:85:16122) @ https://app.avest.fr/index.1779894461.js:90
[28151775ms] [ERROR] Failed to load resource: net::ERR_ADDRESS_UNREACHABLE @ https://api.avest.fr/v1/sms-templates?agencies=698cb2ce239dd6ab399bc522:0
[28151775ms] [ERROR] Failed to load resource: net::ERR_ADDRESS_UNREACHABLE @ https://api.avest.fr/v1/acquisition/6a194a0efb64dc9164f65c7f:0
[28151775ms] [ERROR] Failed to load resource: net::ERR_ADDRESS_UNREACHABLE @ https://api.avest.fr/v1/acquisition/6a17177d02c59a6acc1a14be:0
[28151776ms] [ERROR] Failed to load resource: net::ERR_ADDRESS_UNREACHABLE @ https://api.avest.fr/v1/acquisition/6a17f8c99362c996f6e9711e:0
[28151776ms] [ERROR] Failed to load resource: net::ERR_ADDRESS_UNREACHABLE @ https://api.avest.fr/v1/acquisition/6a15a724feb2964bcd0731d7:0
[28151776ms] [ERROR] Failed to load resource: net::ERR_ADDRESS_UNREACHABLE @ https://api.avest.fr/v1/acquisition/6a189bd045b0d7114da90f46:0
[28151776ms] [ERROR] AxiosError: Network Error
    at w.onerror (https://app.avest.fr/index.1779894461.js:85:16122) @ https://app.avest.fr/index.1779894461.js:90
[28151776ms] [ERROR] Failed to load resource: net::ERR_ADDRESS_UNREACHABLE @ https://api.avest.fr/v1/users?agencies=698cb2ce239dd6ab399bc522:0
[28151776ms] [ERROR] Failed to load resource: net::ERR_ADDRESS_UNREACHABLE @ https://api.avest.fr/v1/acquisition/6a17e6859bb91d1947b47c38:0
[28151776ms] [ERROR] AxiosError: Network Error
    at w.onerror (https://app.avest.fr/index.1779894461.js:85:16122) @ https://app.avest.fr/index.1779894461.js:90
[28151776ms] [ERROR] Failed to load resource: net::ERR_ADDRESS_UNREACHABLE @ https://api.avest.fr/v1/account:0
[28151776ms] [ERROR] AxiosError: Network Error
    at w.onerror (https://app.avest.fr/index.1779894461.js:85:16122)
    at tu.request (https://app.avest.fr/index.1779894461.js:87:2231)
    at async tu.request (https://app.avest.fr/index.1779894461.js:87:2135)
    at async queryFn (https://app.avest.fr/useGetContactsOtherProjects.1779894461.js:1:6606) @ https://app.avest.fr/index.1779894461.js:90
[28151776ms] [ERROR] Failed to load resource: net::ERR_ADDRESS_UNREACHABLE @ https://api.avest.fr/v1/sale/69e38dbc9ecc67b2d70cc31f/other-projects:0
[28151776ms] [ERROR] AxiosError: Network Error
    at w.onerror (https://app.avest.fr/index.1779894461.js:85:16122) @ https://app.avest.fr/index.1779894461.js:90
[28151776ms] [ERROR] Failed to load resource: net::ERR_ADDRESS_UNREACHABLE @ https://api.avest.fr/v1/transactions/search?filter=%7B%7D&agencyGroup=69709812c0b6ac9d7a35154f&search=&saleIds%5B%5D=69e38dbc9ecc67b2d70cc31f&acquisitionIds%5B%5D=6a17e6859bb91d1947b47c38&acquisitionIds%5B%5D=6a17f8c99362c996f6e9711e:0
[28151776ms] [ERROR] AxiosError: Network Error
    at w.onerror (https://app.avest.fr/index.1779894461.js:85:16122) @ https://app.avest.fr/index.1779894461.js:90
[28151777ms] [ERROR] Failed to load resource: net::ERR_ADDRESS_UNREACHABLE @ https://api.avest.fr/v1/agencies?filter=%7B%22isActive%22:true%7D:0
[28151777ms] [ERROR] AxiosError: Network Error
    at w.onerror (https://app.avest.fr/index.1779894461.js:85:16122) @ https://app.avest.fr/index.1779894461.js:90
[28151777ms] [ERROR] Failed to load resource: net::ERR_ADDRESS_UNREACHABLE @ https://api.avest.fr/v1/website?agency=698cb2ce239dd6ab399bc522:0
[28151777ms] [ERROR] Failed to load resource: net::ERR_ADDRESS_UNREACHABLE @ https://api.avest.fr/v1/sale/69e38dbc9ecc67b2d70cc31f:0
[28151777ms] [ERROR] AxiosError: Network Error
    at w.onerror (https://app.avest.fr/index.1779894461.js:85:16122) @ https://app.avest.fr/index.1779894461.js:90
[28151777ms] [ERROR] Failed to load resource: net::ERR_ADDRESS_UNREACHABLE @ https://api.avest.fr/v1/websites:0
[29201291ms] [ERROR] WebSocket connection to 'wss://nexus-websocket-a.intercom.io/pubsub/5-Q97a96Qsh_bvCT3Yu2wSiJA6fb3jJzEAZA2GVFGHPqUsyIf2rCvI1jml0WC0gIS1RCKu-GEXSqbtUdi6b0pzTbnZf8MJSbU1bfMW?X-Nexus-New-Client=true&X-Nexus-Version=0.18.8&user_role=user' failed: Error in connection establishment: net::ERR_CONNECTION_TIMED_OUT @ https://js.intercomcdn.com/vendor-modern.60bbf292.js:1
[30329106ms] [ERROR] Failed to load resource: net::ERR_INTERNET_DISCONNECTED @ https://app.avest.fr/r/flags/?v=2&ip=0&_=1780072398940&ver=1.372.10&compression=base64:0
[32964388ms] [ERROR] Failed to load resource: net::ERR_INTERNET_DISCONNECTED @ https://app.avest.fr/r/flags/?v=2&ip=0&_=1780075034226&ver=1.372.10&compression=base64:0
[34558283ms] [ERROR] Failed to load resource: net::ERR_INTERNET_DISCONNECTED @ https://app.avest.fr/r/flags/?v=2&ip=0&_=1780076628121&ver=1.372.10&compression=base64:0
[37539575ms] [ERROR] Failed to load resource: net::ERR_NETWORK_CHANGED @ https://app.avest.fr/meta.json?cb=1780079609259:0
[37539575ms] [ERROR] TypeError: Failed to fetch
    at queryFn (https://app.avest.fr/index.1779894461.js:91:59883)
    at Object.r [as fn] (https://app.avest.fr/index.1779894461.js:10:49504)
    at _ (https://app.avest.fr/index.1779894461.js:10:43962) @ https://app.avest.fr/index.1779894461.js:90
[37539582ms] [ERROR] Failed to load resource: net::ERR_NETWORK_CHANGED @ https://api.avest.fr/v1/agencies?filter=%7B%22isActive%22:true%7D:0
[37539582ms] [ERROR] Failed to load resource: net::ERR_NETWORK_CHANGED @ https://api.avest.fr/v1/agency-groups:0
[37539582ms] [ERROR] Failed to load resource: net::ERR_NETWORK_CHANGED @ https://api.avest.fr/v1/transactions/search?filter=%7B%7D&agencyGroup=69709812c0b6ac9d7a35154f&search=&saleIds%5B%5D=69e38dbc9ecc67b2d70cc31f&acquisitionIds%5B%5D=6a17e6859bb91d1947b47c38&acquisitionIds%5B%5D=6a17f8c99362c996f6e9711e:0
[37539583ms] [ERROR] Failed to load resource: net::ERR_NETWORK_CHANGED @ https://api.avest.fr/v1/account:0
[37539583ms] [ERROR] Failed to load resource: net::ERR_NETWORK_CHANGED @ https://api.avest.fr/v1/sale/69e38dbc9ecc67b2d70cc31f/other-projects:0
[37539583ms] [ERROR] Failed to load resource: net::ERR_NETWORK_CHANGED @ https://api.avest.fr/v1/mailboxes:0
[37539584ms] [ERROR] Failed to load resource: net::ERR_NETWORK_CHANGED @ https://api.avest.fr/v1/websites:0
[37539584ms] [ERROR] Failed to load resource: net::ERR_NETWORK_CHANGED @ https://api.avest.fr/v1/website?agency=698cb2ce239dd6ab399bc522:0
[37539585ms] [ERROR] Failed to load resource: net::ERR_NETWORK_CHANGED @ https://api.avest.fr/v1/listings?filter=%7B%22transactionType%22:%22sale%22,%22transactionModel%22:%2269e38dbc9ecc67b2d70cc31f%22%7D&agencies=698cb2ce239dd6ab399bc522&group=69709812c0b6ac9d7a35154f:0
[37539585ms] [ERROR] Failed to load resource: net::ERR_NETWORK_CHANGED @ https://api.avest.fr/v1/listings?filter=%7B%22transactionType%22:%22sale%22,%22transactionModel%22:%2269e38dbc9ecc67b2d70cc31f%22%7D&group=69709812c0b6ac9d7a35154f:0
[37539585ms] [ERROR] Failed to load resource: net::ERR_NETWORK_CHANGED @ https://api.avest.fr/v1/sale-tags?agencies=698cb2ce239dd6ab399bc522:0
[37539585ms] [ERROR] Failed to load resource: net::ERR_NETWORK_CHANGED @ https://api.avest.fr/v1/rental-tags?agencies=698cb2ce239dd6ab399bc522:0
[37539585ms] [ERROR] Failed to load resource: net::ERR_NETWORK_CHANGED @ https://api.avest.fr/v1/acquisition-tags?agencies=698cb2ce239dd6ab399bc522:0
[37539585ms] [ERROR] Failed to load resource: net::ERR_NETWORK_CHANGED @ https://api.avest.fr/v1/transaction-activities?filter=%7B%22type%22:%22note%22,%22linkedDocument%22:%7B%22$in%22:%5B%2269e38dbc9ecc67b2d70cc31f%22,%2269e38dbb9ecc67b2d70cc13d%22%5D%7D%7D&sortField=completionDate&sortOrder=descending:0
[37539586ms] [ERROR] Failed to load resource: net::ERR_NETWORK_CHANGED @ https://api.avest.fr/v1/sale/69e38dbc9ecc67b2d70cc31f/activities?activityView=email:0
[37539586ms] [ERROR] Failed to load resource: net::ERR_NETWORK_CHANGED @ https://api.avest.fr/v1/sale/69e38dbc9ecc67b2d70cc31f/activities?activityView=files:0
[37539586ms] [ERROR] Failed to load resource: net::ERR_NETWORK_CHANGED @ https://api.avest.fr/v1/visit-receipts?filter%5Bsale%5D=69e38dbc9ecc67b2d70cc31f:0
[37539587ms] [ERROR] Failed to load resource: net::ERR_NETWORK_CHANGED @ https://api.avest.fr/v1/sale/69e38dbc9ecc67b2d70cc31f/visits?agencyGroup=69709812c0b6ac9d7a35154f&sortOrder=descending&sortField=lastUpdatedAt:0
[37539587ms] [ERROR] Failed to load resource: net::ERR_NETWORK_CHANGED @ https://api.avest.fr/v1/sale/69e38dbc9ecc67b2d70cc31f/matching?steps=AQUL,ASRC:0
[37539587ms] [ERROR] Failed to load resource: net::ERR_NETWORK_CHANGED @ https://api.avest.fr/v1/suggestions/sale/69e38dbc9ecc67b2d70cc31f:0
[37539587ms] [ERROR] Failed to load resource: net::ERR_NETWORK_CHANGED @ https://api.avest.fr/v1/sale/69e38dbc9ecc67b2d70cc31f/activities?activityView=pinned:0
[37539588ms] [ERROR] Failed to load resource: net::ERR_NETWORK_CHANGED @ https://api.avest.fr/v1/sale/69e38dbc9ecc67b2d70cc31f/activities?activityView=activitySummary:0
[37539588ms] [ERROR] Failed to load resource: net::ERR_NETWORK_CHANGED @ https://api.avest.fr/v1/my-notary/sales/69e38dbc9ecc67b2d70cc31f/operation:0
[37539588ms] [ERROR] Failed to load resource: net::ERR_NETWORK_CHANGED @ https://api.avest.fr/v1/sale/69e38dbc9ecc67b2d70cc31f/drive-links:0
[37539588ms] [ERROR] Failed to load resource: net::ERR_NETWORK_CHANGED @ https://api.avest.fr/v1/users?agencies=698cb2ce239dd6ab399bc522:0
[37539588ms] [ERROR] Failed to load resource: net::ERR_NETWORK_CHANGED @ https://api.avest.fr/v1/sale/69e38dbc9ecc67b2d70cc31f/next-activities:0
[37539589ms] [ERROR] Failed to load resource: net::ERR_NETWORK_CHANGED @ https://api.avest.fr/v1/emailing-templates?agencies=698cb2ce239dd6ab399bc522:0
[37539589ms] [ERROR] Failed to load resource: net::ERR_NETWORK_CHANGED @ https://api.avest.fr/v1/sms-templates?agencies=698cb2ce239dd6ab399bc522:0
[37539590ms] [ERROR] Failed to load resource: net::ERR_NETWORK_CHANGED @ https://api.avest.fr/v1/user/698202ef3c7adb8c3df2520a?displayOnly=true:0
[37539590ms] [ERROR] Failed to load resource: net::ERR_NETWORK_CHANGED @ https://api.avest.fr/v1/agency/698cb2ce239dd6ab399bc522:0
[37539590ms] [ERROR] Failed to load resource: net::ERR_NETWORK_CHANGED @ https://api.avest.fr/v1/sale/69e38dbc9ecc67b2d70cc31f:0
[37539590ms] [ERROR] Failed to load resource: net::ERR_NETWORK_CHANGED @ https://api.avest.fr/v1/acquisition/6a189bd045b0d7114da90f46:0
[37539591ms] [ERROR] Failed to load resource: net::ERR_NETWORK_CHANGED @ https://api.avest.fr/v1/acquisition/6a17177d02c59a6acc1a14be:0
[37539591ms] [ERROR] Failed to load resource: net::ERR_NETWORK_CHANGED @ https://api.avest.fr/v1/acquisition/6a17f8c99362c996f6e9711e:0
[37539592ms] [ERROR] Failed to load resource: net::ERR_NETWORK_CHANGED @ https://api.avest.fr/v1/acquisition/6a17e6859bb91d1947b47c38:0
[37539592ms] [ERROR] Failed to load resource: net::ERR_NETWORK_CHANGED @ https://api.avest.fr/v1/acquisition/6a15a724feb2964bcd0731d7:0
[37539592ms] [ERROR] Failed to load resource: net::ERR_NETWORK_CHANGED @ https://api.avest.fr/v1/acquisition/6a1687d9c92b2155901cd6f1:0
[37539592ms] [ERROR] Failed to load resource: net::ERR_NETWORK_CHANGED @ https://api.avest.fr/v1/acquisition/6a16f6645731866124a8ca5f:0
[37539593ms] [ERROR] Failed to load resource: net::ERR_NETWORK_CHANGED @ https://api.avest.fr/v1/acquisition/6a17255f411229cd9e8ba2d0:0
[37539593ms] [ERROR] Failed to load resource: net::ERR_NETWORK_CHANGED @ https://api.avest.fr/v1/acquisition/6a16cb4c4754df734712eeb7:0
[37539593ms] [ERROR] Failed to load resource: net::ERR_NETWORK_CHANGED @ https://api.avest.fr/v1/acquisition/6a1573a292eae0c2aad4c65b:0
[37539593ms] [ERROR] Failed to load resource: net::ERR_NETWORK_CHANGED @ https://api.avest.fr/v1/acquisition/6a1589d7feb2964bcd5f6580:0
[37539593ms] [ERROR] Failed to load resource: net::ERR_NETWORK_CHANGED @ https://api.avest.fr/v1/acquisition/6a194a0efb64dc9164f65c7f:0
[37539656ms] [ERROR] Failed to load resource: net::ERR_ADDRESS_UNREACHABLE @ https://api.avest.fr/v1/websites:0
[37539656ms] [ERROR] Failed to load resource: net::ERR_ADDRESS_UNREACHABLE @ https://api.avest.fr/v1/mailboxes:0
[37539656ms] [ERROR] Failed to load resource: net::ERR_ADDRESS_UNREACHABLE @ https://api.avest.fr/v1/sale-tags?agencies=698cb2ce239dd6ab399bc522:0
[37539657ms] [ERROR] Failed to load resource: net::ERR_ADDRESS_UNREACHABLE @ https://api.avest.fr/v1/acquisition-tags?agencies=698cb2ce239dd6ab399bc522:0
[37539658ms] [ERROR] Failed to load resource: net::ERR_ADDRESS_UNREACHABLE @ https://api.avest.fr/v1/listings?filter=%7B%22transactionType%22:%22sale%22,%22transactionModel%22:%2269e38dbc9ecc67b2d70cc31f%22%7D&group=69709812c0b6ac9d7a35154f:0
[37539658ms] [ERROR] Failed to load resource: net::ERR_ADDRESS_UNREACHABLE @ https://api.avest.fr/v1/listings?filter=%7B%22transactionType%22:%22sale%22,%22transactionModel%22:%2269e38dbc9ecc67b2d70cc31f%22%7D&agencies=698cb2ce239dd6ab399bc522&group=69709812c0b6ac9d7a35154f:0
[37539658ms] [ERROR] Failed to load resource: net::ERR_ADDRESS_UNREACHABLE @ https://api.avest.fr/v1/rental-tags?agencies=698cb2ce239dd6ab399bc522:0
[37539658ms] [ERROR] Failed to load resource: net::ERR_ADDRESS_UNREACHABLE @ https://api.avest.fr/v1/website?agency=698cb2ce239dd6ab399bc522:0
[37539658ms] [ERROR] Failed to load resource: net::ERR_ADDRESS_UNREACHABLE @ https://api.avest.fr/v1/transactions/search?filter=%7B%7D&agencyGroup=69709812c0b6ac9d7a35154f&search=&saleIds%5B%5D=69e38dbc9ecc67b2d70cc31f&acquisitionIds%5B%5D=6a17e6859bb91d1947b47c38&acquisitionIds%5B%5D=6a17f8c99362c996f6e9711e:0
[37539658ms] [ERROR] AxiosError: Network Error
    at w.onerror (https://app.avest.fr/index.1779894461.js:85:16122) @ https://app.avest.fr/index.1779894461.js:90
[37539658ms] [ERROR] Failed to load resource: net::ERR_ADDRESS_UNREACHABLE @ https://api.avest.fr/v1/agency-groups:0
[37539658ms] [ERROR] Failed to load resource: net::ERR_ADDRESS_UNREACHABLE @ https://api.avest.fr/v1/sale/69e38dbc9ecc67b2d70cc31f/other-projects:0
[37539658ms] [ERROR] Failed to load resource: net::ERR_ADDRESS_UNREACHABLE @ https://api.avest.fr/v1/agencies?filter=%7B%22isActive%22:true%7D:0
[37539658ms] [ERROR] Failed to load resource: net::ERR_ADDRESS_UNREACHABLE @ https://api.avest.fr/v1/account:0
[37539658ms] [ERROR] Failed to load resource: net::ERR_ADDRESS_UNREACHABLE @ https://api.avest.fr/v1/visit-receipts?filter%5Bsale%5D=69e38dbc9ecc67b2d70cc31f:0
[37539659ms] [ERROR] Failed to load resource: net::ERR_ADDRESS_UNREACHABLE @ https://api.avest.fr/v1/suggestions/sale/69e38dbc9ecc67b2d70cc31f:0
[37539659ms] [ERROR] Failed to load resource: net::ERR_ADDRESS_UNREACHABLE @ https://api.avest.fr/v1/sale/69e38dbc9ecc67b2d70cc31f/activities?activityView=files:0
[37539659ms] [ERROR] There is an error fetching the matching transactions AxiosError: Network Error
    at w.onerror (https://app.avest.fr/index.1779894461.js:85:16122)
    at tu.request (https://app.avest.fr/index.1779894461.js:87:2231)
    at async tu.request (https://app.avest.fr/index.1779894461.js:87:2135)
    at async queryFn (https://app.avest.fr/utils.17798944617.js:1:1167) @ https://app.avest.fr/utils.17798944617.js:0
[37539659ms] [ERROR] Failed to load resource: net::ERR_ADDRESS_UNREACHABLE @ https://api.avest.fr/v1/sale/69e38dbc9ecc67b2d70cc31f/matching?steps=AQUL,ASRC:0
[37539659ms] [ERROR] Failed to load resource: net::ERR_ADDRESS_UNREACHABLE @ https://api.avest.fr/v1/sale/69e38dbc9ecc67b2d70cc31f/activities?activityView=email:0
[37539659ms] [ERROR] Failed to load resource: net::ERR_ADDRESS_UNREACHABLE @ https://api.avest.fr/v1/transaction-activities?filter=%7B%22type%22:%22note%22,%22linkedDocument%22:%7B%22$in%22:%5B%2269e38dbc9ecc67b2d70cc31f%22,%2269e38dbb9ecc67b2d70cc13d%22%5D%7D%7D&sortField=completionDate&sortOrder=descending:0
[37539662ms] [ERROR] Failed to load resource: net::ERR_ADDRESS_UNREACHABLE @ https://api.avest.fr/v1/sale/69e38dbc9ecc67b2d70cc31f/visits?agencyGroup=69709812c0b6ac9d7a35154f&sortOrder=descending&sortField=lastUpdatedAt:0
[37539662ms] [ERROR] Failed to load resource: net::ERR_ADDRESS_UNREACHABLE @ https://api.avest.fr/v1/acquisition/6a1573a292eae0c2aad4c65b:0
[37539662ms] [ERROR] Failed to load resource: net::ERR_ADDRESS_UNREACHABLE @ https://api.avest.fr/v1/acquisition/6a1589d7feb2964bcd5f6580:0
[37539662ms] [ERROR] Failed to load resource: net::ERR_ADDRESS_UNREACHABLE @ https://api.avest.fr/v1/acquisition/6a194a0efb64dc9164f65c7f:0
[37539665ms] [ERROR] Failed to load resource: net::ERR_ADDRESS_UNREACHABLE @ https://api.avest.fr/v1/acquisition/6a17255f411229cd9e8ba2d0:0
[37539665ms] [ERROR] Failed to load resource: net::ERR_ADDRESS_UNREACHABLE @ https://api.avest.fr/v1/acquisition/6a1687d9c92b2155901cd6f1:0
[37539665ms] [ERROR] Failed to load resource: net::ERR_ADDRESS_UNREACHABLE @ https://api.avest.fr/v1/acquisition/6a15a724feb2964bcd0731d7:0
[37539665ms] [ERROR] Failed to load resource: net::ERR_ADDRESS_UNREACHABLE @ https://api.avest.fr/v1/acquisition/6a17e6859bb91d1947b47c38:0
[37539665ms] [ERROR] Failed to load resource: net::ERR_ADDRESS_UNREACHABLE @ https://api.avest.fr/v1/acquisition/6a16f6645731866124a8ca5f:0
[37539665ms] [ERROR] Failed to load resource: net::ERR_ADDRESS_UNREACHABLE @ https://api.avest.fr/v1/acquisition/6a17f8c99362c996f6e9711e:0
[37539665ms] [ERROR] Failed to load resource: net::ERR_ADDRESS_UNREACHABLE @ https://api.avest.fr/v1/acquisition/6a16cb4c4754df734712eeb7:0
[37539665ms] [ERROR] Failed to load resource: net::ERR_ADDRESS_UNREACHABLE @ https://api.avest.fr/v1/acquisition/6a189bd045b0d7114da90f46:0
[37539665ms] [ERROR] Failed to load resource: net::ERR_ADDRESS_UNREACHABLE @ https://api.avest.fr/v1/agency/698cb2ce239dd6ab399bc522:0
[37539665ms] [ERROR] Failed to load resource: net::ERR_ADDRESS_UNREACHABLE @ https://api.avest.fr/v1/sale/69e38dbc9ecc67b2d70cc31f:0
[37539665ms] [ERROR] Failed to load resource: net::ERR_ADDRESS_UNREACHABLE @ https://api.avest.fr/v1/acquisition/6a17177d02c59a6acc1a14be:0
[37539665ms] [ERROR] AxiosError: Network Error
    at w.onerror (https://app.avest.fr/index.1779894461.js:85:16122) @ https://app.avest.fr/index.1779894461.js:90
[37539666ms] [ERROR] Failed to load resource: net::ERR_ADDRESS_UNREACHABLE @ https://api.avest.fr/v1/user/698202ef3c7adb8c3df2520a?displayOnly=true:0
[37539669ms] [ERROR] Failed to load resource: net::ERR_ADDRESS_UNREACHABLE @ https://api.avest.fr/v1/sms-templates?agencies=698cb2ce239dd6ab399bc522:0
[37539688ms] [ERROR] Failed to load resource: net::ERR_ADDRESS_UNREACHABLE @ https://api.avest.fr/v1/emailing-templates?agencies=698cb2ce239dd6ab399bc522:0
[37539688ms] [ERROR] Failed to load resource: net::ERR_ADDRESS_UNREACHABLE @ https://api.avest.fr/v1/sale/69e38dbc9ecc67b2d70cc31f/drive-links:0
[37539689ms] [ERROR] Failed to load resource: net::ERR_ADDRESS_UNREACHABLE @ https://api.avest.fr/v1/my-notary/sales/69e38dbc9ecc67b2d70cc31f/operation:0
[37539691ms] [ERROR] Failed to load resource: net::ERR_ADDRESS_UNREACHABLE @ https://api.avest.fr/v1/sale/69e38dbc9ecc67b2d70cc31f/activities?activityView=activitySummary:0
[37539691ms] [ERROR] Failed to load resource: net::ERR_ADDRESS_UNREACHABLE @ https://api.avest.fr/v1/sale/69e38dbc9ecc67b2d70cc31f/next-activities:0
[37539691ms] [ERROR] Failed to load resource: net::ERR_ADDRESS_UNREACHABLE @ https://api.avest.fr/v1/sale/69e38dbc9ecc67b2d70cc31f/activities?activityView=pinned:0
[37539692ms] [ERROR] Failed to load resource: net::ERR_ADDRESS_UNREACHABLE @ https://api.avest.fr/v1/users?agencies=698cb2ce239dd6ab399bc522:0
[37614443ms] [ERROR] WebSocket connection to 'wss://nexus-websocket-a.intercom.io/pubsub/5-Q97a96Qsh_bvCT3Yu2wSiJA6fb3jJzEAZA2GVFGHPqUsyIf2rCvI1jml0WC0gIS1RCKu-GEXSqbtUdi6b0pzTbnZf8MJSbU1bfMW?X-Nexus-New-Client=true&X-Nexus-Version=0.18.8&user_role=user' failed: Error in connection establishment: net::ERR_CONNECTION_TIMED_OUT @ https://js.intercomcdn.com/vendor-modern.60bbf292.js:1
[37668951ms] [ERROR] Failed to load resource: net::ERR_INTERNET_DISCONNECTED @ https://app.avest.fr/r/flags/?v=2&ip=0&_=1780079738789&ver=1.372.10&compression=base64:0
[39388869ms] [ERROR] Failed to load resource: net::ERR_INTERNET_DISCONNECTED @ https://app.avest.fr/r/flags/?v=2&ip=0&_=1780081458704&ver=1.372.10&compression=base64:0
[39688871ms] [ERROR] Failed to load resource: net::ERR_INTERNET_DISCONNECTED @ https://app.avest.fr/r/flags/?v=2&ip=0&_=1780081758705&ver=1.372.10&compression=base64:0
[39988870ms] [ERROR] Failed to load resource: net::ERR_INTERNET_DISCONNECTED @ https://app.avest.fr/r/flags/?v=2&ip=0&_=1780082058705&ver=1.372.10&compression=base64:0
[40288858ms] [ERROR] Failed to load resource: net::ERR_INTERNET_DISCONNECTED @ https://app.avest.fr/r/flags/?v=2&ip=0&_=1780082358701&ver=1.372.10&compression=base64:0
[40588862ms] [ERROR] Failed to load resource: net::ERR_INTERNET_DISCONNECTED @ https://app.avest.fr/r/flags/?v=2&ip=0&_=1780082658702&ver=1.372.10&compression=base64:0
[40888860ms] [ERROR] Failed to load resource: net::ERR_INTERNET_DISCONNECTED @ https://app.avest.fr/r/flags/?v=2&ip=0&_=1780082958701&ver=1.372.10&compression=base64:0
[41188859ms] [ERROR] Failed to load resource: net::ERR_INTERNET_DISCONNECTED @ https://app.avest.fr/r/flags/?v=2&ip=0&_=1780083258701&ver=1.372.10&compression=base64:0
[41488890ms] [ERROR] Failed to load resource: net::ERR_INTERNET_DISCONNECTED @ https://app.avest.fr/r/flags/?v=2&ip=0&_=1780083558705&ver=1.372.10&compression=base64:0
[41788872ms] [ERROR] Failed to load resource: net::ERR_INTERNET_DISCONNECTED @ https://app.avest.fr/r/flags/?v=2&ip=0&_=1780083858708&ver=1.372.10&compression=base64:0
[42088862ms] [ERROR] Failed to load resource: net::ERR_INTERNET_DISCONNECTED @ https://app.avest.fr/r/flags/?v=2&ip=0&_=1780084158702&ver=1.372.10&compression=base64:0
[42388859ms] [ERROR] Failed to load resource: net::ERR_INTERNET_DISCONNECTED @ https://app.avest.fr/r/flags/?v=2&ip=0&_=1780084458701&ver=1.372.10&compression=base64:0
[42688867ms] [ERROR] Failed to load resource: net::ERR_INTERNET_DISCONNECTED @ https://app.avest.fr/r/flags/?v=2&ip=0&_=1780084758705&ver=1.372.10&compression=base64:0
[42988860ms] [ERROR] Failed to load resource: net::ERR_INTERNET_DISCONNECTED @ https://app.avest.fr/r/flags/?v=2&ip=0&_=1780085058701&ver=1.372.10&compression=base64:0
[43288867ms] [ERROR] Failed to load resource: net::ERR_INTERNET_DISCONNECTED @ https://app.avest.fr/r/flags/?v=2&ip=0&_=1780085358704&ver=1.372.10&compression=base64:0
[43588863ms] [ERROR] Failed to load resource: net::ERR_INTERNET_DISCONNECTED @ https://app.avest.fr/r/flags/?v=2&ip=0&_=1780085658703&ver=1.372.10&compression=base64:0
[43888868ms] [ERROR] Failed to load resource: net::ERR_INTERNET_DISCONNECTED @ https://app.avest.fr/r/flags/?v=2&ip=0&_=1780085958705&ver=1.372.10&compression=base64:0
[45071873ms] [ERROR] Failed to load resource: net::ERR_NETWORK_CHANGED @ https://app.avest.fr/meta.json?cb=1780087141411:0
[45071873ms] [ERROR] TypeError: Failed to fetch
    at queryFn (https://app.avest.fr/index.1779894461.js:91:59883)
    at Object.r [as fn] (https://app.avest.fr/index.1779894461.js:10:49504)
    at _ (https://app.avest.fr/index.1779894461.js:10:43962) @ https://app.avest.fr/index.1779894461.js:90
[45071878ms] [ERROR] Failed to load resource: net::ERR_NETWORK_CHANGED @ https://api.avest.fr/v1/acquisition-tags?agencies=698cb2ce239dd6ab399bc522:0
[45071878ms] [ERROR] Failed to load resource: net::ERR_NETWORK_CHANGED @ https://api.avest.fr/v1/sale/69e38dbc9ecc67b2d70cc31f/other-projects:0
[45071878ms] [ERROR] Failed to load resource: net::ERR_NETWORK_CHANGED @ https://api.avest.fr/v1/listings?filter=%7B%22transactionType%22:%22sale%22,%22transactionModel%22:%2269e38dbc9ecc67b2d70cc31f%22%7D&agencies=698cb2ce239dd6ab399bc522&group=69709812c0b6ac9d7a35154f:0
[45071879ms] [ERROR] Failed to load resource: net::ERR_NETWORK_CHANGED @ https://api.avest.fr/v1/listings?filter=%7B%22transactionType%22:%22sale%22,%22transactionModel%22:%2269e38dbc9ecc67b2d70cc31f%22%7D&group=69709812c0b6ac9d7a35154f:0
[45071879ms] [ERROR] Failed to load resource: net::ERR_NETWORK_CHANGED @ https://api.avest.fr/v1/sale-tags?agencies=698cb2ce239dd6ab399bc522:0
[45071879ms] [ERROR] Failed to load resource: net::ERR_NETWORK_CHANGED @ https://api.avest.fr/v1/rental-tags?agencies=698cb2ce239dd6ab399bc522:0
[45071880ms] [ERROR] Failed to load resource: net::ERR_NETWORK_CHANGED @ https://api.avest.fr/v1/account:0
[45071880ms] [ERROR] Failed to load resource: net::ERR_NETWORK_CHANGED @ https://api.avest.fr/v1/sale/69e38dbc9ecc67b2d70cc31f:0
[45071880ms] [ERROR] Failed to load resource: net::ERR_NETWORK_CHANGED @ https://api.avest.fr/v1/user/698202ef3c7adb8c3df2520a?displayOnly=true:0
[45071880ms] [ERROR] Failed to load resource: net::ERR_NETWORK_CHANGED @ https://api.avest.fr/v1/mailboxes:0
[45071880ms] [ERROR] Failed to load resource: net::ERR_NETWORK_CHANGED @ https://api.avest.fr/v1/websites:0
[45071880ms] [ERROR] Failed to load resource: net::ERR_NETWORK_CHANGED @ https://api.avest.fr/v1/agency/698cb2ce239dd6ab399bc522:0
[45071881ms] [ERROR] Failed to load resource: net::ERR_NETWORK_CHANGED @ https://api.avest.fr/v1/website?agency=698cb2ce239dd6ab399bc522:0
[45071881ms] [ERROR] Failed to load resource: net::ERR_NETWORK_CHANGED @ https://api.avest.fr/v1/agencies?filter=%7B%22isActive%22:true%7D:0
[45071881ms] [ERROR] Failed to load resource: net::ERR_NETWORK_CHANGED @ https://api.avest.fr/v1/transactions/search?filter=%7B%7D&agencyGroup=69709812c0b6ac9d7a35154f&search=&saleIds%5B%5D=69e38dbc9ecc67b2d70cc31f&acquisitionIds%5B%5D=6a17e6859bb91d1947b47c38&acquisitionIds%5B%5D=6a17f8c99362c996f6e9711e:0
[45071881ms] [ERROR] Failed to load resource: net::ERR_NETWORK_CHANGED @ https://api.avest.fr/v1/agency-groups:0
[45071881ms] [ERROR] Failed to load resource: net::ERR_NETWORK_CHANGED @ https://api.avest.fr/v1/my-notary/sales/69e38dbc9ecc67b2d70cc31f/operation:0
[45071882ms] [ERROR] Failed to load resource: net::ERR_NETWORK_CHANGED @ https://api.avest.fr/v1/transaction-activities?filter=%7B%22type%22:%22note%22,%22linkedDocument%22:%7B%22$in%22:%5B%2269e38dbc9ecc67b2d70cc31f%22,%2269e38dbb9ecc67b2d70cc13d%22%5D%7D%7D&sortField=completionDate&sortOrder=descending:0
[45071882ms] [ERROR] Failed to load resource: net::ERR_NETWORK_CHANGED @ https://api.avest.fr/v1/sale/69e38dbc9ecc67b2d70cc31f/activities?activityView=email:0
[45071882ms] [ERROR] Failed to load resource: net::ERR_NETWORK_CHANGED @ https://api.avest.fr/v1/sale/69e38dbc9ecc67b2d70cc31f/activities?activityView=files:0
[45071882ms] [ERROR] Failed to load resource: net::ERR_NETWORK_CHANGED @ https://api.avest.fr/v1/visit-receipts?filter%5Bsale%5D=69e38dbc9ecc67b2d70cc31f:0
[45071882ms] [ERROR] Failed to load resource: net::ERR_NETWORK_CHANGED @ https://api.avest.fr/v1/sale/69e38dbc9ecc67b2d70cc31f/visits?agencyGroup=69709812c0b6ac9d7a35154f&sortOrder=descending&sortField=lastUpdatedAt:0
[45071883ms] [ERROR] Failed to load resource: net::ERR_NETWORK_CHANGED @ https://api.avest.fr/v1/sale/69e38dbc9ecc67b2d70cc31f/matching?steps=AQUL,ASRC:0
[45071883ms] [ERROR] Failed to load resource: net::ERR_NETWORK_CHANGED @ https://api.avest.fr/v1/suggestions/sale/69e38dbc9ecc67b2d70cc31f:0
[45071883ms] [ERROR] Failed to load resource: net::ERR_NETWORK_CHANGED @ https://api.avest.fr/v1/sale/69e38dbc9ecc67b2d70cc31f/activities?activityView=pinned:0
[45071883ms] [ERROR] Failed to load resource: net::ERR_NETWORK_CHANGED @ https://api.avest.fr/v1/sale/69e38dbc9ecc67b2d70cc31f/activities?activityView=activitySummary:0
[45071884ms] [ERROR] Failed to load resource: net::ERR_NETWORK_CHANGED @ https://api.avest.fr/v1/sale/69e38dbc9ecc67b2d70cc31f/drive-links:0
[45071884ms] [ERROR] Failed to load resource: net::ERR_NETWORK_CHANGED @ https://api.avest.fr/v1/users?agencies=698cb2ce239dd6ab399bc522:0
[45071884ms] [ERROR] Failed to load resource: net::ERR_NETWORK_CHANGED @ https://api.avest.fr/v1/acquisition/6a189bd045b0d7114da90f46:0
[45071884ms] [ERROR] Failed to load resource: net::ERR_NETWORK_CHANGED @ https://api.avest.fr/v1/acquisition/6a17177d02c59a6acc1a14be:0
[45071884ms] [ERROR] Failed to load resource: net::ERR_NETWORK_CHANGED @ https://api.avest.fr/v1/acquisition/6a17f8c99362c996f6e9711e:0
[45071884ms] [ERROR] Failed to load resource: net::ERR_NETWORK_CHANGED @ https://api.avest.fr/v1/acquisition/6a17e6859bb91d1947b47c38:0
[45071884ms] [ERROR] Failed to load resource: net::ERR_NETWORK_CHANGED @ https://api.avest.fr/v1/acquisition/6a15a724feb2964bcd0731d7:0
[45071885ms] [ERROR] Failed to load resource: net::ERR_NETWORK_CHANGED @ https://api.avest.fr/v1/acquisition/6a1687d9c92b2155901cd6f1:0
[45071885ms] [ERROR] Failed to load resource: net::ERR_NETWORK_CHANGED @ https://api.avest.fr/v1/acquisition/6a16f6645731866124a8ca5f:0
[45071885ms] [ERROR] Failed to load resource: net::ERR_NETWORK_CHANGED @ https://api.avest.fr/v1/acquisition/6a17255f411229cd9e8ba2d0:0
[45071885ms] [ERROR] Failed to load resource: net::ERR_NETWORK_CHANGED @ https://api.avest.fr/v1/acquisition/6a16cb4c4754df734712eeb7:0
[45071885ms] [ERROR] Failed to load resource: net::ERR_NETWORK_CHANGED @ https://api.avest.fr/v1/acquisition/6a1573a292eae0c2aad4c65b:0
[45071885ms] [ERROR] Failed to load resource: net::ERR_NETWORK_CHANGED @ https://api.avest.fr/v1/acquisition/6a1589d7feb2964bcd5f6580:0
[45071885ms] [ERROR] Failed to load resource: net::ERR_NETWORK_CHANGED @ https://api.avest.fr/v1/sale/69e38dbc9ecc67b2d70cc31f/next-activities:0
[45071886ms] [ERROR] Failed to load resource: net::ERR_NETWORK_CHANGED @ https://api.avest.fr/v1/emailing-templates?agencies=698cb2ce239dd6ab399bc522:0
[45071886ms] [ERROR] Failed to load resource: net::ERR_NETWORK_CHANGED @ https://api.avest.fr/v1/sms-templates?agencies=698cb2ce239dd6ab399bc522:0
[45071886ms] [ERROR] Failed to load resource: net::ERR_NETWORK_CHANGED @ https://api.avest.fr/v1/acquisition/6a194a0efb64dc9164f65c7f:0
[45071968ms] [ERROR] AxiosError: Network Error
    at w.onerror (https://app.avest.fr/index.1779894461.js:85:16122) @ https://app.avest.fr/index.1779894461.js:90
[45071969ms] [ERROR] Failed to load resource: net::ERR_ADDRESS_UNREACHABLE @ https://api.avest.fr/v1/acquisition/6a15a724feb2964bcd0731d7:0
[45071969ms] [ERROR] AxiosError: Network Error
    at w.onerror (https://app.avest.fr/index.1779894461.js:85:16122) @ https://app.avest.fr/index.1779894461.js:90
[45071969ms] [ERROR] Failed to load resource: net::ERR_ADDRESS_UNREACHABLE @ https://api.avest.fr/v1/acquisition/6a189bd045b0d7114da90f46:0
[45071969ms] [ERROR] AxiosError: Network Error
    at w.onerror (https://app.avest.fr/index.1779894461.js:85:16122) @ https://app.avest.fr/index.1779894461.js:90
[45071969ms] [ERROR] Failed to load resource: net::ERR_ADDRESS_UNREACHABLE @ https://api.avest.fr/v1/acquisition/6a17f8c99362c996f6e9711e:0
[45071969ms] [ERROR] Failed to load resource: net::ERR_ADDRESS_UNREACHABLE @ https://api.avest.fr/v1/users?agencies=698cb2ce239dd6ab399bc522:0
[45071969ms] [ERROR] Failed to load resource: net::ERR_ADDRESS_UNREACHABLE @ https://api.avest.fr/v1/sale/69e38dbc9ecc67b2d70cc31f/drive-links:0
[45071969ms] [ERROR] AxiosError: Network Error
    at w.onerror (https://app.avest.fr/index.1779894461.js:85:16122) @ https://app.avest.fr/index.1779894461.js:90
[45071969ms] [ERROR] Failed to load resource: net::ERR_ADDRESS_UNREACHABLE @ https://api.avest.fr/v1/acquisition/6a17177d02c59a6acc1a14be:0
[45071969ms] [ERROR] AxiosError: Network Error
    at w.onerror (https://app.avest.fr/index.1779894461.js:85:16122) @ https://app.avest.fr/index.1779894461.js:90
[45071970ms] [ERROR] Failed to load resource: net::ERR_ADDRESS_UNREACHABLE @ https://api.avest.fr/v1/acquisition/6a17e6859bb91d1947b47c38:0
[45071970ms] [ERROR] Failed to load resource: net::ERR_ADDRESS_UNREACHABLE @ https://api.avest.fr/v1/listings?filter=%7B%22transactionType%22:%22sale%22,%22transactionModel%22:%2269e38dbc9ecc67b2d70cc31f%22%7D&agencies=698cb2ce239dd6ab399bc522&group=69709812c0b6ac9d7a35154f:0
[45071970ms] [ERROR] Failed to load resource: net::ERR_ADDRESS_UNREACHABLE @ https://api.avest.fr/v1/sale/69e38dbc9ecc67b2d70cc31f/other-projects:0
[45071970ms] [ERROR] Failed to load resource: net::ERR_ADDRESS_UNREACHABLE @ https://api.avest.fr/v1/sale-tags?agencies=698cb2ce239dd6ab399bc522:0
[45071970ms] [ERROR] Failed to load resource: net::ERR_ADDRESS_UNREACHABLE @ https://api.avest.fr/v1/acquisition-tags?agencies=698cb2ce239dd6ab399bc522:0
[45071970ms] [ERROR] Failed to load resource: net::ERR_ADDRESS_UNREACHABLE @ https://api.avest.fr/v1/listings?filter=%7B%22transactionType%22:%22sale%22,%22transactionModel%22:%2269e38dbc9ecc67b2d70cc31f%22%7D&group=69709812c0b6ac9d7a35154f:0
[45071970ms] [ERROR] There is an error fetching the matching transactions AxiosError: Network Error
    at w.onerror (https://app.avest.fr/index.1779894461.js:85:16122)
    at tu.request (https://app.avest.fr/index.1779894461.js:87:2231)
    at async tu.request (https://app.avest.fr/index.1779894461.js:87:2135)
    at async queryFn (https://app.avest.fr/utils.17798944617.js:1:1167) @ https://app.avest.fr/utils.17798944617.js:0
[45071970ms] [ERROR] Failed to load resource: net::ERR_ADDRESS_UNREACHABLE @ https://api.avest.fr/v1/sale/69e38dbc9ecc67b2d70cc31f/matching?steps=AQUL,ASRC:0
[45071970ms] [ERROR] Failed to load resource: net::ERR_ADDRESS_UNREACHABLE @ https://api.avest.fr/v1/sale/69e38dbc9ecc67b2d70cc31f/activities?activityView=activitySummary:0
[45071975ms] [ERROR] Failed to load resource: net::ERR_ADDRESS_UNREACHABLE @ https://api.avest.fr/v1/sale/69e38dbc9ecc67b2d70cc31f/visits?agencyGroup=69709812c0b6ac9d7a35154f&sortOrder=descending&sortField=lastUpdatedAt:0
[45071975ms] [ERROR] Failed to load resource: net::ERR_ADDRESS_UNREACHABLE @ https://api.avest.fr/v1/sale/69e38dbc9ecc67b2d70cc31f/activities?activityView=pinned:0
[45071975ms] [ERROR] Failed to load resource: net::ERR_ADDRESS_UNREACHABLE @ https://api.avest.fr/v1/visit-receipts?filter%5Bsale%5D=69e38dbc9ecc67b2d70cc31f:0
[45071975ms] [ERROR] Failed to load resource: net::ERR_ADDRESS_UNREACHABLE @ https://api.avest.fr/v1/sale/69e38dbc9ecc67b2d70cc31f/activities?activityView=files:0
[45071976ms] [ERROR] Failed to load resource: net::ERR_ADDRESS_UNREACHABLE @ https://api.avest.fr/v1/suggestions/sale/69e38dbc9ecc67b2d70cc31f:0
[45071979ms] [ERROR] AxiosError: Network Error
    at w.onerror (https://app.avest.fr/index.1779894461.js:85:16122) @ https://app.avest.fr/index.1779894461.js:90
[45071979ms] [ERROR] Failed to load resource: net::ERR_ADDRESS_UNREACHABLE @ https://api.avest.fr/v1/acquisition/6a16cb4c4754df734712eeb7:0
[45071979ms] [ERROR] AxiosError: Network Error
    at w.onerror (https://app.avest.fr/index.1779894461.js:85:16122) @ https://app.avest.fr/index.1779894461.js:90
[45071979ms] [ERROR] Failed to load resource: net::ERR_ADDRESS_UNREACHABLE @ https://api.avest.fr/v1/acquisition/6a1589d7feb2964bcd5f6580:0
[45071979ms] [ERROR] AxiosError: Network Error
    at w.onerror (https://app.avest.fr/index.1779894461.js:85:16122) @ https://app.avest.fr/index.1779894461.js:90
[45071979ms] [ERROR] Failed to load resource: net::ERR_ADDRESS_UNREACHABLE @ https://api.avest.fr/v1/acquisition/6a17255f411229cd9e8ba2d0:0
[45071979ms] [ERROR] AxiosError: Network Error
    at w.onerror (https://app.avest.fr/index.1779894461.js:85:16122) @ https://app.avest.fr/index.1779894461.js:90
[45071979ms] [ERROR] Failed to load resource: net::ERR_ADDRESS_UNREACHABLE @ https://api.avest.fr/v1/acquisition/6a1573a292eae0c2aad4c65b:0
[45071979ms] [ERROR] AxiosError: Network Error
    at w.onerror (https://app.avest.fr/index.1779894461.js:85:16122) @ https://app.avest.fr/index.1779894461.js:90
[45071979ms] [ERROR] Failed to load resource: net::ERR_ADDRESS_UNREACHABLE @ https://api.avest.fr/v1/acquisition/6a16f6645731866124a8ca5f:0
[45071980ms] [ERROR] AxiosError: Network Error
    at w.onerror (https://app.avest.fr/index.1779894461.js:85:16122) @ https://app.avest.fr/index.1779894461.js:90
[45071980ms] [ERROR] Failed to load resource: net::ERR_ADDRESS_UNREACHABLE @ https://api.avest.fr/v1/acquisition/6a1687d9c92b2155901cd6f1:0
[45071983ms] [ERROR] Failed to load resource: net::ERR_ADDRESS_UNREACHABLE @ https://api.avest.fr/v1/sale/69e38dbc9ecc67b2d70cc31f/next-activities:0
[45071983ms] [ERROR] Failed to load resource: net::ERR_ADDRESS_UNREACHABLE @ https://api.avest.fr/v1/emailing-templates?agencies=698cb2ce239dd6ab399bc522:0
[45071984ms] [ERROR] Failed to load resource: net::ERR_ADDRESS_UNREACHABLE @ https://api.avest.fr/v1/sms-templates?agencies=698cb2ce239dd6ab399bc522:0
[45071984ms] [ERROR] AxiosError: Network Error
    at w.onerror (https://app.avest.fr/index.1779894461.js:85:16122) @ https://app.avest.fr/index.1779894461.js:90
[45071984ms] [ERROR] Failed to load resource: net::ERR_ADDRESS_UNREACHABLE @ https://api.avest.fr/v1/acquisition/6a194a0efb64dc9164f65c7f:0
[45071984ms] [ERROR] AxiosError: Network Error
    at w.onerror (https://app.avest.fr/index.1779894461.js:85:16122) @ https://app.avest.fr/index.1779894461.js:90
[45071985ms] [ERROR] Failed to load resource: net::ERR_ADDRESS_UNREACHABLE @ https://api.avest.fr/v1/agency-groups:0
[45071985ms] [ERROR] Failed to load resource: net::ERR_ADDRESS_UNREACHABLE @ https://api.avest.fr/v1/sale/69e38dbc9ecc67b2d70cc31f/activities?activityView=email:0
[45071985ms] [ERROR] Failed to load resource: net::ERR_ADDRESS_UNREACHABLE @ https://api.avest.fr/v1/my-notary/sales/69e38dbc9ecc67b2d70cc31f/operation:0
[45071985ms] [ERROR] Failed to load resource: net::ERR_ADDRESS_UNREACHABLE @ https://api.avest.fr/v1/transactions/search?filter=%7B%7D&agencyGroup=69709812c0b6ac9d7a35154f&search=&saleIds%5B%5D=69e38dbc9ecc67b2d70cc31f&acquisitionIds%5B%5D=6a17e6859bb91d1947b47c38&acquisitionIds%5B%5D=6a17f8c99362c996f6e9711e:0
[45071985ms] [ERROR] Failed to load resource: net::ERR_ADDRESS_UNREACHABLE @ https://api.avest.fr/v1/transaction-activities?filter=%7B%22type%22:%22note%22,%22linkedDocument%22:%7B%22$in%22:%5B%2269e38dbc9ecc67b2d70cc31f%22,%2269e38dbb9ecc67b2d70cc13d%22%5D%7D%7D&sortField=completionDate&sortOrder=descending:0
[45071985ms] [ERROR] Failed to load resource: net::ERR_ADDRESS_UNREACHABLE @ https://api.avest.fr/v1/website?agency=698cb2ce239dd6ab399bc522:0
[45071985ms] [ERROR] Failed to load resource: net::ERR_ADDRESS_UNREACHABLE @ https://api.avest.fr/v1/agencies?filter=%7B%22isActive%22:true%7D:0
[45071989ms] [ERROR] AxiosError: Network Error
    at w.onerror (https://app.avest.fr/index.1779894461.js:85:16122) @ https://app.avest.fr/index.1779894461.js:90
[45071990ms] [ERROR] Failed to load resource: net::ERR_ADDRESS_UNREACHABLE @ https://api.avest.fr/v1/user/698202ef3c7adb8c3df2520a?displayOnly=true:0
[45071990ms] [ERROR] Failed to load resource: net::ERR_ADDRESS_UNREACHABLE @ https://api.avest.fr/v1/mailboxes:0
[45071990ms] [ERROR] AxiosError: Network Error
    at w.onerror (https://app.avest.fr/index.1779894461.js:85:16122) @ https://app.avest.fr/index.1779894461.js:90
[45071990ms] [ERROR] Failed to load resource: net::ERR_ADDRESS_UNREACHABLE @ https://api.avest.fr/v1/agency/698cb2ce239dd6ab399bc522:0
[45071991ms] [ERROR] AxiosError: Network Error
    at w.onerror (https://app.avest.fr/index.1779894461.js:85:16122) @ https://app.avest.fr/index.1779894461.js:90
[45071991ms] [ERROR] Failed to load resource: net::ERR_ADDRESS_UNREACHABLE @ https://api.avest.fr/v1/sale/69e38dbc9ecc67b2d70cc31f:0
[45071991ms] [ERROR] Failed to load resource: net::ERR_ADDRESS_UNREACHABLE @ https://api.avest.fr/v1/account:0
[45071991ms] [ERROR] Failed to load resource: net::ERR_ADDRESS_UNREACHABLE @ https://api.avest.fr/v1/websites:0
[45071991ms] [ERROR] Failed to load resource: net::ERR_ADDRESS_UNREACHABLE @ https://api.avest.fr/v1/rental-tags?agencies=698cb2ce239dd6ab399bc522:0
[45146586ms] [ERROR] WebSocket connection to 'wss://nexus-websocket-a.intercom.io/pubsub/5-Q97a96Qsh_bvCT3Yu2wSiJA6fb3jJzEAZA2GVFGHPqUsyIf2rCvI1jml0WC0gIS1RCKu-GEXSqbtUdi6b0pzTbnZf8MJSbU1bfMW?X-Nexus-New-Client=true&X-Nexus-Version=0.18.8&user_role=user' failed: Error in connection establishment: net::ERR_CONNECTION_TIMED_OUT @ https://js.intercomcdn.com/vendor-modern.60bbf292.js:1
[45192452ms] [ERROR] Failed to load resource: net::ERR_INTERNET_DISCONNECTED @ https://app.avest.fr/r/flags/?v=2&ip=0&_=1780087262289&ver=1.372.10&compression=base64:0
[46435760ms] [ERROR] Failed to load resource: net::ERR_INTERNET_DISCONNECTED @ https://app.avest.fr/r/flags/?v=2&ip=0&_=1780088505590&ver=1.372.10&compression=base64:0
[51002937ms] [ERROR] AxiosError: Network Error
    at w.onerror (https://app.avest.fr/index.1779894461.js:85:16122)
    at tu.request (https://app.avest.fr/index.1779894461.js:87:2231)
    at async tu.request (https://app.avest.fr/index.1779894461.js:87:2135)
    at async queryFn (https://app.avest.fr/useGetContactsOtherProjects.1779894461.js:1:6606) @ https://app.avest.fr/index.1779894461.js:90
[51002940ms] [ERROR] AxiosError: Network Error
    at w.onerror (https://app.avest.fr/index.1779894461.js:85:16122) @ https://app.avest.fr/index.1779894461.js:90
[51002940ms] [ERROR] AxiosError: Network Error
    at w.onerror (https://app.avest.fr/index.1779894461.js:85:16122) @ https://app.avest.fr/index.1779894461.js:90
[51002940ms] [ERROR] AxiosError: Network Error
    at w.onerror (https://app.avest.fr/index.1779894461.js:85:16122) @ https://app.avest.fr/index.1779894461.js:90
[51002940ms] [ERROR] AxiosError: Network Error
    at w.onerror (https://app.avest.fr/index.1779894461.js:85:16122) @ https://app.avest.fr/index.1779894461.js:90
[51002940ms] [ERROR] AxiosError: Network Error
    at w.onerror (https://app.avest.fr/index.1779894461.js:85:16122) @ https://app.avest.fr/index.1779894461.js:90
[51002940ms] [ERROR] AxiosError: Network Error
    at w.onerror (https://app.avest.fr/index.1779894461.js:85:16122) @ https://app.avest.fr/index.1779894461.js:90
[51002940ms] [ERROR] AxiosError: Network Error
    at w.onerror (https://app.avest.fr/index.1779894461.js:85:16122) @ https://app.avest.fr/index.1779894461.js:90
[51002940ms] [ERROR] AxiosError: Network Error
    at w.onerror (https://app.avest.fr/index.1779894461.js:85:16122) @ https://app.avest.fr/index.1779894461.js:90
[51002940ms] [ERROR] AxiosError: Network Error
    at w.onerror (https://app.avest.fr/index.1779894461.js:85:16122) @ https://app.avest.fr/index.1779894461.js:90
[51002941ms] [ERROR] AxiosError: Network Error
    at w.onerror (https://app.avest.fr/index.1779894461.js:85:16122)
    at tu.request (https://app.avest.fr/index.1779894461.js:87:2231)
    at async tu.request (https://app.avest.fr/index.1779894461.js:87:2135)
    at async queryFn (https://app.avest.fr/utils.17798944617.js:1:1167) @ https://app.avest.fr/index.1779894461.js:90
[51002941ms] [ERROR] AxiosError: Network Error
    at w.onerror (https://app.avest.fr/index.1779894461.js:85:16122) @ https://app.avest.fr/index.1779894461.js:90
[51002941ms] [ERROR] AxiosError: Network Error
    at w.onerror (https://app.avest.fr/index.1779894461.js:85:16122) @ https://app.avest.fr/index.1779894461.js:90
[51002941ms] [ERROR] AxiosError: Network Error
    at w.onerror (https://app.avest.fr/index.1779894461.js:85:16122) @ https://app.avest.fr/index.1779894461.js:90
[51002941ms] [ERROR] AxiosError: Network Error
    at w.onerror (https://app.avest.fr/index.1779894461.js:85:16122) @ https://app.avest.fr/index.1779894461.js:90
[51002941ms] [ERROR] AxiosError: Network Error
    at w.onerror (https://app.avest.fr/index.1779894461.js:85:16122) @ https://app.avest.fr/index.1779894461.js:90
[51002941ms] [ERROR] AxiosError: Network Error
    at w.onerror (https://app.avest.fr/index.1779894461.js:85:16122) @ https://app.avest.fr/index.1779894461.js:90
[51002941ms] [ERROR] AxiosError: Network Error
    at w.onerror (https://app.avest.fr/index.1779894461.js:85:16122) @ https://app.avest.fr/index.1779894461.js:90
[51002941ms] [ERROR] AxiosError: Network Error
    at w.onerror (https://app.avest.fr/index.1779894461.js:85:16122) @ https://app.avest.fr/index.1779894461.js:90
[51003277ms] [ERROR] Failed to load resource: net::ERR_NETWORK_CHANGED @ https://app.avest.fr/meta.json?cb=1780093072786:0
[51003277ms] [ERROR] TypeError: Failed to fetch
    at queryFn (https://app.avest.fr/index.1779894461.js:91:59883)
    at Object.r [as fn] (https://app.avest.fr/index.1779894461.js:10:49504)
    at _ (https://app.avest.fr/index.1779894461.js:10:43962) @ https://app.avest.fr/index.1779894461.js:90
[51003279ms] [ERROR] Failed to load resource: net::ERR_NETWORK_CHANGED @ https://api.avest.fr/v1/sale/69e38dbc9ecc67b2d70cc31f:0
[51003279ms] [ERROR] Failed to load resource: net::ERR_NETWORK_CHANGED @ https://api.avest.fr/v1/mailboxes:0
[51003279ms] [ERROR] Failed to load resource: net::ERR_NETWORK_CHANGED @ https://api.avest.fr/v1/websites:0
[51003279ms] [ERROR] Failed to load resource: net::ERR_NETWORK_CHANGED @ https://api.avest.fr/v1/website?agency=698cb2ce239dd6ab399bc522:0
[51003279ms] [ERROR] Failed to load resource: net::ERR_NETWORK_CHANGED @ https://api.avest.fr/v1/agencies?filter=%7B%22isActive%22:true%7D:0
[51003280ms] [ERROR] Failed to load resource: net::ERR_NETWORK_CHANGED @ https://api.avest.fr/v1/transactions/search?filter=%7B%7D&agencyGroup=69709812c0b6ac9d7a35154f&search=&saleIds%5B%5D=69e38dbc9ecc67b2d70cc31f&acquisitionIds%5B%5D=6a17e6859bb91d1947b47c38&acquisitionIds%5B%5D=6a17f8c99362c996f6e9711e:0
[51003280ms] [ERROR] Failed to load resource: net::ERR_NETWORK_CHANGED @ https://api.avest.fr/v1/account:0
[51003280ms] [ERROR] Failed to load resource: net::ERR_NETWORK_CHANGED @ https://api.avest.fr/v1/agency/698cb2ce239dd6ab399bc522:0
[51003280ms] [ERROR] Failed to load resource: net::ERR_NETWORK_CHANGED @ https://api.avest.fr/v1/agency-groups:0
[51003290ms] [ERROR] Failed to load resource: net::ERR_ADDRESS_UNREACHABLE @ https://api.avest.fr/v1/agency/698cb2ce239dd6ab399bc522:0
[51003290ms] [ERROR] Failed to load resource: net::ERR_ADDRESS_UNREACHABLE @ https://api.avest.fr/v1/transactions/search?filter=%7B%7D&agencyGroup=69709812c0b6ac9d7a35154f&search=&saleIds%5B%5D=69e38dbc9ecc67b2d70cc31f&acquisitionIds%5B%5D=6a17e6859bb91d1947b47c38&acquisitionIds%5B%5D=6a17f8c99362c996f6e9711e:0
[51003290ms] [ERROR] Failed to load resource: net::ERR_ADDRESS_UNREACHABLE @ https://api.avest.fr/v1/account:0
[51003290ms] [ERROR] Failed to load resource: net::ERR_ADDRESS_UNREACHABLE @ https://api.avest.fr/v1/websites:0
[51003290ms] [ERROR] Failed to load resource: net::ERR_ADDRESS_UNREACHABLE @ https://api.avest.fr/v1/agencies?filter=%7B%22isActive%22:true%7D:0
[51003290ms] [ERROR] Failed to load resource: net::ERR_ADDRESS_UNREACHABLE @ https://api.avest.fr/v1/mailboxes:0
[51003290ms] [ERROR] Failed to load resource: net::ERR_ADDRESS_UNREACHABLE @ https://api.avest.fr/v1/sale/69e38dbc9ecc67b2d70cc31f:0
[51003290ms] [ERROR] Failed to load resource: net::ERR_ADDRESS_UNREACHABLE @ https://api.avest.fr/v1/website?agency=698cb2ce239dd6ab399bc522:0
[51003290ms] [ERROR] AxiosError: Network Error
    at w.onerror (https://app.avest.fr/index.1779894461.js:85:16122) @ https://app.avest.fr/index.1779894461.js:90
[51003290ms] [ERROR] Failed to load resource: net::ERR_ADDRESS_UNREACHABLE @ https://api.avest.fr/v1/agency-groups:0
[51077856ms] [ERROR] Failed to load resource: net::ERR_INTERNET_DISCONNECTED @ https://app.avest.fr/r/flags/?v=2&ip=0&_=1780093147692&ver=1.372.10&compression=base64:0
[51077965ms] [ERROR] WebSocket connection to 'wss://nexus-websocket-a.intercom.io/pubsub/5-Q97a96Qsh_bvCT3Yu2wSiJA6fb3jJzEAZA2GVFGHPqUsyIf2rCvI1jml0WC0gIS1RCKu-GEXSqbtUdi6b0pzTbnZf8MJSbU1bfMW?X-Nexus-New-Client=true&X-Nexus-Version=0.18.8&user_role=user' failed: Error in connection establishment: net::ERR_INTERNET_DISCONNECTED @ https://js.intercomcdn.com/vendor-modern.60bbf292.js:1
[51377862ms] [ERROR] Failed to load resource: net::ERR_INTERNET_DISCONNECTED @ https://app.avest.fr/r/flags/?v=2&ip=0&_=1780093447694&ver=1.372.10&compression=base64:0
[55911249ms] [ERROR] Failed to load resource: net::ERR_INTERNET_DISCONNECTED @ https://app.avest.fr/r/flags/?v=2&ip=0&_=1780097981090&ver=1.372.10&compression=base64:0
[59448205ms] [ERROR] Failed to load resource: net::ERR_INTERNET_DISCONNECTED @ https://app.avest.fr/r/flags/?v=2&ip=0&_=1780101518041&ver=1.372.10&compression=base64:0
[63671928ms] [ERROR] Failed to load resource: net::ERR_INTERNET_DISCONNECTED @ https://app.avest.fr/r/flags/?v=2&ip=0&_=1780105741763&ver=1.372.10&compression=base64:0
[65894845ms] [ERROR] Failed to load resource: net::ERR_INTERNET_DISCONNECTED @ https://app.avest.fr/r/flags/?v=2&ip=0&_=1780107964680&ver=1.372.10&compression=base64:0
[66194845ms] [ERROR] Failed to load resource: net::ERR_INTERNET_DISCONNECTED @ https://app.avest.fr/r/flags/?v=2&ip=0&_=1780108264678&ver=1.372.10&compression=base64:0
[66494844ms] [ERROR] Failed to load resource: net::ERR_INTERNET_DISCONNECTED @ https://app.avest.fr/r/flags/?v=2&ip=0&_=1780108564681&ver=1.372.10&compression=base64:0
[66794839ms] [ERROR] Failed to load resource: net::ERR_INTERNET_DISCONNECTED @ https://app.avest.fr/r/flags/?v=2&ip=0&_=1780108864678&ver=1.372.10&compression=base64:0
[67094836ms] [ERROR] Failed to load resource: net::ERR_INTERNET_DISCONNECTED @ https://app.avest.fr/r/flags/?v=2&ip=0&_=1780109164676&ver=1.372.10&compression=base64:0
[67394836ms] [ERROR] Failed to load resource: net::ERR_INTERNET_DISCONNECTED @ https://app.avest.fr/r/flags/?v=2&ip=0&_=1780109464677&ver=1.372.10&compression=base64:0
[67694842ms] [ERROR] Failed to load resource: net::ERR_INTERNET_DISCONNECTED @ https://app.avest.fr/r/flags/?v=2&ip=0&_=1780109764678&ver=1.372.10&compression=base64:0
[67994843ms] [ERROR] Failed to load resource: net::ERR_INTERNET_DISCONNECTED @ https://app.avest.fr/r/flags/?v=2&ip=0&_=1780110064679&ver=1.372.10&compression=base64:0
[68294835ms] [ERROR] Failed to load resource: net::ERR_INTERNET_DISCONNECTED @ https://app.avest.fr/r/flags/?v=2&ip=0&_=1780110364676&ver=1.372.10&compression=base64:0
[68594841ms] [ERROR] Failed to load resource: net::ERR_INTERNET_DISCONNECTED @ https://app.avest.fr/r/flags/?v=2&ip=0&_=1780110664678&ver=1.372.10&compression=base64:0
[68894837ms] [ERROR] Failed to load resource: net::ERR_INTERNET_DISCONNECTED @ https://app.avest.fr/r/flags/?v=2&ip=0&_=1780110964678&ver=1.372.10&compression=base64:0
[69194836ms] [ERROR] Failed to load resource: net::ERR_INTERNET_DISCONNECTED @ https://app.avest.fr/r/flags/?v=2&ip=0&_=1780111264677&ver=1.372.10&compression=base64:0
[69494847ms] [ERROR] Failed to load resource: net::ERR_INTERNET_DISCONNECTED @ https://app.avest.fr/r/flags/?v=2&ip=0&_=1780111564685&ver=1.372.10&compression=base64:0
[69794839ms] [ERROR] Failed to load resource: net::ERR_INTERNET_DISCONNECTED @ https://app.avest.fr/r/flags/?v=2&ip=0&_=1780111864676&ver=1.372.10&compression=base64:0
[70094847ms] [ERROR] Failed to load resource: net::ERR_INTERNET_DISCONNECTED @ https://app.avest.fr/r/flags/?v=2&ip=0&_=1780112164681&ver=1.372.10&compression=base64:0
[70394835ms] [ERROR] Failed to load resource: net::ERR_INTERNET_DISCONNECTED @ https://app.avest.fr/r/flags/?v=2&ip=0&_=1780112464676&ver=1.372.10&compression=base64:0
[70555922ms] [ERROR] Failed to load resource: net::ERR_NETWORK_CHANGED @ https://app.avest.fr/meta.json?cb=1780112625303:0
[70555923ms] [ERROR] TypeError: Failed to fetch
    at queryFn (https://app.avest.fr/index.1779894461.js:91:59883)
    at Object.r [as fn] (https://app.avest.fr/index.1779894461.js:10:49504)
    at _ (https://app.avest.fr/index.1779894461.js:10:43962) @ https://app.avest.fr/index.1779894461.js:90
[70555926ms] [ERROR] Failed to load resource: net::ERR_NETWORK_CHANGED @ https://api.avest.fr/v1/agency-groups:0
[70555926ms] [ERROR] Failed to load resource: net::ERR_NETWORK_CHANGED @ https://api.avest.fr/v1/mailboxes:0
[70555927ms] [ERROR] Failed to load resource: net::ERR_NETWORK_CHANGED @ https://api.avest.fr/v1/websites:0
[70555927ms] [ERROR] Failed to load resource: net::ERR_NETWORK_CHANGED @ https://api.avest.fr/v1/agency/698cb2ce239dd6ab399bc522:0
[70555927ms] [ERROR] Failed to load resource: net::ERR_NETWORK_CHANGED @ https://api.avest.fr/v1/website?agency=698cb2ce239dd6ab399bc522:0
[70555927ms] [ERROR] Failed to load resource: net::ERR_NETWORK_CHANGED @ https://api.avest.fr/v1/agencies?filter=%7B%22isActive%22:true%7D:0
[70555927ms] [ERROR] Failed to load resource: net::ERR_NETWORK_CHANGED @ https://api.avest.fr/v1/transactions/search?filter=%7B%7D&agencyGroup=69709812c0b6ac9d7a35154f&search=&saleIds%5B%5D=69e38dbc9ecc67b2d70cc31f&acquisitionIds%5B%5D=6a17e6859bb91d1947b47c38&acquisitionIds%5B%5D=6a17f8c99362c996f6e9711e:0
[70555928ms] [ERROR] Failed to load resource: net::ERR_NETWORK_CHANGED @ https://api.avest.fr/v1/account:0
[70555928ms] [ERROR] Failed to load resource: net::ERR_NETWORK_CHANGED @ https://api.avest.fr/v1/sale/69e38dbc9ecc67b2d70cc31f:0
[70556019ms] [ERROR] AxiosError: Network Error
    at w.onerror (https://app.avest.fr/index.1779894461.js:85:16122) @ https://app.avest.fr/index.1779894461.js:90
[70556019ms] [ERROR] Failed to load resource: net::ERR_ADDRESS_UNREACHABLE @ https://api.avest.fr/v1/transactions/search?filter=%7B%7D&agencyGroup=69709812c0b6ac9d7a35154f&search=&saleIds%5B%5D=69e38dbc9ecc67b2d70cc31f&acquisitionIds%5B%5D=6a17e6859bb91d1947b47c38&acquisitionIds%5B%5D=6a17f8c99362c996f6e9711e:0
[70556019ms] [ERROR] AxiosError: Network Error
    at w.onerror (https://app.avest.fr/index.1779894461.js:85:16122) @ https://app.avest.fr/index.1779894461.js:90
[70556020ms] [ERROR] Failed to load resource: net::ERR_ADDRESS_UNREACHABLE @ https://api.avest.fr/v1/account:0
[70556020ms] [ERROR] AxiosError: Network Error
    at w.onerror (https://app.avest.fr/index.1779894461.js:85:16122) @ https://app.avest.fr/index.1779894461.js:90
[70556020ms] [ERROR] Failed to load resource: net::ERR_ADDRESS_UNREACHABLE @ https://api.avest.fr/v1/websites:0
[70556020ms] [ERROR] AxiosError: Network Error
    at w.onerror (https://app.avest.fr/index.1779894461.js:85:16122) @ https://app.avest.fr/index.1779894461.js:90
[70556020ms] [ERROR] Failed to load resource: net::ERR_ADDRESS_UNREACHABLE @ https://api.avest.fr/v1/agencies?filter=%7B%22isActive%22:true%7D:0
[70556020ms] [ERROR] Failed to load resource: net::ERR_ADDRESS_UNREACHABLE @ https://api.avest.fr/v1/agency/698cb2ce239dd6ab399bc522:0
[70556020ms] [ERROR] AxiosError: Network Error
    at w.onerror (https://app.avest.fr/index.1779894461.js:85:16122) @ https://app.avest.fr/index.1779894461.js:90
[70556020ms] [ERROR] Failed to load resource: net::ERR_ADDRESS_UNREACHABLE @ https://api.avest.fr/v1/mailboxes:0
[70556020ms] [ERROR] AxiosError: Network Error
    at w.onerror (https://app.avest.fr/index.1779894461.js:85:16122) @ https://app.avest.fr/index.1779894461.js:90
[70556020ms] [ERROR] Failed to load resource: net::ERR_ADDRESS_UNREACHABLE @ https://api.avest.fr/v1/website?agency=698cb2ce239dd6ab399bc522:0
[70556020ms] [ERROR] AxiosError: Network Error
    at w.onerror (https://app.avest.fr/index.1779894461.js:85:16122) @ https://app.avest.fr/index.1779894461.js:90
[70556020ms] [ERROR] Failed to load resource: net::ERR_ADDRESS_UNREACHABLE @ https://api.avest.fr/v1/agency-groups:0
[70556020ms] [ERROR] Failed to load resource: net::ERR_ADDRESS_UNREACHABLE @ https://api.avest.fr/v1/sale/69e38dbc9ecc67b2d70cc31f:0
[71522371ms] [ERROR] WebSocket connection to 'wss://nexus-websocket-a.intercom.io/pubsub/5-Q97a96Qsh_bvCT3Yu2wSiJA6fb3jJzEAZA2GVFGHPqUsyIf2rCvI1jml0WC0gIS1RCKu-GEXSqbtUdi6b0pzTbnZf8MJSbU1bfMW?X-Nexus-New-Client=true&X-Nexus-Version=0.18.8&user_role=user' failed: Error in connection establishment: net::ERR_CONNECTION_TIMED_OUT @ https://js.intercomcdn.com/vendor-modern.60bbf292.js:1
[73609046ms] [ERROR] Failed to load resource: net::ERR_INTERNET_DISCONNECTED @ https://app.avest.fr/r/flags/?v=2&ip=0&_=1780115678880&ver=1.372.10&compression=base64:0
[74635701ms] [ERROR] WebSocket connection to 'wss://nexus-websocket-a.intercom.io/pubsub/5-Q97a96Qsh_bvCT3Yu2wSiJA6fb3jJzEAZA2GVFGHPqUsyIf2rCvI1jml0WC0gIS1RCKu-GEXSqbtUdi6b0pzTbnZf8MJSbU1bfMW?X-Nexus-New-Client=true&X-Nexus-Version=0.18.8&user_role=user' failed: Error in connection establishment: net::ERR_NAME_NOT_RESOLVED @ https://js.intercomcdn.com/vendor-modern.60bbf292.js:1
[74635858ms] [ERROR] Failed to load resource: net::ERR_NETWORK_CHANGED @ https://app.avest.fr/meta.json?cb=1780116705477:0
[74635859ms] [ERROR] TypeError: Failed to fetch
    at queryFn (https://app.avest.fr/index.1779894461.js:91:59883)
    at Object.r [as fn] (https://app.avest.fr/index.1779894461.js:10:49504)
    at _ (https://app.avest.fr/index.1779894461.js:10:43962)
    at Object.start (https://app.avest.fr/index.1779894461.js:10:44423)
    at xV.fetch (https://app.avest.fr/index.1779894461.js:10:50313)
    at #h (https://app.avest.fr/index.1779894461.js:10:54922)
    at $V.fetch (https://app.avest.fr/index.1779894461.js:10:54809)
    at $V.refetch (https://app.avest.fr/index.1779894461.js:10:54621)
    at xV.onOnline (https://app.avest.fr/index.1779894461.js:10:48171)
    at https://app.avest.fr/index.1779894461.js:10:66700 @ https://app.avest.fr/index.1779894461.js:90
[74635864ms] [ERROR] Failed to load resource: net::ERR_NETWORK_CHANGED @ https://api.avest.fr/v1/mailboxes:0
[74635864ms] [ERROR] Failed to load resource: net::ERR_NETWORK_CHANGED @ https://api.avest.fr/v1/websites:0
[74635865ms] [ERROR] Failed to load resource: net::ERR_NETWORK_CHANGED @ https://api.avest.fr/v1/website?agency=698cb2ce239dd6ab399bc522:0
[74635866ms] [ERROR] Failed to load resource: net::ERR_NETWORK_CHANGED @ https://api.avest.fr/v1/agencies?filter=%7B%22isActive%22:true%7D:0
[74635866ms] [ERROR] Failed to load resource: net::ERR_NETWORK_CHANGED @ https://api.avest.fr/v1/agency-groups:0
[74635866ms] [ERROR] Failed to load resource: net::ERR_NETWORK_CHANGED @ https://api.avest.fr/v1/transactions/search?filter=%7B%7D&agencyGroup=69709812c0b6ac9d7a35154f&search=&saleIds%5B%5D=69e38dbc9ecc67b2d70cc31f&acquisitionIds%5B%5D=6a17e6859bb91d1947b47c38&acquisitionIds%5B%5D=6a17f8c99362c996f6e9711e:0
[74635867ms] [ERROR] Failed to load resource: net::ERR_NETWORK_CHANGED @ https://api.avest.fr/v1/account:0
[74635867ms] [ERROR] Failed to load resource: net::ERR_NETWORK_CHANGED @ https://api.avest.fr/v1/agency/698cb2ce239dd6ab399bc522:0
[74635867ms] [ERROR] Failed to load resource: net::ERR_NETWORK_CHANGED @ https://api.avest.fr/v1/sale/69e38dbc9ecc67b2d70cc31f:0
[74635884ms] [ERROR] Failed to load resource: net::ERR_ADDRESS_UNREACHABLE @ https://api.avest.fr/v1/agency/698cb2ce239dd6ab399bc522:0
[74635884ms] [ERROR] Failed to load resource: net::ERR_ADDRESS_UNREACHABLE @ https://api.avest.fr/v1/account:0
[74635884ms] [ERROR] Failed to load resource: net::ERR_ADDRESS_UNREACHABLE @ https://api.avest.fr/v1/agencies?filter=%7B%22isActive%22:true%7D:0
[74635887ms] [ERROR] Failed to load resource: net::ERR_ADDRESS_UNREACHABLE @ https://api.avest.fr/v1/website?agency=698cb2ce239dd6ab399bc522:0
[74635887ms] [ERROR] Failed to load resource: net::ERR_ADDRESS_UNREACHABLE @ https://api.avest.fr/v1/transactions/search?filter=%7B%7D&agencyGroup=69709812c0b6ac9d7a35154f&search=&saleIds%5B%5D=69e38dbc9ecc67b2d70cc31f&acquisitionIds%5B%5D=6a17e6859bb91d1947b47c38&acquisitionIds%5B%5D=6a17f8c99362c996f6e9711e:0
[74635887ms] [ERROR] Failed to load resource: net::ERR_ADDRESS_UNREACHABLE @ https://api.avest.fr/v1/websites:0
[74635887ms] [ERROR] AxiosError: Network Error
    at w.onerror (https://app.avest.fr/index.1779894461.js:85:16122) @ https://app.avest.fr/index.1779894461.js:90
[74635888ms] [ERROR] Failed to load resource: net::ERR_ADDRESS_UNREACHABLE @ https://api.avest.fr/v1/agency-groups:0
[74635888ms] [ERROR] Failed to load resource: net::ERR_ADDRESS_UNREACHABLE @ https://api.avest.fr/v1/mailboxes:0
[74635888ms] [ERROR] Failed to load resource: net::ERR_ADDRESS_UNREACHABLE @ https://api.avest.fr/v1/sale/69e38dbc9ecc67b2d70cc31f:0
[76826660ms] [ERROR] WebSocket connection to 'wss://nexus-websocket-a.intercom.io/pubsub/5-Q97a96Qsh_bvCT3Yu2wSiJA6fb3jJzEAZA2GVFGHPqUsyIf2rCvI1jml0WC0gIS1RCKu-GEXSqbtUdi6b0pzTbnZf8MJSbU1bfMW?X-Nexus-New-Client=true&X-Nexus-Version=0.18.8&user_role=user' failed: Error in connection establishment: net::ERR_INTERNET_DISCONNECTED @ https://js.intercomcdn.com/vendor-modern.60bbf292.js:1
[76830500ms] [ERROR] WebSocket connection to 'wss://nexus-websocket-a.intercom.io/pubsub/5-Q97a96Qsh_bvCT3Yu2wSiJA6fb3jJzEAZA2GVFGHPqUsyIf2rCvI1jml0WC0gIS1RCKu-GEXSqbtUdi6b0pzTbnZf8MJSbU1bfMW?X-Nexus-New-Client=true&X-Nexus-Version=0.18.8&user_role=user' failed: Error in connection establishment: net::ERR_INTERNET_DISCONNECTED @ https://js.intercomcdn.com/vendor-modern.60bbf292.js:1
[76839578ms] [ERROR] WebSocket connection to 'wss://nexus-websocket-a.intercom.io/pubsub/5-Q97a96Qsh_bvCT3Yu2wSiJA6fb3jJzEAZA2GVFGHPqUsyIf2rCvI1jml0WC0gIS1RCKu-GEXSqbtUdi6b0pzTbnZf8MJSbU1bfMW?X-Nexus-New-Client=true&X-Nexus-Version=0.18.8&user_role=user' failed: Error in connection establishment: net::ERR_INTERNET_DISCONNECTED @ https://js.intercomcdn.com/vendor-modern.60bbf292.js:1
[77811223ms] [ERROR] WebSocket connection to 'wss://nexus-websocket-a.intercom.io/pubsub/5-Q97a96Qsh_bvCT3Yu2wSiJA6fb3jJzEAZA2GVFGHPqUsyIf2rCvI1jml0WC0gIS1RCKu-GEXSqbtUdi6b0pzTbnZf8MJSbU1bfMW?X-Nexus-New-Client=true&X-Nexus-Version=0.18.8&user_role=user' failed: Error in connection establishment: net::ERR_INTERNET_DISCONNECTED @ https://js.intercomcdn.com/vendor-modern.60bbf292.js:1
[77840588ms] [ERROR] Failed to load resource: net::ERR_INTERNET_DISCONNECTED @ https://app.avest.fr/r/flags/?v=2&ip=0&_=1780119910400&ver=1.372.10&compression=base64:0
[77847117ms] [ERROR] WebSocket connection to 'wss://nexus-websocket-a.intercom.io/pubsub/5-Q97a96Qsh_bvCT3Yu2wSiJA6fb3jJzEAZA2GVFGHPqUsyIf2rCvI1jml0WC0gIS1RCKu-GEXSqbtUdi6b0pzTbnZf8MJSbU1bfMW?X-Nexus-New-Client=true&X-Nexus-Version=0.18.8&user_role=user' failed: Error in connection establishment: net::ERR_INTERNET_DISCONNECTED @ https://js.intercomcdn.com/vendor-modern.60bbf292.js:1
[77911764ms] [ERROR] WebSocket connection to 'wss://nexus-websocket-a.intercom.io/pubsub/5-Q97a96Qsh_bvCT3Yu2wSiJA6fb3jJzEAZA2GVFGHPqUsyIf2rCvI1jml0WC0gIS1RCKu-GEXSqbtUdi6b0pzTbnZf8MJSbU1bfMW?X-Nexus-New-Client=true&X-Nexus-Version=0.18.8&user_role=user' failed: Error in connection establishment: net::ERR_INTERNET_DISCONNECTED @ https://js.intercomcdn.com/vendor-modern.60bbf292.js:1
[78978352ms] [ERROR] WebSocket connection to 'wss://nexus-websocket-a.intercom.io/pubsub/5-Q97a96Qsh_bvCT3Yu2wSiJA6fb3jJzEAZA2GVFGHPqUsyIf2rCvI1jml0WC0gIS1RCKu-GEXSqbtUdi6b0pzTbnZf8MJSbU1bfMW?X-Nexus-New-Client=true&X-Nexus-Version=0.18.8&user_role=user' failed: Error in connection establishment: net::ERR_INTERNET_DISCONNECTED @ https://js.intercomcdn.com/vendor-modern.60bbf292.js:1
[80964718ms] [ERROR] Failed to load resource: net::ERR_INTERNET_DISCONNECTED @ https://app.avest.fr/r/flags/?v=2&ip=0&_=1780123034551&ver=1.372.10&compression=base64:0
[82531256ms] [ERROR] WebSocket connection to 'wss://nexus-websocket-a.intercom.io/pubsub/5-Q97a96Qsh_bvCT3Yu2wSiJA6fb3jJzEAZA2GVFGHPqUsyIf2rCvI1jml0WC0gIS1RCKu-GEXSqbtUdi6b0pzTbnZf8MJSbU1bfMW?X-Nexus-New-Client=true&X-Nexus-Version=0.18.8&user_role=user' failed: Error in connection establishment: net::ERR_INTERNET_DISCONNECTED @ https://js.intercomcdn.com/vendor-modern.60bbf292.js:1
[82646740ms] [ERROR] Failed to load resource: net::ERR_INTERNET_DISCONNECTED @ https://app.avest.fr/r/flags/?v=2&ip=0&_=1780124716579&ver=1.372.10&compression=base64:0
[84540914ms] [ERROR] WebSocket connection to 'wss://nexus-websocket-a.intercom.io/pubsub/5-Q97a96Qsh_bvCT3Yu2wSiJA6fb3jJzEAZA2GVFGHPqUsyIf2rCvI1jml0WC0gIS1RCKu-GEXSqbtUdi6b0pzTbnZf8MJSbU1bfMW?X-Nexus-New-Client=true&X-Nexus-Version=0.18.8&user_role=user' failed: Error in connection establishment: net::ERR_INTERNET_DISCONNECTED @ https://js.intercomcdn.com/vendor-modern.60bbf292.js:1
[84548397ms] [ERROR] Failed to load resource: net::ERR_INTERNET_DISCONNECTED @ https://app.avest.fr/r/flags/?v=2&ip=0&_=1780126618235&ver=1.372.10&compression=base64:0
[87249221ms] [ERROR] Failed to load resource: net::ERR_INTERNET_DISCONNECTED @ https://app.avest.fr/r/flags/?v=2&ip=0&_=1780129319056&ver=1.372.10&compression=base64:0
[89990553ms] [ERROR] Failed to load resource: net::ERR_INTERNET_DISCONNECTED @ https://app.avest.fr/r/flags/?v=2&ip=0&_=1780132060391&ver=1.372.10&compression=base64:0
[91039783ms] [ERROR] WebSocket connection to 'wss://nexus-websocket-a.intercom.io/pubsub/5-Q97a96Qsh_bvCT3Yu2wSiJA6fb3jJzEAZA2GVFGHPqUsyIf2rCvI1jml0WC0gIS1RCKu-GEXSqbtUdi6b0pzTbnZf8MJSbU1bfMW?X-Nexus-New-Client=true&X-Nexus-Version=0.18.8&user_role=user' failed: Error in connection establishment: net::ERR_INTERNET_DISCONNECTED @ https://js.intercomcdn.com/vendor-modern.60bbf292.js:1
[91043229ms] [ERROR] WebSocket connection to 'wss://nexus-websocket-a.intercom.io/pubsub/5-Q97a96Qsh_bvCT3Yu2wSiJA6fb3jJzEAZA2GVFGHPqUsyIf2rCvI1jml0WC0gIS1RCKu-GEXSqbtUdi6b0pzTbnZf8MJSbU1bfMW?X-Nexus-New-Client=true&X-Nexus-Version=0.18.8&user_role=user' failed: Error in connection establishment: net::ERR_INTERNET_DISCONNECTED @ https://js.intercomcdn.com/vendor-modern.60bbf292.js:1
[91046033ms] [ERROR] WebSocket connection to 'wss://nexus-websocket-a.intercom.io/pubsub/5-Q97a96Qsh_bvCT3Yu2wSiJA6fb3jJzEAZA2GVFGHPqUsyIf2rCvI1jml0WC0gIS1RCKu-GEXSqbtUdi6b0pzTbnZf8MJSbU1bfMW?X-Nexus-New-Client=true&X-Nexus-Version=0.18.8&user_role=user' failed: Error in connection establishment: net::ERR_INTERNET_DISCONNECTED @ https://js.intercomcdn.com/vendor-modern.60bbf292.js:1
[91053851ms] [ERROR] WebSocket connection to 'wss://nexus-websocket-a.intercom.io/pubsub/5-Q97a96Qsh_bvCT3Yu2wSiJA6fb3jJzEAZA2GVFGHPqUsyIf2rCvI1jml0WC0gIS1RCKu-GEXSqbtUdi6b0pzTbnZf8MJSbU1bfMW?X-Nexus-New-Client=true&X-Nexus-Version=0.18.8&user_role=user' failed: Error in connection establishment: net::ERR_INTERNET_DISCONNECTED @ https://js.intercomcdn.com/vendor-modern.60bbf292.js:1
[91078845ms] [ERROR] WebSocket connection to 'wss://nexus-websocket-a.intercom.io/pubsub/5-Q97a96Qsh_bvCT3Yu2wSiJA6fb3jJzEAZA2GVFGHPqUsyIf2rCvI1jml0WC0gIS1RCKu-GEXSqbtUdi6b0pzTbnZf8MJSbU1bfMW?X-Nexus-New-Client=true&X-Nexus-Version=0.18.8&user_role=user' failed: Error in connection establishment: net::ERR_INTERNET_DISCONNECTED @ https://js.intercomcdn.com/vendor-modern.60bbf292.js:1
[92475528ms] [ERROR] WebSocket connection to 'wss://nexus-websocket-a.intercom.io/pubsub/5-Q97a96Qsh_bvCT3Yu2wSiJA6fb3jJzEAZA2GVFGHPqUsyIf2rCvI1jml0WC0gIS1RCKu-GEXSqbtUdi6b0pzTbnZf8MJSbU1bfMW?X-Nexus-New-Client=true&X-Nexus-Version=0.18.8&user_role=user' failed: Error in connection establishment: net::ERR_INTERNET_DISCONNECTED @ https://js.intercomcdn.com/vendor-modern.60bbf292.js:1
[92512456ms] [ERROR] WebSocket connection to 'wss://nexus-websocket-a.intercom.io/pubsub/5-Q97a96Qsh_bvCT3Yu2wSiJA6fb3jJzEAZA2GVFGHPqUsyIf2rCvI1jml0WC0gIS1RCKu-GEXSqbtUdi6b0pzTbnZf8MJSbU1bfMW?X-Nexus-New-Client=true&X-Nexus-Version=0.18.8&user_role=user' failed: Error in connection establishment: net::ERR_INTERNET_DISCONNECTED @ https://js.intercomcdn.com/vendor-modern.60bbf292.js:1
[93550536ms] [ERROR] WebSocket connection to 'wss://nexus-websocket-a.intercom.io/pubsub/5-Q97a96Qsh_bvCT3Yu2wSiJA6fb3jJzEAZA2GVFGHPqUsyIf2rCvI1jml0WC0gIS1RCKu-GEXSqbtUdi6b0pzTbnZf8MJSbU1bfMW?X-Nexus-New-Client=true&X-Nexus-Version=0.18.8&user_role=user' failed: Error in connection establishment: net::ERR_INTERNET_DISCONNECTED @ https://js.intercomcdn.com/vendor-modern.60bbf292.js:1
[93576844ms] [ERROR] Failed to load resource: net::ERR_INTERNET_DISCONNECTED @ https://app.avest.fr/r/flags/?v=2&ip=0&_=1780135646675&ver=1.372.10&compression=base64:0
[94640762ms] [ERROR] Failed to load resource: net::ERR_ADDRESS_UNREACHABLE @ https://app.avest.fr/meta.json?cb=1780136710322:0
[94640762ms] [ERROR] TypeError: Failed to fetch
    at queryFn (https://app.avest.fr/index.1779894461.js:91:59883)
    at Object.r [as fn] (https://app.avest.fr/index.1779894461.js:10:49504)
    at _ (https://app.avest.fr/index.1779894461.js:10:43962) @ https://app.avest.fr/index.1779894461.js:90
[94640769ms] [ERROR] Failed to load resource: net::ERR_NETWORK_CHANGED @ https://api.avest.fr/v1/agency-groups:0
[94640769ms] [ERROR] Failed to load resource: net::ERR_NETWORK_CHANGED @ https://api.avest.fr/v1/mailboxes:0
[94640769ms] [ERROR] Failed to load resource: net::ERR_NETWORK_CHANGED @ https://api.avest.fr/v1/websites:0
[94640769ms] [ERROR] Failed to load resource: net::ERR_NETWORK_CHANGED @ https://api.avest.fr/v1/agency/698cb2ce239dd6ab399bc522:0
[94640769ms] [ERROR] Failed to load resource: net::ERR_NETWORK_CHANGED @ https://api.avest.fr/v1/website?agency=698cb2ce239dd6ab399bc522:0
[94640770ms] [ERROR] Failed to load resource: net::ERR_NETWORK_CHANGED @ https://api.avest.fr/v1/agencies?filter=%7B%22isActive%22:true%7D:0
[94640770ms] [ERROR] Failed to load resource: net::ERR_NETWORK_CHANGED @ https://api.avest.fr/v1/transactions/search?filter=%7B%7D&agencyGroup=69709812c0b6ac9d7a35154f&search=&saleIds%5B%5D=69e38dbc9ecc67b2d70cc31f&acquisitionIds%5B%5D=6a17e6859bb91d1947b47c38&acquisitionIds%5B%5D=6a17f8c99362c996f6e9711e:0
[94640770ms] [ERROR] Failed to load resource: net::ERR_NETWORK_CHANGED @ https://api.avest.fr/v1/account:0
[94640770ms] [ERROR] Failed to load resource: net::ERR_NETWORK_CHANGED @ https://api.avest.fr/v1/sale/69e38dbc9ecc67b2d70cc31f:0
[94640812ms] [ERROR] Failed to load resource: net::ERR_ADDRESS_UNREACHABLE @ https://api.avest.fr/v1/transactions/search?filter=%7B%7D&agencyGroup=69709812c0b6ac9d7a35154f&search=&saleIds%5B%5D=69e38dbc9ecc67b2d70cc31f&acquisitionIds%5B%5D=6a17e6859bb91d1947b47c38&acquisitionIds%5B%5D=6a17f8c99362c996f6e9711e:0
[94640812ms] [ERROR] Failed to load resource: net::ERR_ADDRESS_UNREACHABLE @ https://api.avest.fr/v1/account:0
[94640812ms] [ERROR] Failed to load resource: net::ERR_ADDRESS_UNREACHABLE @ https://api.avest.fr/v1/websites:0
[94640812ms] [ERROR] Failed to load resource: net::ERR_ADDRESS_UNREACHABLE @ https://api.avest.fr/v1/website?agency=698cb2ce239dd6ab399bc522:0
[94640812ms] [ERROR] Failed to load resource: net::ERR_ADDRESS_UNREACHABLE @ https://api.avest.fr/v1/agencies?filter=%7B%22isActive%22:true%7D:0
[94640812ms] [ERROR] Failed to load resource: net::ERR_ADDRESS_UNREACHABLE @ https://api.avest.fr/v1/mailboxes:0
[94640812ms] [ERROR] Failed to load resource: net::ERR_ADDRESS_UNREACHABLE @ https://api.avest.fr/v1/agency/698cb2ce239dd6ab399bc522:0
[94640812ms] [ERROR] AxiosError: Network Error
    at w.onerror (https://app.avest.fr/index.1779894461.js:85:16122) @ https://app.avest.fr/index.1779894461.js:90
[94640813ms] [ERROR] Failed to load resource: net::ERR_ADDRESS_UNREACHABLE @ https://api.avest.fr/v1/agency-groups:0
[94640813ms] [ERROR] Failed to load resource: net::ERR_ADDRESS_UNREACHABLE @ https://api.avest.fr/v1/sale/69e38dbc9ecc67b2d70cc31f:0
[95690355ms] [ERROR] WebSocket connection to 'wss://nexus-websocket-a.intercom.io/pubsub/5-Q97a96Qsh_bvCT3Yu2wSiJA6fb3jJzEAZA2GVFGHPqUsyIf2rCvI1jml0WC0gIS1RCKu-GEXSqbtUdi6b0pzTbnZf8MJSbU1bfMW?X-Nexus-New-Client=true&X-Nexus-Version=0.18.8&user_role=user' failed: Error in connection establishment: net::ERR_CONNECTION_TIMED_OUT @ https://js.intercomcdn.com/vendor-modern.60bbf292.js:1
[96182528ms] [ERROR] Failed to load resource: net::ERR_INTERNET_DISCONNECTED @ https://app.avest.fr/r/flags/?v=2&ip=0&_=1780138252363&ver=1.372.10&compression=base64:0
[96818913ms] [ERROR] Failed to load resource: net::ERR_INTERNET_DISCONNECTED @ https://app.avest.fr/r/flags/?v=2&ip=0&_=1780138888749&ver=1.372.10&compression=base64:0
[97118906ms] [ERROR] Failed to load resource: net::ERR_INTERNET_DISCONNECTED @ https://app.avest.fr/r/flags/?v=2&ip=0&_=1780139188743&ver=1.372.10&compression=base64:0
[97418911ms] [ERROR] Failed to load resource: net::ERR_INTERNET_DISCONNECTED @ https://app.avest.fr/r/flags/?v=2&ip=0&_=1780139488748&ver=1.372.10&compression=base64:0
[98488773ms] [ERROR] Failed to load resource: net::ERR_NETWORK_CHANGED @ https://app.avest.fr/meta.json?cb=1780140558279:0
[98488773ms] [ERROR] TypeError: Failed to fetch
    at queryFn (https://app.avest.fr/index.1779894461.js:91:59883)
    at Object.r [as fn] (https://app.avest.fr/index.1779894461.js:10:49504)
    at _ (https://app.avest.fr/index.1779894461.js:10:43962) @ https://app.avest.fr/index.1779894461.js:90
[98488776ms] [ERROR] Failed to load resource: net::ERR_NETWORK_CHANGED @ https://api.avest.fr/v1/agency-groups:0
[98488776ms] [ERROR] Failed to load resource: net::ERR_NETWORK_CHANGED @ https://api.avest.fr/v1/mailboxes:0
[98488777ms] [ERROR] Failed to load resource: net::ERR_NETWORK_CHANGED @ https://api.avest.fr/v1/websites:0
[98488777ms] [ERROR] Failed to load resource: net::ERR_NETWORK_CHANGED @ https://api.avest.fr/v1/agency/698cb2ce239dd6ab399bc522:0
[98488777ms] [ERROR] Failed to load resource: net::ERR_NETWORK_CHANGED @ https://api.avest.fr/v1/website?agency=698cb2ce239dd6ab399bc522:0
[98488778ms] [ERROR] Failed to load resource: net::ERR_NETWORK_CHANGED @ https://api.avest.fr/v1/agencies?filter=%7B%22isActive%22:true%7D:0
[98488778ms] [ERROR] Failed to load resource: net::ERR_NETWORK_CHANGED @ https://api.avest.fr/v1/transactions/search?filter=%7B%7D&agencyGroup=69709812c0b6ac9d7a35154f&search=&saleIds%5B%5D=69e38dbc9ecc67b2d70cc31f&acquisitionIds%5B%5D=6a17e6859bb91d1947b47c38&acquisitionIds%5B%5D=6a17f8c99362c996f6e9711e:0
[98488778ms] [ERROR] Failed to load resource: net::ERR_NETWORK_CHANGED @ https://api.avest.fr/v1/account:0
[98488778ms] [ERROR] Failed to load resource: net::ERR_NETWORK_CHANGED @ https://api.avest.fr/v1/sale/69e38dbc9ecc67b2d70cc31f:0
[98488784ms] [ERROR] Failed to load resource: net::ERR_ADDRESS_UNREACHABLE @ https://api.avest.fr/v1/transactions/search?filter=%7B%7D&agencyGroup=69709812c0b6ac9d7a35154f&search=&saleIds%5B%5D=69e38dbc9ecc67b2d70cc31f&acquisitionIds%5B%5D=6a17e6859bb91d1947b47c38&acquisitionIds%5B%5D=6a17f8c99362c996f6e9711e:0
[98488784ms] [ERROR] Failed to load resource: net::ERR_ADDRESS_UNREACHABLE @ https://api.avest.fr/v1/account:0
[98488784ms] [ERROR] Failed to load resource: net::ERR_ADDRESS_UNREACHABLE @ https://api.avest.fr/v1/websites:0
[98488784ms] [ERROR] Failed to load resource: net::ERR_ADDRESS_UNREACHABLE @ https://api.avest.fr/v1/agencies?filter=%7B%22isActive%22:true%7D:0
[98488784ms] [ERROR] Failed to load resource: net::ERR_ADDRESS_UNREACHABLE @ https://api.avest.fr/v1/agency/698cb2ce239dd6ab399bc522:0
[98488784ms] [ERROR] Failed to load resource: net::ERR_ADDRESS_UNREACHABLE @ https://api.avest.fr/v1/mailboxes:0
[98488784ms] [ERROR] Failed to load resource: net::ERR_ADDRESS_UNREACHABLE @ https://api.avest.fr/v1/website?agency=698cb2ce239dd6ab399bc522:0
[98488784ms] [ERROR] AxiosError: Network Error
    at w.onerror (https://app.avest.fr/index.1779894461.js:85:16122) @ https://app.avest.fr/index.1779894461.js:90
[98488785ms] [ERROR] Failed to load resource: net::ERR_ADDRESS_UNREACHABLE @ https://api.avest.fr/v1/agency-groups:0
[98488785ms] [ERROR] Failed to load resource: net::ERR_ADDRESS_UNREACHABLE @ https://api.avest.fr/v1/sale/69e38dbc9ecc67b2d70cc31f:0
[99456249ms] [ERROR] WebSocket connection to 'wss://nexus-websocket-a.intercom.io/pubsub/5-Q97a96Qsh_bvCT3Yu2wSiJA6fb3jJzEAZA2GVFGHPqUsyIf2rCvI1jml0WC0gIS1RCKu-GEXSqbtUdi6b0pzTbnZf8MJSbU1bfMW?X-Nexus-New-Client=true&X-Nexus-Version=0.18.8&user_role=user' failed: Error in connection establishment: net::ERR_CONNECTION_TIMED_OUT @ https://js.intercomcdn.com/vendor-modern.60bbf292.js:1
[100861555ms] [ERROR] Failed to load resource: net::ERR_INTERNET_DISCONNECTED @ https://app.avest.fr/r/flags/?v=2&ip=0&_=1780142931392&ver=1.372.10&compression=base64:0
[103473031ms] [ERROR] Failed to load resource: net::ERR_INTERNET_DISCONNECTED @ https://app.avest.fr/r/flags/?v=2&ip=0&_=1780145542864&ver=1.372.10&compression=base64:0
[104455378ms] [ERROR] Failed to load resource: net::ERR_NETWORK_CHANGED @ https://app.avest.fr/meta.json?cb=1780146525101:0
[104455383ms] [ERROR] TypeError: Failed to fetch
    at queryFn (https://app.avest.fr/index.1779894461.js:91:59883)
    at Object.r [as fn] (https://app.avest.fr/index.1779894461.js:10:49504)
    at _ (https://app.avest.fr/index.1779894461.js:10:43962) @ https://app.avest.fr/index.1779894461.js:90
[104455394ms] [ERROR] Failed to load resource: net::ERR_NETWORK_CHANGED @ https://api.avest.fr/v1/agency-groups:0
[104455395ms] [ERROR] Failed to load resource: net::ERR_NETWORK_CHANGED @ https://api.avest.fr/v1/mailboxes:0
[104455395ms] [ERROR] Failed to load resource: net::ERR_NETWORK_CHANGED @ https://api.avest.fr/v1/websites:0
[104455395ms] [ERROR] Failed to load resource: net::ERR_NETWORK_CHANGED @ https://api.avest.fr/v1/agency/698cb2ce239dd6ab399bc522:0
[104455395ms] [ERROR] Failed to load resource: net::ERR_NETWORK_CHANGED @ https://api.avest.fr/v1/website?agency=698cb2ce239dd6ab399bc522:0
[104455395ms] [ERROR] Failed to load resource: net::ERR_NETWORK_CHANGED @ https://api.avest.fr/v1/agencies?filter=%7B%22isActive%22:true%7D:0
[104455396ms] [ERROR] Failed to load resource: net::ERR_NETWORK_CHANGED @ https://api.avest.fr/v1/transactions/search?filter=%7B%7D&agencyGroup=69709812c0b6ac9d7a35154f&search=&saleIds%5B%5D=69e38dbc9ecc67b2d70cc31f&acquisitionIds%5B%5D=6a17e6859bb91d1947b47c38&acquisitionIds%5B%5D=6a17f8c99362c996f6e9711e:0
[104455396ms] [ERROR] Failed to load resource: net::ERR_NETWORK_CHANGED @ https://api.avest.fr/v1/account:0
[104455396ms] [ERROR] Failed to load resource: net::ERR_NETWORK_CHANGED @ https://api.avest.fr/v1/sale/69e38dbc9ecc67b2d70cc31f:0
[104455412ms] [ERROR] AxiosError: Network Error
    at w.onerror (https://app.avest.fr/index.1779894461.js:85:16122) @ https://app.avest.fr/index.1779894461.js:90
[104455412ms] [ERROR] Failed to load resource: net::ERR_ADDRESS_UNREACHABLE @ https://api.avest.fr/v1/account:0
[104455413ms] [ERROR] AxiosError: Network Error
    at w.onerror (https://app.avest.fr/index.1779894461.js:85:16122) @ https://app.avest.fr/index.1779894461.js:90
[104455413ms] [ERROR] Failed to load resource: net::ERR_ADDRESS_UNREACHABLE @ https://api.avest.fr/v1/websites:0
[104455413ms] [ERROR] AxiosError: Network Error
    at w.onerror (https://app.avest.fr/index.1779894461.js:85:16122) @ https://app.avest.fr/index.1779894461.js:90
[104455413ms] [ERROR] Failed to load resource: net::ERR_ADDRESS_UNREACHABLE @ https://api.avest.fr/v1/agency/698cb2ce239dd6ab399bc522:0
[104455414ms] [ERROR] AxiosError: Network Error
    at w.onerror (https://app.avest.fr/index.1779894461.js:85:16122) @ https://app.avest.fr/index.1779894461.js:90
[104455414ms] [ERROR] Failed to load resource: net::ERR_ADDRESS_UNREACHABLE @ https://api.avest.fr/v1/agencies?filter=%7B%22isActive%22:true%7D:0
[104455414ms] [ERROR] AxiosError: Network Error
    at w.onerror (https://app.avest.fr/index.1779894461.js:85:16122) @ https://app.avest.fr/index.1779894461.js:90
[104455415ms] [ERROR] Failed to load resource: net::ERR_ADDRESS_UNREACHABLE @ https://api.avest.fr/v1/transactions/search?filter=%7B%7D&agencyGroup=69709812c0b6ac9d7a35154f&search=&saleIds%5B%5D=69e38dbc9ecc67b2d70cc31f&acquisitionIds%5B%5D=6a17e6859bb91d1947b47c38&acquisitionIds%5B%5D=6a17f8c99362c996f6e9711e:0
[104455415ms] [ERROR] AxiosError: Network Error
    at w.onerror (https://app.avest.fr/index.1779894461.js:85:16122) @ https://app.avest.fr/index.1779894461.js:90
[104455415ms] [ERROR] Failed to load resource: net::ERR_ADDRESS_UNREACHABLE @ https://api.avest.fr/v1/mailboxes:0
[104455415ms] [ERROR] AxiosError: Network Error
    at w.onerror (https://app.avest.fr/index.1779894461.js:85:16122) @ https://app.avest.fr/index.1779894461.js:90
[104455415ms] [ERROR] Failed to load resource: net::ERR_ADDRESS_UNREACHABLE @ https://api.avest.fr/v1/agency-groups:0
[104455415ms] [ERROR] AxiosError: Network Error
    at w.onerror (https://app.avest.fr/index.1779894461.js:85:16122) @ https://app.avest.fr/index.1779894461.js:90
[104455415ms] [ERROR] Failed to load resource: net::ERR_ADDRESS_UNREACHABLE @ https://api.avest.fr/v1/website?agency=698cb2ce239dd6ab399bc522:0
[104455415ms] [ERROR] AxiosError: Network Error
    at w.onerror (https://app.avest.fr/index.1779894461.js:85:16122) @ https://app.avest.fr/index.1779894461.js:90
[104455416ms] [ERROR] Failed to load resource: net::ERR_ADDRESS_UNREACHABLE @ https://api.avest.fr/v1/sale/69e38dbc9ecc67b2d70cc31f:0
[105463975ms] [ERROR] WebSocket connection to 'wss://nexus-websocket-a.intercom.io/pubsub/5-Q97a96Qsh_bvCT3Yu2wSiJA6fb3jJzEAZA2GVFGHPqUsyIf2rCvI1jml0WC0gIS1RCKu-GEXSqbtUdi6b0pzTbnZf8MJSbU1bfMW?X-Nexus-New-Client=true&X-Nexus-Version=0.18.8&user_role=user' failed: Error in connection establishment: net::ERR_INTERNET_DISCONNECTED @ https://js.intercomcdn.com/vendor-modern.60bbf292.js:1
[105464776ms] [ERROR] Failed to load resource: net::ERR_NETWORK_CHANGED @ https://app.avest.fr/meta.json?cb=1780147534523:0
[105464778ms] [ERROR] TypeError: Failed to fetch
    at queryFn (https://app.avest.fr/index.1779894461.js:91:59883)
    at Object.r [as fn] (https://app.avest.fr/index.1779894461.js:10:49504)
    at _ (https://app.avest.fr/index.1779894461.js:10:43962)
    at Object.start (https://app.avest.fr/index.1779894461.js:10:44423)
    at xV.fetch (https://app.avest.fr/index.1779894461.js:10:50313)
    at #h (https://app.avest.fr/index.1779894461.js:10:54922)
    at $V.fetch (https://app.avest.fr/index.1779894461.js:10:54809)
    at $V.refetch (https://app.avest.fr/index.1779894461.js:10:54621)
    at xV.onOnline (https://app.avest.fr/index.1779894461.js:10:48171)
    at https://app.avest.fr/index.1779894461.js:10:66700 @ https://app.avest.fr/index.1779894461.js:90
[105464780ms] [ERROR] Failed to load resource: net::ERR_NETWORK_CHANGED @ https://api.avest.fr/v1/mailboxes:0
[105464781ms] [ERROR] Failed to load resource: net::ERR_NETWORK_CHANGED @ https://api.avest.fr/v1/websites:0
[105464783ms] [ERROR] Failed to load resource: net::ERR_NETWORK_CHANGED @ https://api.avest.fr/v1/agency/698cb2ce239dd6ab399bc522:0
[105464785ms] [ERROR] Failed to load resource: net::ERR_NETWORK_CHANGED @ https://api.avest.fr/v1/website?agency=698cb2ce239dd6ab399bc522:0
[105464786ms] [ERROR] Failed to load resource: net::ERR_NETWORK_CHANGED @ https://api.avest.fr/v1/agencies?filter=%7B%22isActive%22:true%7D:0
[105464790ms] [ERROR] Failed to load resource: net::ERR_NETWORK_CHANGED @ https://api.avest.fr/v1/transactions/search?filter=%7B%7D&agencyGroup=69709812c0b6ac9d7a35154f&search=&saleIds%5B%5D=69e38dbc9ecc67b2d70cc31f&acquisitionIds%5B%5D=6a17e6859bb91d1947b47c38&acquisitionIds%5B%5D=6a17f8c99362c996f6e9711e:0
[105464791ms] [ERROR] Failed to load resource: net::ERR_NETWORK_CHANGED @ https://api.avest.fr/v1/account:0
[105464791ms] [ERROR] Failed to load resource: net::ERR_NETWORK_CHANGED @ https://api.avest.fr/v1/agency-groups:0
[105464791ms] [ERROR] Failed to load resource: net::ERR_NETWORK_CHANGED @ https://api.avest.fr/v1/sale/69e38dbc9ecc67b2d70cc31f:0
[105464800ms] [ERROR] Failed to load resource: net::ERR_INTERNET_DISCONNECTED @ https://api.avest.fr/v1/account:0
[105464801ms] [ERROR] AxiosError: Network Error
    at w.onerror (https://app.avest.fr/index.1779894461.js:85:16122) @ https://app.avest.fr/index.1779894461.js:90
[105464801ms] [ERROR] Failed to load resource: net::ERR_INTERNET_DISCONNECTED @ https://api.avest.fr/v1/agency-groups:0
[105464802ms] [ERROR] Failed to load resource: net::ERR_INTERNET_DISCONNECTED @ https://api.avest.fr/v1/website?agency=698cb2ce239dd6ab399bc522:0
[105464802ms] [ERROR] Failed to load resource: net::ERR_INTERNET_DISCONNECTED @ https://api.avest.fr/v1/agency/698cb2ce239dd6ab399bc522:0
[105464802ms] [ERROR] Failed to load resource: net::ERR_INTERNET_DISCONNECTED @ https://api.avest.fr/v1/transactions/search?filter=%7B%7D&agencyGroup=69709812c0b6ac9d7a35154f&search=&saleIds%5B%5D=69e38dbc9ecc67b2d70cc31f&acquisitionIds%5B%5D=6a17e6859bb91d1947b47c38&acquisitionIds%5B%5D=6a17f8c99362c996f6e9711e:0
[105464802ms] [ERROR] Failed to load resource: net::ERR_INTERNET_DISCONNECTED @ https://api.avest.fr/v1/websites:0
[105464802ms] [ERROR] Failed to load resource: net::ERR_INTERNET_DISCONNECTED @ https://api.avest.fr/v1/agencies?filter=%7B%22isActive%22:true%7D:0
[105464802ms] [ERROR] Failed to load resource: net::ERR_INTERNET_DISCONNECTED @ https://api.avest.fr/v1/mailboxes:0
[105464802ms] [ERROR] Failed to load resource: net::ERR_INTERNET_DISCONNECTED @ https://api.avest.fr/v1/sale/69e38dbc9ecc67b2d70cc31f:0
[106532722ms] [ERROR] WebSocket connection to 'wss://nexus-websocket-a.intercom.io/pubsub/5-Q97a96Qsh_bvCT3Yu2wSiJA6fb3jJzEAZA2GVFGHPqUsyIf2rCvI1jml0WC0gIS1RCKu-GEXSqbtUdi6b0pzTbnZf8MJSbU1bfMW?X-Nexus-New-Client=true&X-Nexus-Version=0.18.8&user_role=user' failed: Error in connection establishment: net::ERR_CONNECTION_TIMED_OUT @ https://js.intercomcdn.com/vendor-modern.60bbf292.js:1
[107095580ms] [ERROR] Failed to load resource: net::ERR_NETWORK_CHANGED @ https://app.avest.fr/meta.json?cb=1780149165245:0
[107095580ms] [ERROR] TypeError: Failed to fetch
    at queryFn (https://app.avest.fr/index.1779894461.js:91:59883)
    at Object.r [as fn] (https://app.avest.fr/index.1779894461.js:10:49504)
    at _ (https://app.avest.fr/index.1779894461.js:10:43962)
    at Object.start (https://app.avest.fr/index.1779894461.js:10:44423)
    at xV.fetch (https://app.avest.fr/index.1779894461.js:10:50313)
    at #h (https://app.avest.fr/index.1779894461.js:10:54922)
    at $V.fetch (https://app.avest.fr/index.1779894461.js:10:54809)
    at $V.refetch (https://app.avest.fr/index.1779894461.js:10:54621)
    at xV.onOnline (https://app.avest.fr/index.1779894461.js:10:48171)
    at https://app.avest.fr/index.1779894461.js:10:66700 @ https://app.avest.fr/index.1779894461.js:90
[107095582ms] [ERROR] Failed to load resource: net::ERR_NETWORK_CHANGED @ https://api.avest.fr/v1/agencies?filter=%7B%22isActive%22:true%7D:0
[107095582ms] [ERROR] Failed to load resource: net::ERR_NETWORK_CHANGED @ https://api.avest.fr/v1/transactions/search?filter=%7B%7D&agencyGroup=69709812c0b6ac9d7a35154f&search=&saleIds%5B%5D=69e38dbc9ecc67b2d70cc31f&acquisitionIds%5B%5D=6a17e6859bb91d1947b47c38&acquisitionIds%5B%5D=6a17f8c99362c996f6e9711e:0
[107095582ms] [ERROR] Failed to load resource: net::ERR_NETWORK_CHANGED @ https://api.avest.fr/v1/agency-groups:0
[107095582ms] [ERROR] Failed to load resource: net::ERR_NETWORK_CHANGED @ https://api.avest.fr/v1/mailboxes:0
[107095582ms] [ERROR] Failed to load resource: net::ERR_NETWORK_CHANGED @ https://api.avest.fr/v1/websites:0
[107095582ms] [ERROR] Failed to load resource: net::ERR_NETWORK_CHANGED @ https://api.avest.fr/v1/agency/698cb2ce239dd6ab399bc522:0
[107095583ms] [ERROR] Failed to load resource: net::ERR_NETWORK_CHANGED @ https://api.avest.fr/v1/website?agency=698cb2ce239dd6ab399bc522:0
[107095584ms] [ERROR] Failed to load resource: net::ERR_NETWORK_CHANGED @ https://api.avest.fr/v1/account:0
[107095586ms] [ERROR] Failed to load resource: net::ERR_NETWORK_CHANGED @ https://api.avest.fr/v1/sale/69e38dbc9ecc67b2d70cc31f:0
[107095639ms] [ERROR] Failed to load resource: net::ERR_ADDRESS_UNREACHABLE @ https://api.avest.fr/v1/mailboxes:0
[107095639ms] [ERROR] AxiosError: Network Error
    at w.onerror (https://app.avest.fr/index.1779894461.js:85:16122) @ https://app.avest.fr/index.1779894461.js:90
[107095640ms] [ERROR] Failed to load resource: net::ERR_ADDRESS_UNREACHABLE @ https://api.avest.fr/v1/agency-groups:0
[107095640ms] [ERROR] Failed to load resource: net::ERR_ADDRESS_UNREACHABLE @ https://api.avest.fr/v1/transactions/search?filter=%7B%7D&agencyGroup=69709812c0b6ac9d7a35154f&search=&saleIds%5B%5D=69e38dbc9ecc67b2d70cc31f&acquisitionIds%5B%5D=6a17e6859bb91d1947b47c38&acquisitionIds%5B%5D=6a17f8c99362c996f6e9711e:0
[107095640ms] [ERROR] Failed to load resource: net::ERR_ADDRESS_UNREACHABLE @ https://api.avest.fr/v1/websites:0
[107095640ms] [ERROR] Failed to load resource: net::ERR_ADDRESS_UNREACHABLE @ https://api.avest.fr/v1/agencies?filter=%7B%22isActive%22:true%7D:0
[107095643ms] [ERROR] Failed to load resource: net::ERR_ADDRESS_UNREACHABLE @ https://api.avest.fr/v1/agency/698cb2ce239dd6ab399bc522:0
[107095644ms] [ERROR] Failed to load resource: net::ERR_ADDRESS_UNREACHABLE @ https://api.avest.fr/v1/website?agency=698cb2ce239dd6ab399bc522:0
[107095644ms] [ERROR] Failed to load resource: net::ERR_ADDRESS_UNREACHABLE @ https://api.avest.fr/v1/account:0
[107095644ms] [ERROR] Failed to load resource: net::ERR_ADDRESS_UNREACHABLE @ https://api.avest.fr/v1/sale/69e38dbc9ecc67b2d70cc31f:0
[107162231ms] [ERROR] Failed to load resource: net::ERR_INTERNET_DISCONNECTED @ https://app.avest.fr/r/flags/?v=2&ip=0&_=1780149232067&ver=1.372.10&compression=base64:0
[107170425ms] [ERROR] WebSocket connection to 'wss://nexus-websocket-a.intercom.io/pubsub/5-Q97a96Qsh_bvCT3Yu2wSiJA6fb3jJzEAZA2GVFGHPqUsyIf2rCvI1jml0WC0gIS1RCKu-GEXSqbtUdi6b0pzTbnZf8MJSbU1bfMW?X-Nexus-New-Client=true&X-Nexus-Version=0.18.8&user_role=user' failed: Error in connection establishment: net::ERR_CONNECTION_TIMED_OUT @ https://js.intercomcdn.com/vendor-modern.60bbf292.js:1
[110354106ms] [ERROR] Failed to load resource: net::ERR_INTERNET_DISCONNECTED @ https://app.avest.fr/r/flags/?v=2&ip=0&_=1780152423940&ver=1.372.10&compression=base64:0
[111003584ms] [ERROR] Failed to load resource: net::ERR_INTERNET_DISCONNECTED @ https://app.avest.fr/r/flags/?v=2&ip=0&_=1780153073419&ver=1.372.10&compression=base64:0
[113019611ms] [ERROR] Failed to load resource: net::ERR_NETWORK_CHANGED @ https://app.avest.fr/meta.json?cb=1780155089120:0
[113019612ms] [ERROR] TypeError: Failed to fetch
    at queryFn (https://app.avest.fr/index.1779894461.js:91:59883)
    at Object.r [as fn] (https://app.avest.fr/index.1779894461.js:10:49504)
    at _ (https://app.avest.fr/index.1779894461.js:10:43962) @ https://app.avest.fr/index.1779894461.js:90
[113019725ms] [ERROR] Failed to load resource: net::ERR_ADDRESS_UNREACHABLE @ https://api.avest.fr/v1/agency-groups:0
[113019725ms] [ERROR] Failed to load resource: net::ERR_ADDRESS_UNREACHABLE @ https://api.avest.fr/v1/mailboxes:0
[113019726ms] [ERROR] Failed to load resource: net::ERR_ADDRESS_UNREACHABLE @ https://api.avest.fr/v1/websites:0
[113019726ms] [ERROR] Failed to load resource: net::ERR_ADDRESS_UNREACHABLE @ https://api.avest.fr/v1/agency/698cb2ce239dd6ab399bc522:0
[113019726ms] [ERROR] Failed to load resource: net::ERR_ADDRESS_UNREACHABLE @ https://api.avest.fr/v1/website?agency=698cb2ce239dd6ab399bc522:0
[113019726ms] [ERROR] Failed to load resource: net::ERR_ADDRESS_UNREACHABLE @ https://api.avest.fr/v1/agencies?filter=%7B%22isActive%22:true%7D:0
[113019726ms] [ERROR] Failed to load resource: net::ERR_ADDRESS_UNREACHABLE @ https://api.avest.fr/v1/transactions/search?filter=%7B%7D&agencyGroup=69709812c0b6ac9d7a35154f&search=&saleIds%5B%5D=69e38dbc9ecc67b2d70cc31f&acquisitionIds%5B%5D=6a17e6859bb91d1947b47c38&acquisitionIds%5B%5D=6a17f8c99362c996f6e9711e:0
[113019728ms] [ERROR] Failed to load resource: net::ERR_ADDRESS_UNREACHABLE @ https://api.avest.fr/v1/account:0
[113019728ms] [ERROR] Failed to load resource: net::ERR_ADDRESS_UNREACHABLE @ https://api.avest.fr/v1/sale/69e38dbc9ecc67b2d70cc31f:0
[113019737ms] [ERROR] AxiosError: Network Error
    at w.onerror (https://app.avest.fr/index.1779894461.js:85:16122) @ https://app.avest.fr/index.1779894461.js:90
[113019737ms] [ERROR] Failed to load resource: net::ERR_ADDRESS_UNREACHABLE @ https://api.avest.fr/v1/agency-groups:0
[113019737ms] [ERROR] Failed to load resource: net::ERR_INTERNET_DISCONNECTED @ https://api.avest.fr/v1/mailboxes:0
[113019745ms] [ERROR] Failed to load resource: net::ERR_INTERNET_DISCONNECTED @ https://api.avest.fr/v1/sale/69e38dbc9ecc67b2d70cc31f:0
[113019746ms] [ERROR] Failed to load resource: net::ERR_INTERNET_DISCONNECTED @ https://api.avest.fr/v1/website?agency=698cb2ce239dd6ab399bc522:0
[113019746ms] [ERROR] Failed to load resource: net::ERR_INTERNET_DISCONNECTED @ https://api.avest.fr/v1/transactions/search?filter=%7B%7D&agencyGroup=69709812c0b6ac9d7a35154f&search=&saleIds%5B%5D=69e38dbc9ecc67b2d70cc31f&acquisitionIds%5B%5D=6a17e6859bb91d1947b47c38&acquisitionIds%5B%5D=6a17f8c99362c996f6e9711e:0
[113019746ms] [ERROR] Failed to load resource: net::ERR_INTERNET_DISCONNECTED @ https://api.avest.fr/v1/account:0
[113019746ms] [ERROR] Failed to load resource: net::ERR_INTERNET_DISCONNECTED @ https://api.avest.fr/v1/agencies?filter=%7B%22isActive%22:true%7D:0
[113019746ms] [ERROR] Failed to load resource: net::ERR_INTERNET_DISCONNECTED @ https://api.avest.fr/v1/agency/698cb2ce239dd6ab399bc522:0
[113019747ms] [ERROR] Failed to load resource: net::ERR_INTERNET_DISCONNECTED @ https://api.avest.fr/v1/websites:0
[114071253ms] [ERROR] WebSocket connection to 'wss://nexus-websocket-a.intercom.io/pubsub/5-Q97a96Qsh_bvCT3Yu2wSiJA6fb3jJzEAZA2GVFGHPqUsyIf2rCvI1jml0WC0gIS1RCKu-GEXSqbtUdi6b0pzTbnZf8MJSbU1bfMW?X-Nexus-New-Client=true&X-Nexus-Version=0.18.8&user_role=user' failed: Error in connection establishment: net::ERR_INTERNET_DISCONNECTED @ https://js.intercomcdn.com/vendor-modern.60bbf292.js:1
[114503489ms] [ERROR] Failed to load resource: net::ERR_INTERNET_DISCONNECTED @ https://app.avest.fr/r/flags/?v=2&ip=0&_=1780156573321&ver=1.372.10&compression=base64:0
[117835373ms] [ERROR] Failed to load resource: net::ERR_INTERNET_DISCONNECTED @ https://app.avest.fr/r/flags/?v=2&ip=0&_=1780159905202&ver=1.372.10&compression=base64:0
[117839246ms] [ERROR] WebSocket connection to 'wss://nexus-websocket-a.intercom.io/pubsub/5-Q97a96Qsh_bvCT3Yu2wSiJA6fb3jJzEAZA2GVFGHPqUsyIf2rCvI1jml0WC0gIS1RCKu-GEXSqbtUdi6b0pzTbnZf8MJSbU1bfMW?X-Nexus-New-Client=true&X-Nexus-Version=0.18.8&user_role=user' failed: Error in connection establishment: net::ERR_NAME_NOT_RESOLVED @ https://js.intercomcdn.com/vendor-modern.60bbf292.js:1
[117839295ms] [ERROR] Failed to load resource: net::ERR_NAME_NOT_RESOLVED @ https://api.avest.fr/v1/transactions/search?filter=%7B%7D&agencyGroup=69709812c0b6ac9d7a35154f&search=&saleIds%5B%5D=69e38dbc9ecc67b2d70cc31f&acquisitionIds%5B%5D=6a17e6859bb91d1947b47c38&acquisitionIds%5B%5D=6a17f8c99362c996f6e9711e:0
[117839295ms] [ERROR] Failed to load resource: net::ERR_NAME_NOT_RESOLVED @ https://api.avest.fr/v1/agency-groups:0
[117839295ms] [ERROR] Failed to load resource: net::ERR_NAME_NOT_RESOLVED @ https://api.avest.fr/v1/mailboxes:0
[117839295ms] [ERROR] Failed to load resource: net::ERR_NAME_NOT_RESOLVED @ https://api.avest.fr/v1/websites:0
[117839295ms] [ERROR] Failed to load resource: net::ERR_NAME_NOT_RESOLVED @ https://api.avest.fr/v1/agency/698cb2ce239dd6ab399bc522:0
[117839296ms] [ERROR] Failed to load resource: net::ERR_NAME_NOT_RESOLVED @ https://api.avest.fr/v1/website?agency=698cb2ce239dd6ab399bc522:0
[117839450ms] [ERROR] Failed to load resource: net::ERR_NETWORK_CHANGED @ https://app.avest.fr/meta.json?cb=1780159909069:0
[117839451ms] [ERROR] TypeError: Failed to fetch
    at queryFn (https://app.avest.fr/index.1779894461.js:91:59883)
    at Object.r [as fn] (https://app.avest.fr/index.1779894461.js:10:49504)
    at _ (https://app.avest.fr/index.1779894461.js:10:43962) @ https://app.avest.fr/index.1779894461.js:90
[117839453ms] [ERROR] Failed to load resource: net::ERR_NETWORK_CHANGED @ https://api.avest.fr/v1/agencies?filter=%7B%22isActive%22:true%7D:0
[117839453ms] [ERROR] Failed to load resource: net::ERR_NETWORK_CHANGED @ https://api.avest.fr/v1/account:0
[117839453ms] [ERROR] Failed to load resource: net::ERR_NETWORK_CHANGED @ https://api.avest.fr/v1/sale/69e38dbc9ecc67b2d70cc31f:0
[117839454ms] [ERROR] AxiosError: Network Error
    at w.onerror (https://app.avest.fr/index.1779894461.js:85:16122) @ https://app.avest.fr/index.1779894461.js:90
[117839454ms] [ERROR] Failed to load resource: net::ERR_NETWORK_CHANGED @ https://api.avest.fr/v1/transactions/search?filter=%7B%7D&agencyGroup=69709812c0b6ac9d7a35154f&search=&saleIds%5B%5D=69e38dbc9ecc67b2d70cc31f&acquisitionIds%5B%5D=6a17e6859bb91d1947b47c38&acquisitionIds%5B%5D=6a17f8c99362c996f6e9711e:0
[117839454ms] [ERROR] AxiosError: Network Error
    at w.onerror (https://app.avest.fr/index.1779894461.js:85:16122) @ https://app.avest.fr/index.1779894461.js:90
[117839454ms] [ERROR] Failed to load resource: net::ERR_NETWORK_CHANGED @ https://api.avest.fr/v1/agency-groups:0
[117839454ms] [ERROR] AxiosError: Network Error
    at w.onerror (https://app.avest.fr/index.1779894461.js:85:16122) @ https://app.avest.fr/index.1779894461.js:90
[117839454ms] [ERROR] Failed to load resource: net::ERR_NETWORK_CHANGED @ https://api.avest.fr/v1/mailboxes:0
[117839454ms] [ERROR] AxiosError: Network Error
    at w.onerror (https://app.avest.fr/index.1779894461.js:85:16122) @ https://app.avest.fr/index.1779894461.js:90
[117839454ms] [ERROR] Failed to load resource: net::ERR_NETWORK_CHANGED @ https://api.avest.fr/v1/websites:0
[117839454ms] [ERROR] Failed to load resource: net::ERR_NETWORK_CHANGED @ https://api.avest.fr/v1/agency/698cb2ce239dd6ab399bc522:0
[117839454ms] [ERROR] AxiosError: Network Error
    at w.onerror (https://app.avest.fr/index.1779894461.js:85:16122) @ https://app.avest.fr/index.1779894461.js:90
[117839455ms] [ERROR] Failed to load resource: net::ERR_NETWORK_CHANGED @ https://api.avest.fr/v1/website?agency=698cb2ce239dd6ab399bc522:0
[117839470ms] [ERROR] AxiosError: Network Error
    at w.onerror (https://app.avest.fr/index.1779894461.js:85:16122) @ https://app.avest.fr/index.1779894461.js:90
[117839470ms] [ERROR] Failed to load resource: net::ERR_ADDRESS_UNREACHABLE @ https://api.avest.fr/v1/account:0
[117839471ms] [ERROR] AxiosError: Network Error
    at w.onerror (https://app.avest.fr/index.1779894461.js:85:16122) @ https://app.avest.fr/index.1779894461.js:90
[117839471ms] [ERROR] Failed to load resource: net::ERR_ADDRESS_UNREACHABLE @ https://api.avest.fr/v1/agencies?filter=%7B%22isActive%22:true%7D:0
[117839471ms] [ERROR] Failed to load resource: net::ERR_ADDRESS_UNREACHABLE @ https://api.avest.fr/v1/sale/69e38dbc9ecc67b2d70cc31f:0
[119273500ms] [ERROR] Failed to load resource: net::ERR_INTERNET_DISCONNECTED @ https://app.avest.fr/r/flags/?v=2&ip=0&_=1780161343335&ver=1.372.10&compression=base64:0
[122773923ms] [ERROR] WebSocket connection to 'wss://nexus-websocket-a.intercom.io/pubsub/5-Q97a96Qsh_bvCT3Yu2wSiJA6fb3jJzEAZA2GVFGHPqUsyIf2rCvI1jml0WC0gIS1RCKu-GEXSqbtUdi6b0pzTbnZf8MJSbU1bfMW?X-Nexus-New-Client=true&X-Nexus-Version=0.18.8&user_role=user' failed: Error in connection establishment: net::ERR_INTERNET_DISCONNECTED @ https://js.intercomcdn.com/vendor-modern.60bbf292.js:1
[122776364ms] [ERROR] WebSocket connection to 'wss://nexus-websocket-a.intercom.io/pubsub/5-Q97a96Qsh_bvCT3Yu2wSiJA6fb3jJzEAZA2GVFGHPqUsyIf2rCvI1jml0WC0gIS1RCKu-GEXSqbtUdi6b0pzTbnZf8MJSbU1bfMW?X-Nexus-New-Client=true&X-Nexus-Version=0.18.8&user_role=user' failed: Error in connection establishment: net::ERR_INTERNET_DISCONNECTED @ https://js.intercomcdn.com/vendor-modern.60bbf292.js:1
[122786162ms] [ERROR] WebSocket connection to 'wss://nexus-websocket-a.intercom.io/pubsub/5-Q97a96Qsh_bvCT3Yu2wSiJA6fb3jJzEAZA2GVFGHPqUsyIf2rCvI1jml0WC0gIS1RCKu-GEXSqbtUdi6b0pzTbnZf8MJSbU1bfMW?X-Nexus-New-Client=true&X-Nexus-Version=0.18.8&user_role=user' failed: Error in connection establishment: net::ERR_INTERNET_DISCONNECTED @ https://js.intercomcdn.com/vendor-modern.60bbf292.js:1
[122800030ms] [ERROR] WebSocket connection to 'wss://nexus-websocket-a.intercom.io/pubsub/5-Q97a96Qsh_bvCT3Yu2wSiJA6fb3jJzEAZA2GVFGHPqUsyIf2rCvI1jml0WC0gIS1RCKu-GEXSqbtUdi6b0pzTbnZf8MJSbU1bfMW?X-Nexus-New-Client=true&X-Nexus-Version=0.18.8&user_role=user' failed: Error in connection establishment: net::ERR_INTERNET_DISCONNECTED @ https://js.intercomcdn.com/vendor-modern.60bbf292.js:1
[122802973ms] [ERROR] Failed to load resource: net::ERR_INTERNET_DISCONNECTED @ https://app.avest.fr/r/flags/?v=2&ip=0&_=1780164872809&ver=1.372.10&compression=base64:0
[122820868ms] [ERROR] WebSocket connection to 'wss://nexus-websocket-a.intercom.io/pubsub/5-Q97a96Qsh_bvCT3Yu2wSiJA6fb3jJzEAZA2GVFGHPqUsyIf2rCvI1jml0WC0gIS1RCKu-GEXSqbtUdi6b0pzTbnZf8MJSbU1bfMW?X-Nexus-New-Client=true&X-Nexus-Version=0.18.8&user_role=user' failed: Error in connection establishment: net::ERR_INTERNET_DISCONNECTED @ https://js.intercomcdn.com/vendor-modern.60bbf292.js:1
[122839577ms] [ERROR] WebSocket connection to 'wss://nexus-websocket-a.intercom.io/pubsub/5-Q97a96Qsh_bvCT3Yu2wSiJA6fb3jJzEAZA2GVFGHPqUsyIf2rCvI1jml0WC0gIS1RCKu-GEXSqbtUdi6b0pzTbnZf8MJSbU1bfMW?X-Nexus-New-Client=true&X-Nexus-Version=0.18.8&user_role=user' failed: Error in connection establishment: net::ERR_INTERNET_DISCONNECTED @ https://js.intercomcdn.com/vendor-modern.60bbf292.js:1
[123858964ms] [ERROR] WebSocket connection to 'wss://nexus-websocket-a.intercom.io/pubsub/5-Q97a96Qsh_bvCT3Yu2wSiJA6fb3jJzEAZA2GVFGHPqUsyIf2rCvI1jml0WC0gIS1RCKu-GEXSqbtUdi6b0pzTbnZf8MJSbU1bfMW?X-Nexus-New-Client=true&X-Nexus-Version=0.18.8&user_role=user' failed: Error in connection establishment: net::ERR_INTERNET_DISCONNECTED @ https://js.intercomcdn.com/vendor-modern.60bbf292.js:1
[125032537ms] [ERROR] WebSocket connection to 'wss://nexus-websocket-a.intercom.io/pubsub/5-Q97a96Qsh_bvCT3Yu2wSiJA6fb3jJzEAZA2GVFGHPqUsyIf2rCvI1jml0WC0gIS1RCKu-GEXSqbtUdi6b0pzTbnZf8MJSbU1bfMW?X-Nexus-New-Client=true&X-Nexus-Version=0.18.8&user_role=user' failed: Error in connection establishment: net::ERR_INTERNET_DISCONNECTED @ https://js.intercomcdn.com/vendor-modern.60bbf292.js:1
[125073118ms] [ERROR] Failed to load resource: net::ERR_INTERNET_DISCONNECTED @ https://app.avest.fr/r/flags/?v=2&ip=0&_=1780167142953&ver=1.372.10&compression=base64:0
[125373111ms] [ERROR] Failed to load resource: net::ERR_INTERNET_DISCONNECTED @ https://app.avest.fr/r/flags/?v=2&ip=0&_=1780167442953&ver=1.372.10&compression=base64:0
[125572445ms] [ERROR] WebSocket connection to 'wss://nexus-websocket-a.intercom.io/pubsub/5-Q97a96Qsh_bvCT3Yu2wSiJA6fb3jJzEAZA2GVFGHPqUsyIf2rCvI1jml0WC0gIS1RCKu-GEXSqbtUdi6b0pzTbnZf8MJSbU1bfMW?X-Nexus-New-Client=true&X-Nexus-Version=0.18.8&user_role=user' failed: Error in connection establishment: net::ERR_INTERNET_DISCONNECTED @ https://js.intercomcdn.com/vendor-modern.60bbf292.js:1
[125673120ms] [ERROR] Failed to load resource: net::ERR_INTERNET_DISCONNECTED @ https://app.avest.fr/r/flags/?v=2&ip=0&_=1780167742957&ver=1.372.10&compression=base64:0
[126729886ms] [ERROR] Failed to load resource: net::ERR_NETWORK_CHANGED @ https://app.avest.fr/meta.json?cb=1780168799197:0
[126729886ms] [ERROR] TypeError: Failed to fetch
    at queryFn (https://app.avest.fr/index.1779894461.js:91:59883)
    at Object.r [as fn] (https://app.avest.fr/index.1779894461.js:10:49504)
    at _ (https://app.avest.fr/index.1779894461.js:10:43962) @ https://app.avest.fr/index.1779894461.js:90
[126729889ms] [ERROR] Failed to load resource: net::ERR_NETWORK_CHANGED @ https://api.avest.fr/v1/mailboxes:0
[126729890ms] [ERROR] Failed to load resource: net::ERR_NETWORK_CHANGED @ https://api.avest.fr/v1/websites:0
[126729890ms] [ERROR] Failed to load resource: net::ERR_NETWORK_CHANGED @ https://api.avest.fr/v1/website?agency=698cb2ce239dd6ab399bc522:0
[126729890ms] [ERROR] Failed to load resource: net::ERR_NETWORK_CHANGED @ https://api.avest.fr/v1/agencies?filter=%7B%22isActive%22:true%7D:0
[126729890ms] [ERROR] Failed to load resource: net::ERR_NETWORK_CHANGED @ https://api.avest.fr/v1/agency-groups:0
[126729890ms] [ERROR] Failed to load resource: net::ERR_NETWORK_CHANGED @ https://api.avest.fr/v1/transactions/search?filter=%7B%7D&agencyGroup=69709812c0b6ac9d7a35154f&search=&saleIds%5B%5D=69e38dbc9ecc67b2d70cc31f&acquisitionIds%5B%5D=6a17e6859bb91d1947b47c38&acquisitionIds%5B%5D=6a17f8c99362c996f6e9711e:0
[126729891ms] [ERROR] Failed to load resource: net::ERR_NETWORK_CHANGED @ https://api.avest.fr/v1/account:0
[126729891ms] [ERROR] Failed to load resource: net::ERR_NETWORK_CHANGED @ https://api.avest.fr/v1/agency/698cb2ce239dd6ab399bc522:0
[126729891ms] [ERROR] Failed to load resource: net::ERR_NETWORK_CHANGED @ https://api.avest.fr/v1/sale/69e38dbc9ecc67b2d70cc31f:0
[126729980ms] [ERROR] Failed to load resource: net::ERR_ADDRESS_UNREACHABLE @ https://api.avest.fr/v1/website?agency=698cb2ce239dd6ab399bc522:0
[126729980ms] [ERROR] Failed to load resource: net::ERR_ADDRESS_UNREACHABLE @ https://api.avest.fr/v1/transactions/search?filter=%7B%7D&agencyGroup=69709812c0b6ac9d7a35154f&search=&saleIds%5B%5D=69e38dbc9ecc67b2d70cc31f&acquisitionIds%5B%5D=6a17e6859bb91d1947b47c38&acquisitionIds%5B%5D=6a17f8c99362c996f6e9711e:0
[126729981ms] [ERROR] Failed to load resource: net::ERR_ADDRESS_UNREACHABLE @ https://api.avest.fr/v1/websites:0
[126729981ms] [ERROR] Failed to load resource: net::ERR_ADDRESS_UNREACHABLE @ https://api.avest.fr/v1/mailboxes:0
[126729981ms] [ERROR] Failed to load resource: net::ERR_ADDRESS_UNREACHABLE @ https://api.avest.fr/v1/agencies?filter=%7B%22isActive%22:true%7D:0
[126729981ms] [ERROR] AxiosError: Network Error
    at w.onerror (https://app.avest.fr/index.1779894461.js:85:16122) @ https://app.avest.fr/index.1779894461.js:90
[126729981ms] [ERROR] Failed to load resource: net::ERR_ADDRESS_UNREACHABLE @ https://api.avest.fr/v1/agency-groups:0
[126729981ms] [ERROR] Failed to load resource: net::ERR_ADDRESS_UNREACHABLE @ https://api.avest.fr/v1/agency/698cb2ce239dd6ab399bc522:0
[126729981ms] [ERROR] Failed to load resource: net::ERR_ADDRESS_UNREACHABLE @ https://api.avest.fr/v1/sale/69e38dbc9ecc67b2d70cc31f:0
[126729981ms] [ERROR] Failed to load resource: net::ERR_ADDRESS_UNREACHABLE @ https://api.avest.fr/v1/account:0
[127700962ms] [ERROR] WebSocket connection to 'wss://nexus-websocket-a.intercom.io/pubsub/5-Q97a96Qsh_bvCT3Yu2wSiJA6fb3jJzEAZA2GVFGHPqUsyIf2rCvI1jml0WC0gIS1RCKu-GEXSqbtUdi6b0pzTbnZf8MJSbU1bfMW?X-Nexus-New-Client=true&X-Nexus-Version=0.18.8&user_role=user' failed: Error in connection establishment: net::ERR_CONNECTION_TIMED_OUT @ https://js.intercomcdn.com/vendor-modern.60bbf292.js:1
[129041900ms] [ERROR] Failed to load resource: net::ERR_INTERNET_DISCONNECTED @ https://app.avest.fr/r/flags/?v=2&ip=0&_=1780171111735&ver=1.372.10&compression=base64:0
[132235199ms] [ERROR] Failed to load resource: net::ERR_INTERNET_DISCONNECTED @ https://app.avest.fr/r/flags/?v=2&ip=0&_=1780174305033&ver=1.372.10&compression=base64:0
[132655560ms] [ERROR] Failed to load resource: net::ERR_NETWORK_CHANGED @ https://app.avest.fr/meta.json?cb=1780174725170:0
[132655561ms] [ERROR] TypeError: Failed to fetch
    at queryFn (https://app.avest.fr/index.1779894461.js:91:59883)
    at Object.r [as fn] (https://app.avest.fr/index.1779894461.js:10:49504)
    at _ (https://app.avest.fr/index.1779894461.js:10:43962) @ https://app.avest.fr/index.1779894461.js:90
[132655563ms] [ERROR] Failed to load resource: net::ERR_NETWORK_CHANGED @ https://api.avest.fr/v1/agency-groups:0
[132655563ms] [ERROR] Failed to load resource: net::ERR_NETWORK_CHANGED @ https://api.avest.fr/v1/mailboxes:0
[132655564ms] [ERROR] Failed to load resource: net::ERR_NETWORK_CHANGED @ https://api.avest.fr/v1/websites:0
[132655564ms] [ERROR] Failed to load resource: net::ERR_NETWORK_CHANGED @ https://api.avest.fr/v1/agency/698cb2ce239dd6ab399bc522:0
[132655564ms] [ERROR] Failed to load resource: net::ERR_NETWORK_CHANGED @ https://api.avest.fr/v1/website?agency=698cb2ce239dd6ab399bc522:0
[132655564ms] [ERROR] Failed to load resource: net::ERR_NETWORK_CHANGED @ https://api.avest.fr/v1/agencies?filter=%7B%22isActive%22:true%7D:0
[132655565ms] [ERROR] Failed to load resource: net::ERR_NETWORK_CHANGED @ https://api.avest.fr/v1/transactions/search?filter=%7B%7D&agencyGroup=69709812c0b6ac9d7a35154f&search=&saleIds%5B%5D=69e38dbc9ecc67b2d70cc31f&acquisitionIds%5B%5D=6a17e6859bb91d1947b47c38&acquisitionIds%5B%5D=6a17f8c99362c996f6e9711e:0
[132655565ms] [ERROR] Failed to load resource: net::ERR_NETWORK_CHANGED @ https://api.avest.fr/v1/account:0
[132655566ms] [ERROR] Failed to load resource: net::ERR_NETWORK_CHANGED @ https://api.avest.fr/v1/sale/69e38dbc9ecc67b2d70cc31f:0
[132655663ms] [ERROR] Failed to load resource: net::ERR_ADDRESS_UNREACHABLE @ https://api.avest.fr/v1/transactions/search?filter=%7B%7D&agencyGroup=69709812c0b6ac9d7a35154f&search=&saleIds%5B%5D=69e38dbc9ecc67b2d70cc31f&acquisitionIds%5B%5D=6a17e6859bb91d1947b47c38&acquisitionIds%5B%5D=6a17f8c99362c996f6e9711e:0
[132655663ms] [ERROR] Failed to load resource: net::ERR_ADDRESS_UNREACHABLE @ https://api.avest.fr/v1/account:0
[132655663ms] [ERROR] Failed to load resource: net::ERR_ADDRESS_UNREACHABLE @ https://api.avest.fr/v1/websites:0
[132655663ms] [ERROR] Failed to load resource: net::ERR_ADDRESS_UNREACHABLE @ https://api.avest.fr/v1/agencies?filter=%7B%22isActive%22:true%7D:0
[132655664ms] [ERROR] AxiosError: Network Error
    at w.onerror (https://app.avest.fr/index.1779894461.js:85:16122) @ https://app.avest.fr/index.1779894461.js:90
[132655664ms] [ERROR] Failed to load resource: net::ERR_ADDRESS_UNREACHABLE @ https://api.avest.fr/v1/agency/698cb2ce239dd6ab399bc522:0
[132655665ms] [ERROR] Failed to load resource: net::ERR_ADDRESS_UNREACHABLE @ https://api.avest.fr/v1/mailboxes:0
[132655665ms] [ERROR] Failed to load resource: net::ERR_ADDRESS_UNREACHABLE @ https://api.avest.fr/v1/website?agency=698cb2ce239dd6ab399bc522:0
[132655665ms] [ERROR] AxiosError: Network Error
    at w.onerror (https://app.avest.fr/index.1779894461.js:85:16122) @ https://app.avest.fr/index.1779894461.js:90
[132655665ms] [ERROR] Failed to load resource: net::ERR_ADDRESS_UNREACHABLE @ https://api.avest.fr/v1/agency-groups:0
[132655665ms] [ERROR] AxiosError: Network Error
    at w.onerror (https://app.avest.fr/index.1779894461.js:85:16122) @ https://app.avest.fr/index.1779894461.js:90
[132655665ms] [ERROR] Failed to load resource: net::ERR_ADDRESS_UNREACHABLE @ https://api.avest.fr/v1/sale/69e38dbc9ecc67b2d70cc31f:0
[132730362ms] [ERROR] WebSocket connection to 'wss://nexus-websocket-a.intercom.io/pubsub/5-Q97a96Qsh_bvCT3Yu2wSiJA6fb3jJzEAZA2GVFGHPqUsyIf2rCvI1jml0WC0gIS1RCKu-GEXSqbtUdi6b0pzTbnZf8MJSbU1bfMW?X-Nexus-New-Client=true&X-Nexus-Version=0.18.8&user_role=user' failed: Error in connection establishment: net::ERR_CONNECTION_TIMED_OUT @ https://js.intercomcdn.com/vendor-modern.60bbf292.js:1
[134715856ms] [ERROR] Failed to load resource: net::ERR_INTERNET_DISCONNECTED @ https://app.avest.fr/r/flags/?v=2&ip=0&_=1780176785691&ver=1.372.10&compression=base64:0
[136485599ms] [ERROR] Failed to load resource: net::ERR_INTERNET_DISCONNECTED @ https://app.avest.fr/r/flags/?v=2&ip=0&_=1780178555434&ver=1.372.10&compression=base64:0
[137437529ms] [ERROR] Failed to load resource: net::ERR_NETWORK_CHANGED @ https://app.avest.fr/meta.json?cb=1780179507241:0
[137437529ms] [ERROR] TypeError: Failed to fetch
    at queryFn (https://app.avest.fr/index.1779894461.js:91:59883)
    at Object.r [as fn] (https://app.avest.fr/index.1779894461.js:10:49504)
    at _ (https://app.avest.fr/index.1779894461.js:10:43962) @ https://app.avest.fr/index.1779894461.js:90
[137437534ms] [ERROR] Failed to load resource: net::ERR_NETWORK_CHANGED @ https://api.avest.fr/v1/agency/698cb2ce239dd6ab399bc522:0
[137437534ms] [ERROR] Failed to load resource: net::ERR_NETWORK_CHANGED @ https://api.avest.fr/v1/account:0
[137437535ms] [ERROR] Failed to load resource: net::ERR_NETWORK_CHANGED @ https://api.avest.fr/v1/agency-groups:0
[137437535ms] [ERROR] Failed to load resource: net::ERR_NETWORK_CHANGED @ https://api.avest.fr/v1/sale/69e38dbc9ecc67b2d70cc31f:0
[137437536ms] [ERROR] Failed to load resource: net::ERR_NETWORK_CHANGED @ https://api.avest.fr/v1/mailboxes:0
[137437536ms] [ERROR] Failed to load resource: net::ERR_NETWORK_CHANGED @ https://api.avest.fr/v1/websites:0
[137437536ms] [ERROR] Failed to load resource: net::ERR_NETWORK_CHANGED @ https://api.avest.fr/v1/website?agency=698cb2ce239dd6ab399bc522:0
[137437536ms] [ERROR] Failed to load resource: net::ERR_NETWORK_CHANGED @ https://api.avest.fr/v1/agencies?filter=%7B%22isActive%22:true%7D:0
[137437537ms] [ERROR] Failed to load resource: net::ERR_NETWORK_CHANGED @ https://api.avest.fr/v1/transactions/search?filter=%7B%7D&agencyGroup=69709812c0b6ac9d7a35154f&search=&saleIds%5B%5D=69e38dbc9ecc67b2d70cc31f&acquisitionIds%5B%5D=6a17e6859bb91d1947b47c38&acquisitionIds%5B%5D=6a17f8c99362c996f6e9711e:0
[137437565ms] [ERROR] Failed to load resource: net::ERR_ADDRESS_UNREACHABLE @ https://api.avest.fr/v1/website?agency=698cb2ce239dd6ab399bc522:0
[137437565ms] [ERROR] Failed to load resource: net::ERR_ADDRESS_UNREACHABLE @ https://api.avest.fr/v1/sale/69e38dbc9ecc67b2d70cc31f:0
[137437565ms] [ERROR] Failed to load resource: net::ERR_ADDRESS_UNREACHABLE @ https://api.avest.fr/v1/account:0
[137437569ms] [ERROR] Failed to load resource: net::ERR_ADDRESS_UNREACHABLE @ https://api.avest.fr/v1/websites:0
[137437569ms] [ERROR] Failed to load resource: net::ERR_ADDRESS_UNREACHABLE @ https://api.avest.fr/v1/agency/698cb2ce239dd6ab399bc522:0
[137437569ms] [ERROR] Failed to load resource: net::ERR_ADDRESS_UNREACHABLE @ https://api.avest.fr/v1/mailboxes:0
[137437569ms] [ERROR] AxiosError: Network Error
    at w.onerror (https://app.avest.fr/index.1779894461.js:85:16122) @ https://app.avest.fr/index.1779894461.js:90
[137437570ms] [ERROR] Failed to load resource: net::ERR_ADDRESS_UNREACHABLE @ https://api.avest.fr/v1/agency-groups:0
[137437571ms] [ERROR] Failed to load resource: net::ERR_ADDRESS_UNREACHABLE @ https://api.avest.fr/v1/agencies?filter=%7B%22isActive%22:true%7D:0
[137437572ms] [ERROR] Failed to load resource: net::ERR_ADDRESS_UNREACHABLE @ https://api.avest.fr/v1/transactions/search?filter=%7B%7D&agencyGroup=69709812c0b6ac9d7a35154f&search=&saleIds%5B%5D=69e38dbc9ecc67b2d70cc31f&acquisitionIds%5B%5D=6a17e6859bb91d1947b47c38&acquisitionIds%5B%5D=6a17f8c99362c996f6e9711e:0
[137512446ms] [ERROR] WebSocket connection to 'wss://nexus-websocket-a.intercom.io/pubsub/5-Q97a96Qsh_bvCT3Yu2wSiJA6fb3jJzEAZA2GVFGHPqUsyIf2rCvI1jml0WC0gIS1RCKu-GEXSqbtUdi6b0pzTbnZf8MJSbU1bfMW?X-Nexus-New-Client=true&X-Nexus-Version=0.18.8&user_role=user' failed: Error in connection establishment: net::ERR_CONNECTION_TIMED_OUT @ https://js.intercomcdn.com/vendor-modern.60bbf292.js:1
[137726553ms] [ERROR] Failed to load resource: net::ERR_INTERNET_DISCONNECTED @ https://app.avest.fr/r/flags/?v=2&ip=0&_=1780179796387&ver=1.372.10&compression=base64:0
[141627457ms] [ERROR] Failed to load resource: net::ERR_INTERNET_DISCONNECTED @ https://app.avest.fr/r/flags/?v=2&ip=0&_=1780183697294&ver=1.372.10&compression=base64:0
[143169004ms] [ERROR] Failed to load resource: net::ERR_INTERNET_DISCONNECTED @ https://app.avest.fr/r/flags/?v=2&ip=0&_=1780185238833&ver=1.372.10&compression=base64:0
[147491399ms] [ERROR] Failed to load resource: net::ERR_NETWORK_CHANGED @ https://app.avest.fr/meta.json?cb=1780189561120:0
[147491399ms] [ERROR] TypeError: Failed to fetch
    at queryFn (https://app.avest.fr/index.1779894461.js:91:59883)
    at Object.r [as fn] (https://app.avest.fr/index.1779894461.js:10:49504)
    at _ (https://app.avest.fr/index.1779894461.js:10:43962) @ https://app.avest.fr/index.1779894461.js:90
[147491403ms] [ERROR] Failed to load resource: net::ERR_NETWORK_CHANGED @ https://api.avest.fr/v1/agency-groups:0
[147491405ms] [ERROR] Failed to load resource: net::ERR_NETWORK_CHANGED @ https://api.avest.fr/v1/mailboxes:0
[147491405ms] [ERROR] Failed to load resource: net::ERR_NETWORK_CHANGED @ https://api.avest.fr/v1/websites:0
[147491405ms] [ERROR] Failed to load resource: net::ERR_NETWORK_CHANGED @ https://api.avest.fr/v1/agency/698cb2ce239dd6ab399bc522:0
[147491405ms] [ERROR] Failed to load resource: net::ERR_NETWORK_CHANGED @ https://api.avest.fr/v1/website?agency=698cb2ce239dd6ab399bc522:0
[147491406ms] [ERROR] Failed to load resource: net::ERR_NETWORK_CHANGED @ https://api.avest.fr/v1/agencies?filter=%7B%22isActive%22:true%7D:0
[147491406ms] [ERROR] Failed to load resource: net::ERR_NETWORK_CHANGED @ https://api.avest.fr/v1/transactions/search?filter=%7B%7D&agencyGroup=69709812c0b6ac9d7a35154f&search=&saleIds%5B%5D=69e38dbc9ecc67b2d70cc31f&acquisitionIds%5B%5D=6a17e6859bb91d1947b47c38&acquisitionIds%5B%5D=6a17f8c99362c996f6e9711e:0
[147491407ms] [ERROR] Failed to load resource: net::ERR_NETWORK_CHANGED @ https://api.avest.fr/v1/account:0
[147491407ms] [ERROR] Failed to load resource: net::ERR_NETWORK_CHANGED @ https://api.avest.fr/v1/sale/69e38dbc9ecc67b2d70cc31f:0
[147491413ms] [ERROR] AxiosError: Network Error
    at w.onerror (https://app.avest.fr/index.1779894461.js:85:16122) @ https://app.avest.fr/index.1779894461.js:90
[147491413ms] [ERROR] Failed to load resource: net::ERR_ADDRESS_UNREACHABLE @ https://api.avest.fr/v1/transactions/search?filter=%7B%7D&agencyGroup=69709812c0b6ac9d7a35154f&search=&saleIds%5B%5D=69e38dbc9ecc67b2d70cc31f&acquisitionIds%5B%5D=6a17e6859bb91d1947b47c38&acquisitionIds%5B%5D=6a17f8c99362c996f6e9711e:0
[147491414ms] [ERROR] AxiosError: Network Error
    at w.onerror (https://app.avest.fr/index.1779894461.js:85:16122) @ https://app.avest.fr/index.1779894461.js:90
[147491414ms] [ERROR] Failed to load resource: net::ERR_ADDRESS_UNREACHABLE @ https://api.avest.fr/v1/account:0
[147491414ms] [ERROR] AxiosError: Network Error
    at w.onerror (https://app.avest.fr/index.1779894461.js:85:16122) @ https://app.avest.fr/index.1779894461.js:90
[147491414ms] [ERROR] Failed to load resource: net::ERR_ADDRESS_UNREACHABLE @ https://api.avest.fr/v1/websites:0
[147491414ms] [ERROR] AxiosError: Network Error
    at w.onerror (https://app.avest.fr/index.1779894461.js:85:16122) @ https://app.avest.fr/index.1779894461.js:90
[147491414ms] [ERROR] Failed to load resource: net::ERR_ADDRESS_UNREACHABLE @ https://api.avest.fr/v1/agencies?filter=%7B%22isActive%22:true%7D:0
[147491415ms] [ERROR] Failed to load resource: net::ERR_ADDRESS_UNREACHABLE @ https://api.avest.fr/v1/agency/698cb2ce239dd6ab399bc522:0
[147491418ms] [ERROR] AxiosError: Network Error
    at w.onerror (https://app.avest.fr/index.1779894461.js:85:16122) @ https://app.avest.fr/index.1779894461.js:90
[147491418ms] [ERROR] Failed to load resource: net::ERR_ADDRESS_UNREACHABLE @ https://api.avest.fr/v1/mailboxes:0
[147491420ms] [ERROR] AxiosError: Network Error
    at w.onerror (https://app.avest.fr/index.1779894461.js:85:16122) @ https://app.avest.fr/index.1779894461.js:90
[147491421ms] [ERROR] Failed to load resource: net::ERR_ADDRESS_UNREACHABLE @ https://api.avest.fr/v1/website?agency=698cb2ce239dd6ab399bc522:0
[147491422ms] [ERROR] AxiosError: Network Error
    at w.onerror (https://app.avest.fr/index.1779894461.js:85:16122) @ https://app.avest.fr/index.1779894461.js:90
[147491422ms] [ERROR] Failed to load resource: net::ERR_ADDRESS_UNREACHABLE @ https://api.avest.fr/v1/agency-groups:0
[147491425ms] [ERROR] Failed to load resource: net::ERR_ADDRESS_UNREACHABLE @ https://api.avest.fr/v1/sale/69e38dbc9ecc67b2d70cc31f:0
[147535647ms] [ERROR] Failed to load resource: net::ERR_INTERNET_DISCONNECTED @ https://app.avest.fr/r/flags/?v=2&ip=0&_=1780189605479&ver=1.372.10&compression=base64:0
[147566290ms] [ERROR] WebSocket connection to 'wss://nexus-websocket-a.intercom.io/pubsub/5-Q97a96Qsh_bvCT3Yu2wSiJA6fb3jJzEAZA2GVFGHPqUsyIf2rCvI1jml0WC0gIS1RCKu-GEXSqbtUdi6b0pzTbnZf8MJSbU1bfMW?X-Nexus-New-Client=true&X-Nexus-Version=0.18.8&user_role=user' failed: Error in connection establishment: net::ERR_CONNECTION_TIMED_OUT @ https://js.intercomcdn.com/vendor-modern.60bbf292.js:1
[151713930ms] [ERROR] Failed to load resource: net::ERR_NETWORK_CHANGED @ https://app.avest.fr/meta.json?cb=1780193783427:0
[151713930ms] [ERROR] TypeError: Failed to fetch
    at queryFn (https://app.avest.fr/index.1779894461.js:91:59883)
    at Object.r [as fn] (https://app.avest.fr/index.1779894461.js:10:49504)
    at _ (https://app.avest.fr/index.1779894461.js:10:43962) @ https://app.avest.fr/index.1779894461.js:90
[151713937ms] [ERROR] Failed to load resource: net::ERR_NETWORK_CHANGED @ https://api.avest.fr/v1/mailboxes:0
[151713938ms] [ERROR] Failed to load resource: net::ERR_NETWORK_CHANGED @ https://api.avest.fr/v1/websites:0
[151713938ms] [ERROR] Failed to load resource: net::ERR_NETWORK_CHANGED @ https://api.avest.fr/v1/website?agency=698cb2ce239dd6ab399bc522:0
[151713938ms] [ERROR] Failed to load resource: net::ERR_NETWORK_CHANGED @ https://api.avest.fr/v1/agencies?filter=%7B%22isActive%22:true%7D:0
[151713939ms] [ERROR] Failed to load resource: net::ERR_NETWORK_CHANGED @ https://api.avest.fr/v1/agency-groups:0
[151713939ms] [ERROR] Failed to load resource: net::ERR_NETWORK_CHANGED @ https://api.avest.fr/v1/transactions/search?filter=%7B%7D&agencyGroup=69709812c0b6ac9d7a35154f&search=&saleIds%5B%5D=69e38dbc9ecc67b2d70cc31f&acquisitionIds%5B%5D=6a17e6859bb91d1947b47c38&acquisitionIds%5B%5D=6a17f8c99362c996f6e9711e:0
[151713939ms] [ERROR] Failed to load resource: net::ERR_NETWORK_CHANGED @ https://api.avest.fr/v1/account:0
[151713940ms] [ERROR] Failed to load resource: net::ERR_NETWORK_CHANGED @ https://api.avest.fr/v1/agency/698cb2ce239dd6ab399bc522:0
[151713940ms] [ERROR] Failed to load resource: net::ERR_NETWORK_CHANGED @ https://api.avest.fr/v1/sale/69e38dbc9ecc67b2d70cc31f:0
[151714023ms] [ERROR] Failed to load resource: net::ERR_ADDRESS_UNREACHABLE @ https://api.avest.fr/v1/agency/698cb2ce239dd6ab399bc522:0
[151714024ms] [ERROR] Failed to load resource: net::ERR_ADDRESS_UNREACHABLE @ https://api.avest.fr/v1/website?agency=698cb2ce239dd6ab399bc522:0
[151714024ms] [ERROR] Failed to load resource: net::ERR_ADDRESS_UNREACHABLE @ https://api.avest.fr/v1/transactions/search?filter=%7B%7D&agencyGroup=69709812c0b6ac9d7a35154f&search=&saleIds%5B%5D=69e38dbc9ecc67b2d70cc31f&acquisitionIds%5B%5D=6a17e6859bb91d1947b47c38&acquisitionIds%5B%5D=6a17f8c99362c996f6e9711e:0
[151714024ms] [ERROR] Failed to load resource: net::ERR_ADDRESS_UNREACHABLE @ https://api.avest.fr/v1/account:0
[151714024ms] [ERROR] Failed to load resource: net::ERR_ADDRESS_UNREACHABLE @ https://api.avest.fr/v1/websites:0
[151714024ms] [ERROR] Failed to load resource: net::ERR_ADDRESS_UNREACHABLE @ https://api.avest.fr/v1/mailboxes:0
[151714024ms] [ERROR] AxiosError: Network Error
    at w.onerror (https://app.avest.fr/index.1779894461.js:85:16122) @ https://app.avest.fr/index.1779894461.js:90
[151714025ms] [ERROR] Failed to load resource: net::ERR_ADDRESS_UNREACHABLE @ https://api.avest.fr/v1/agency-groups:0
[151714025ms] [ERROR] Failed to load resource: net::ERR_ADDRESS_UNREACHABLE @ https://api.avest.fr/v1/agencies?filter=%7B%22isActive%22:true%7D:0
[151714025ms] [ERROR] Failed to load resource: net::ERR_ADDRESS_UNREACHABLE @ https://api.avest.fr/v1/sale/69e38dbc9ecc67b2d70cc31f:0
[151742347ms] [ERROR] Failed to load resource: net::ERR_INTERNET_DISCONNECTED @ https://app.avest.fr/r/flags/?v=2&ip=0&_=1780193812183&ver=1.372.10&compression=base64:0
[152711783ms] [ERROR] Failed to load resource: net::ERR_NETWORK_CHANGED @ https://app.avest.fr/meta.json?cb=1780194781381:0
[152711783ms] [ERROR] TypeError: Failed to fetch
    at queryFn (https://app.avest.fr/index.1779894461.js:91:59883)
    at Object.r [as fn] (https://app.avest.fr/index.1779894461.js:10:49504)
    at _ (https://app.avest.fr/index.1779894461.js:10:43962)
    at Object.start (https://app.avest.fr/index.1779894461.js:10:44423)
    at xV.fetch (https://app.avest.fr/index.1779894461.js:10:50313)
    at #h (https://app.avest.fr/index.1779894461.js:10:54922)
    at $V.fetch (https://app.avest.fr/index.1779894461.js:10:54809)
    at $V.refetch (https://app.avest.fr/index.1779894461.js:10:54621)
    at xV.onOnline (https://app.avest.fr/index.1779894461.js:10:48171)
    at https://app.avest.fr/index.1779894461.js:10:66700 @ https://app.avest.fr/index.1779894461.js:90
[152711784ms] [ERROR] Failed to load resource: net::ERR_NETWORK_CHANGED @ https://api.avest.fr/v1/sale/69e38dbc9ecc67b2d70cc31f:0
[152711784ms] [ERROR] Failed to load resource: net::ERR_NETWORK_CHANGED @ https://api.avest.fr/v1/agency-groups:0
[152711784ms] [ERROR] Failed to load resource: net::ERR_NETWORK_CHANGED @ https://api.avest.fr/v1/mailboxes:0
[152711784ms] [ERROR] Failed to load resource: net::ERR_NETWORK_CHANGED @ https://api.avest.fr/v1/websites:0
[152711785ms] [ERROR] Failed to load resource: net::ERR_NETWORK_CHANGED @ https://api.avest.fr/v1/agency/698cb2ce239dd6ab399bc522:0
[152711785ms] [ERROR] Failed to load resource: net::ERR_NETWORK_CHANGED @ https://api.avest.fr/v1/website?agency=698cb2ce239dd6ab399bc522:0
[152711785ms] [ERROR] Failed to load resource: net::ERR_NETWORK_CHANGED @ https://api.avest.fr/v1/agencies?filter=%7B%22isActive%22:true%7D:0
[152711785ms] [ERROR] Failed to load resource: net::ERR_NETWORK_CHANGED @ https://api.avest.fr/v1/transactions/search?filter=%7B%7D&agencyGroup=69709812c0b6ac9d7a35154f&search=&saleIds%5B%5D=69e38dbc9ecc67b2d70cc31f&acquisitionIds%5B%5D=6a17e6859bb91d1947b47c38&acquisitionIds%5B%5D=6a17f8c99362c996f6e9711e:0
[152711785ms] [ERROR] Failed to load resource: net::ERR_NETWORK_CHANGED @ https://api.avest.fr/v1/account:0
[152711978ms] [ERROR] Failed to load resource: net::ERR_INTERNET_DISCONNECTED @ https://api.avest.fr/v1/transactions/search?filter=%7B%7D&agencyGroup=69709812c0b6ac9d7a35154f&search=&saleIds%5B%5D=69e38dbc9ecc67b2d70cc31f&acquisitionIds%5B%5D=6a17e6859bb91d1947b47c38&acquisitionIds%5B%5D=6a17f8c99362c996f6e9711e:0
[152711978ms] [ERROR] Failed to load resource: net::ERR_INTERNET_DISCONNECTED @ https://api.avest.fr/v1/websites:0
[152711978ms] [ERROR] Failed to load resource: net::ERR_INTERNET_DISCONNECTED @ https://api.avest.fr/v1/agencies?filter=%7B%22isActive%22:true%7D:0
[152711979ms] [ERROR] Failed to load resource: net::ERR_INTERNET_DISCONNECTED @ https://api.avest.fr/v1/mailboxes:0
[152711979ms] [ERROR] Failed to load resource: net::ERR_INTERNET_DISCONNECTED @ https://api.avest.fr/v1/website?agency=698cb2ce239dd6ab399bc522:0
[152711979ms] [ERROR] AxiosError: Network Error
    at w.onerror (https://app.avest.fr/index.1779894461.js:85:16122) @ https://app.avest.fr/index.1779894461.js:90
[152711979ms] [ERROR] Failed to load resource: net::ERR_INTERNET_DISCONNECTED @ https://api.avest.fr/v1/agency-groups:0
[152711998ms] [ERROR] Failed to load resource: net::ERR_INTERNET_DISCONNECTED @ https://api.avest.fr/v1/sale/69e38dbc9ecc67b2d70cc31f:0
[152711998ms] [ERROR] Failed to load resource: net::ERR_INTERNET_DISCONNECTED @ https://api.avest.fr/v1/agency/698cb2ce239dd6ab399bc522:0
[152712001ms] [ERROR] Failed to load resource: net::ERR_INTERNET_DISCONNECTED @ https://api.avest.fr/v1/account:0
[152731589ms] [ERROR] WebSocket connection to 'wss://nexus-websocket-a.intercom.io/pubsub/5-Q97a96Qsh_bvCT3Yu2wSiJA6fb3jJzEAZA2GVFGHPqUsyIf2rCvI1jml0WC0gIS1RCKu-GEXSqbtUdi6b0pzTbnZf8MJSbU1bfMW?X-Nexus-New-Client=true&X-Nexus-Version=0.18.8&user_role=user' failed: Error in connection establishment: net::ERR_CONNECTION_TIMED_OUT @ https://js.intercomcdn.com/vendor-modern.60bbf292.js:1
[152731601ms] [ERROR] WebSocket connection to 'wss://nexus-websocket-a.intercom.io/pubsub/5-Q97a96Qsh_bvCT3Yu2wSiJA6fb3jJzEAZA2GVFGHPqUsyIf2rCvI1jml0WC0gIS1RCKu-GEXSqbtUdi6b0pzTbnZf8MJSbU1bfMW?X-Nexus-New-Client=true&X-Nexus-Version=0.18.8&user_role=user' failed: Error in connection establishment: net::ERR_INTERNET_DISCONNECTED @ https://js.intercomcdn.com/vendor-modern.60bbf292.js:1
[152993326ms] [ERROR] Failed to load resource: net::ERR_INTERNET_DISCONNECTED @ https://app.avest.fr/r/flags/?v=2&ip=0&_=1780195063162&ver=1.372.10&compression=base64:0
[153293327ms] [ERROR] Failed to load resource: net::ERR_INTERNET_DISCONNECTED @ https://app.avest.fr/r/flags/?v=2&ip=0&_=1780195363162&ver=1.372.10&compression=base64:0
[153593326ms] [ERROR] Failed to load resource: net::ERR_INTERNET_DISCONNECTED @ https://app.avest.fr/r/flags/?v=2&ip=0&_=1780195663162&ver=1.372.10&compression=base64:0
[153893333ms] [ERROR] Failed to load resource: net::ERR_INTERNET_DISCONNECTED @ https://app.avest.fr/r/flags/?v=2&ip=0&_=1780195963164&ver=1.372.10&compression=base64:0
[155062701ms] [ERROR] Failed to load resource: net::ERR_NETWORK_CHANGED @ https://app.avest.fr/meta.json?cb=1780197132238:0
[155062702ms] [ERROR] TypeError: Failed to fetch
    at queryFn (https://app.avest.fr/index.1779894461.js:91:59883)
    at Object.r [as fn] (https://app.avest.fr/index.1779894461.js:10:49504)
    at _ (https://app.avest.fr/index.1779894461.js:10:43962) @ https://app.avest.fr/index.1779894461.js:90
[155062704ms] [ERROR] Failed to load resource: net::ERR_NETWORK_CHANGED @ https://api.avest.fr/v1/agency-groups:0
[155062704ms] [ERROR] Failed to load resource: net::ERR_NETWORK_CHANGED @ https://api.avest.fr/v1/mailboxes:0
[155062705ms] [ERROR] Failed to load resource: net::ERR_NETWORK_CHANGED @ https://api.avest.fr/v1/websites:0
[155062705ms] [ERROR] Failed to load resource: net::ERR_NETWORK_CHANGED @ https://api.avest.fr/v1/agency/698cb2ce239dd6ab399bc522:0
[155062705ms] [ERROR] Failed to load resource: net::ERR_NETWORK_CHANGED @ https://api.avest.fr/v1/website?agency=698cb2ce239dd6ab399bc522:0
[155062705ms] [ERROR] Failed to load resource: net::ERR_NETWORK_CHANGED @ https://api.avest.fr/v1/agencies?filter=%7B%22isActive%22:true%7D:0
[155062706ms] [ERROR] Failed to load resource: net::ERR_NETWORK_CHANGED @ https://api.avest.fr/v1/transactions/search?filter=%7B%7D&agencyGroup=69709812c0b6ac9d7a35154f&search=&saleIds%5B%5D=69e38dbc9ecc67b2d70cc31f&acquisitionIds%5B%5D=6a17e6859bb91d1947b47c38&acquisitionIds%5B%5D=6a17f8c99362c996f6e9711e:0
[155062706ms] [ERROR] Failed to load resource: net::ERR_NETWORK_CHANGED @ https://api.avest.fr/v1/account:0
[155062706ms] [ERROR] Failed to load resource: net::ERR_NETWORK_CHANGED @ https://api.avest.fr/v1/sale/69e38dbc9ecc67b2d70cc31f:0
[155062802ms] [ERROR] Failed to load resource: net::ERR_INTERNET_DISCONNECTED @ https://api.avest.fr/v1/transactions/search?filter=%7B%7D&agencyGroup=69709812c0b6ac9d7a35154f&search=&saleIds%5B%5D=69e38dbc9ecc67b2d70cc31f&acquisitionIds%5B%5D=6a17e6859bb91d1947b47c38&acquisitionIds%5B%5D=6a17f8c99362c996f6e9711e:0
[155062802ms] [ERROR] Failed to load resource: net::ERR_INTERNET_DISCONNECTED @ https://api.avest.fr/v1/account:0
[155062802ms] [ERROR] Failed to load resource: net::ERR_INTERNET_DISCONNECTED @ https://api.avest.fr/v1/websites:0
[155062802ms] [ERROR] Failed to load resource: net::ERR_INTERNET_DISCONNECTED @ https://api.avest.fr/v1/agencies?filter=%7B%22isActive%22:true%7D:0
[155062802ms] [ERROR] Failed to load resource: net::ERR_INTERNET_DISCONNECTED @ https://api.avest.fr/v1/agency/698cb2ce239dd6ab399bc522:0
[155062802ms] [ERROR] Failed to load resource: net::ERR_INTERNET_DISCONNECTED @ https://api.avest.fr/v1/mailboxes:0
[155062802ms] [ERROR] Failed to load resource: net::ERR_INTERNET_DISCONNECTED @ https://api.avest.fr/v1/website?agency=698cb2ce239dd6ab399bc522:0
[155062802ms] [ERROR] AxiosError: Network Error
    at w.onerror (https://app.avest.fr/index.1779894461.js:85:16122) @ https://app.avest.fr/index.1779894461.js:90
[155062802ms] [ERROR] Failed to load resource: net::ERR_INTERNET_DISCONNECTED @ https://api.avest.fr/v1/agency-groups:0
[155062802ms] [ERROR] Failed to load resource: net::ERR_INTERNET_DISCONNECTED @ https://api.avest.fr/v1/sale/69e38dbc9ecc67b2d70cc31f:0
[155101582ms] [ERROR] Failed to load resource: net::ERR_INTERNET_DISCONNECTED @ https://app.avest.fr/r/flags/?v=2&ip=0&_=1780197171419&ver=1.372.10&compression=base64:0
[155137407ms] [ERROR] WebSocket connection to 'wss://nexus-websocket-a.intercom.io/pubsub/5-Q97a96Qsh_bvCT3Yu2wSiJA6fb3jJzEAZA2GVFGHPqUsyIf2rCvI1jml0WC0gIS1RCKu-GEXSqbtUdi6b0pzTbnZf8MJSbU1bfMW?X-Nexus-New-Client=true&X-Nexus-Version=0.18.8&user_role=user' failed: Error in connection establishment: net::ERR_CONNECTION_TIMED_OUT @ https://js.intercomcdn.com/vendor-modern.60bbf292.js:1
[155401584ms] [ERROR] Failed to load resource: net::ERR_INTERNET_DISCONNECTED @ https://app.avest.fr/r/flags/?v=2&ip=0&_=1780197471420&ver=1.372.10&compression=base64:0
[155701575ms] [ERROR] Failed to load resource: net::ERR_INTERNET_DISCONNECTED @ https://app.avest.fr/r/flags/?v=2&ip=0&_=1780197771415&ver=1.372.10&compression=base64:0
[156001580ms] [ERROR] Failed to load resource: net::ERR_INTERNET_DISCONNECTED @ https://app.avest.fr/r/flags/?v=2&ip=0&_=1780198071417&ver=1.372.10&compression=base64:0
[157264266ms] [ERROR] Failed to load resource: net::ERR_INTERNET_DISCONNECTED @ https://app.avest.fr/r/flags/?v=2&ip=0&_=1780199334097&ver=1.372.10&compression=base64:0
[157271278ms] [ERROR] Failed to load resource: net::ERR_ADDRESS_UNREACHABLE @ https://app.avest.fr/meta.json?cb=1780199341090:0
[157271279ms] [ERROR] TypeError: Failed to fetch
    at queryFn (https://app.avest.fr/index.1779894461.js:91:59883)
    at Object.r [as fn] (https://app.avest.fr/index.1779894461.js:10:49504)
    at _ (https://app.avest.fr/index.1779894461.js:10:43962) @ https://app.avest.fr/index.1779894461.js:90
[157271285ms] [ERROR] Failed to load resource: net::ERR_ADDRESS_UNREACHABLE @ https://api.avest.fr/v1/agency-groups:0
[157271286ms] [ERROR] Failed to load resource: net::ERR_ADDRESS_UNREACHABLE @ https://api.avest.fr/v1/mailboxes:0
[157271286ms] [ERROR] Failed to load resource: net::ERR_ADDRESS_UNREACHABLE @ https://api.avest.fr/v1/websites:0
[157271286ms] [ERROR] Failed to load resource: net::ERR_ADDRESS_UNREACHABLE @ https://api.avest.fr/v1/agency/698cb2ce239dd6ab399bc522:0
[157271287ms] [ERROR] Failed to load resource: net::ERR_ADDRESS_UNREACHABLE @ https://api.avest.fr/v1/website?agency=698cb2ce239dd6ab399bc522:0
[157271287ms] [ERROR] Failed to load resource: net::ERR_ADDRESS_UNREACHABLE @ https://api.avest.fr/v1/agencies?filter=%7B%22isActive%22:true%7D:0
[157271287ms] [ERROR] Failed to load resource: net::ERR_ADDRESS_UNREACHABLE @ https://api.avest.fr/v1/transactions/search?filter=%7B%7D&agencyGroup=69709812c0b6ac9d7a35154f&search=&saleIds%5B%5D=69e38dbc9ecc67b2d70cc31f&acquisitionIds%5B%5D=6a17e6859bb91d1947b47c38&acquisitionIds%5B%5D=6a17f8c99362c996f6e9711e:0
[157271288ms] [ERROR] Failed to load resource: net::ERR_ADDRESS_UNREACHABLE @ https://api.avest.fr/v1/account:0
[157271288ms] [ERROR] Failed to load resource: net::ERR_ADDRESS_UNREACHABLE @ https://api.avest.fr/v1/sale/69e38dbc9ecc67b2d70cc31f:0
[157271291ms] [ERROR] AxiosError: Network Error
    at w.onerror (https://app.avest.fr/index.1779894461.js:85:16122) @ https://app.avest.fr/index.1779894461.js:90
[157271291ms] [ERROR] Failed to load resource: net::ERR_ADDRESS_UNREACHABLE @ https://api.avest.fr/v1/agency-groups:0
[157271291ms] [ERROR] AxiosError: Network Error
    at w.onerror (https://app.avest.fr/index.1779894461.js:85:16122) @ https://app.avest.fr/index.1779894461.js:90
[157271292ms] [ERROR] Failed to load resource: net::ERR_ADDRESS_UNREACHABLE @ https://api.avest.fr/v1/mailboxes:0
[157271292ms] [ERROR] WebSocket connection to 'wss://nexus-websocket-a.intercom.io/pubsub/5-Q97a96Qsh_bvCT3Yu2wSiJA6fb3jJzEAZA2GVFGHPqUsyIf2rCvI1jml0WC0gIS1RCKu-GEXSqbtUdi6b0pzTbnZf8MJSbU1bfMW?X-Nexus-New-Client=true&X-Nexus-Version=0.18.8&user_role=user' failed: Error in connection establishment: net::ERR_ADDRESS_UNREACHABLE @ https://js.intercomcdn.com/vendor-modern.60bbf292.js:1
[157271292ms] [ERROR] AxiosError: Network Error
    at w.onerror (https://app.avest.fr/index.1779894461.js:85:16122) @ https://app.avest.fr/index.1779894461.js:90
[157271292ms] [ERROR] Failed to load resource: net::ERR_ADDRESS_UNREACHABLE @ https://api.avest.fr/v1/websites:0
[157271293ms] [ERROR] AxiosError: Network Error
    at w.onerror (https://app.avest.fr/index.1779894461.js:85:16122) @ https://app.avest.fr/index.1779894461.js:90
[157271293ms] [ERROR] Failed to load resource: net::ERR_ADDRESS_UNREACHABLE @ https://api.avest.fr/v1/agency/698cb2ce239dd6ab399bc522:0
[157271293ms] [ERROR] AxiosError: Network Error
    at w.onerror (https://app.avest.fr/index.1779894461.js:85:16122) @ https://app.avest.fr/index.1779894461.js:90
[157271295ms] [ERROR] Failed to load resource: net::ERR_ADDRESS_UNREACHABLE @ https://api.avest.fr/v1/website?agency=698cb2ce239dd6ab399bc522:0
[157271296ms] [ERROR] AxiosError: Network Error
    at w.onerror (https://app.avest.fr/index.1779894461.js:85:16122) @ https://app.avest.fr/index.1779894461.js:90
[157271296ms] [ERROR] Failed to load resource: net::ERR_ADDRESS_UNREACHABLE @ https://api.avest.fr/v1/agencies?filter=%7B%22isActive%22:true%7D:0
[157271296ms] [ERROR] AxiosError: Network Error
    at w.onerror (https://app.avest.fr/index.1779894461.js:85:16122) @ https://app.avest.fr/index.1779894461.js:90
[157271296ms] [ERROR] Failed to load resource: net::ERR_ADDRESS_UNREACHABLE @ https://api.avest.fr/v1/transactions/search?filter=%7B%7D&agencyGroup=69709812c0b6ac9d7a35154f&search=&saleIds%5B%5D=69e38dbc9ecc67b2d70cc31f&acquisitionIds%5B%5D=6a17e6859bb91d1947b47c38&acquisitionIds%5B%5D=6a17f8c99362c996f6e9711e:0
[157271296ms] [ERROR] AxiosError: Network Error
    at w.onerror (https://app.avest.fr/index.1779894461.js:85:16122) @ https://app.avest.fr/index.1779894461.js:90
[157271296ms] [ERROR] Failed to load resource: net::ERR_ADDRESS_UNREACHABLE @ https://api.avest.fr/v1/account:0
[157271296ms] [ERROR] AxiosError: Network Error
    at w.onerror (https://app.avest.fr/index.1779894461.js:85:16122) @ https://app.avest.fr/index.1779894461.js:90
[157271296ms] [ERROR] Failed to load resource: net::ERR_ADDRESS_UNREACHABLE @ https://api.avest.fr/v1/sale/69e38dbc9ecc67b2d70cc31f:0
[157274824ms] [ERROR] WebSocket connection to 'wss://nexus-websocket-a.intercom.io/pubsub/5-Q97a96Qsh_bvCT3Yu2wSiJA6fb3jJzEAZA2GVFGHPqUsyIf2rCvI1jml0WC0gIS1RCKu-GEXSqbtUdi6b0pzTbnZf8MJSbU1bfMW?X-Nexus-New-Client=true&X-Nexus-Version=0.18.8&user_role=user' failed: Error in connection establishment: net::ERR_INTERNET_DISCONNECTED @ https://js.intercomcdn.com/vendor-modern.60bbf292.js:1
[157284756ms] [ERROR] WebSocket connection to 'wss://nexus-websocket-a.intercom.io/pubsub/5-Q97a96Qsh_bvCT3Yu2wSiJA6fb3jJzEAZA2GVFGHPqUsyIf2rCvI1jml0WC0gIS1RCKu-GEXSqbtUdi6b0pzTbnZf8MJSbU1bfMW?X-Nexus-New-Client=true&X-Nexus-Version=0.18.8&user_role=user' failed: Error in connection establishment: net::ERR_INTERNET_DISCONNECTED @ https://js.intercomcdn.com/vendor-modern.60bbf292.js:1
[157300344ms] [ERROR] WebSocket connection to 'wss://nexus-websocket-a.intercom.io/pubsub/5-Q97a96Qsh_bvCT3Yu2wSiJA6fb3jJzEAZA2GVFGHPqUsyIf2rCvI1jml0WC0gIS1RCKu-GEXSqbtUdi6b0pzTbnZf8MJSbU1bfMW?X-Nexus-New-Client=true&X-Nexus-Version=0.18.8&user_role=user' failed: Error in connection establishment: net::ERR_INTERNET_DISCONNECTED @ https://js.intercomcdn.com/vendor-modern.60bbf292.js:1
[158217775ms] [ERROR] WebSocket connection to 'wss://nexus-websocket-a.intercom.io/pubsub/5-Q97a96Qsh_bvCT3Yu2wSiJA6fb3jJzEAZA2GVFGHPqUsyIf2rCvI1jml0WC0gIS1RCKu-GEXSqbtUdi6b0pzTbnZf8MJSbU1bfMW?X-Nexus-New-Client=true&X-Nexus-Version=0.18.8&user_role=user' failed: Error in connection establishment: net::ERR_INTERNET_DISCONNECTED @ https://js.intercomcdn.com/vendor-modern.60bbf292.js:1
[159186352ms] [ERROR] WebSocket connection to 'wss://nexus-websocket-a.intercom.io/pubsub/5-Q97a96Qsh_bvCT3Yu2wSiJA6fb3jJzEAZA2GVFGHPqUsyIf2rCvI1jml0WC0gIS1RCKu-GEXSqbtUdi6b0pzTbnZf8MJSbU1bfMW?X-Nexus-New-Client=true&X-Nexus-Version=0.18.8&user_role=user' failed: Error in connection establishment: net::ERR_INTERNET_DISCONNECTED @ https://js.intercomcdn.com/vendor-modern.60bbf292.js:1
[160170211ms] [ERROR] WebSocket connection to 'wss://nexus-websocket-a.intercom.io/pubsub/5-Q97a96Qsh_bvCT3Yu2wSiJA6fb3jJzEAZA2GVFGHPqUsyIf2rCvI1jml0WC0gIS1RCKu-GEXSqbtUdi6b0pzTbnZf8MJSbU1bfMW?X-Nexus-New-Client=true&X-Nexus-Version=0.18.8&user_role=user' failed: Error in connection establishment: net::ERR_INTERNET_DISCONNECTED @ https://js.intercomcdn.com/vendor-modern.60bbf292.js:1
[161228000ms] [ERROR] Failed to load resource: net::ERR_NETWORK_CHANGED @ https://app.avest.fr/meta.json?cb=1780203297593:0
[161228000ms] [ERROR] TypeError: Failed to fetch
    at queryFn (https://app.avest.fr/index.1779894461.js:91:59883)
    at Object.r [as fn] (https://app.avest.fr/index.1779894461.js:10:49504)
    at _ (https://app.avest.fr/index.1779894461.js:10:43962)
    at Object.start (https://app.avest.fr/index.1779894461.js:10:44423)
    at xV.fetch (https://app.avest.fr/index.1779894461.js:10:50313)
    at #h (https://app.avest.fr/index.1779894461.js:10:54922)
    at $V.fetch (https://app.avest.fr/index.1779894461.js:10:54809)
    at $V.refetch (https://app.avest.fr/index.1779894461.js:10:54621)
    at xV.onOnline (https://app.avest.fr/index.1779894461.js:10:48171)
    at https://app.avest.fr/index.1779894461.js:10:66700 @ https://app.avest.fr/index.1779894461.js:90
[161228008ms] [ERROR] Failed to load resource: net::ERR_NETWORK_CHANGED @ https://api.avest.fr/v1/agency-groups:0
[161228009ms] [ERROR] Failed to load resource: net::ERR_NETWORK_CHANGED @ https://api.avest.fr/v1/transactions/search?filter=%7B%7D&agencyGroup=69709812c0b6ac9d7a35154f&search=&saleIds%5B%5D=69e38dbc9ecc67b2d70cc31f&acquisitionIds%5B%5D=6a17e6859bb91d1947b47c38&acquisitionIds%5B%5D=6a17f8c99362c996f6e9711e:0
[161228009ms] [ERROR] Failed to load resource: net::ERR_NETWORK_CHANGED @ https://api.avest.fr/v1/mailboxes:0
[161228010ms] [ERROR] Failed to load resource: net::ERR_NETWORK_CHANGED @ https://api.avest.fr/v1/websites:0
[161228010ms] [ERROR] Failed to load resource: net::ERR_NETWORK_CHANGED @ https://api.avest.fr/v1/agency/698cb2ce239dd6ab399bc522:0
[161228010ms] [ERROR] Failed to load resource: net::ERR_NETWORK_CHANGED @ https://api.avest.fr/v1/website?agency=698cb2ce239dd6ab399bc522:0
[161228010ms] [ERROR] Failed to load resource: net::ERR_NETWORK_CHANGED @ https://api.avest.fr/v1/agencies?filter=%7B%22isActive%22:true%7D:0
[161228011ms] [ERROR] Failed to load resource: net::ERR_NETWORK_CHANGED @ https://api.avest.fr/v1/account:0
[161228012ms] [ERROR] Failed to load resource: net::ERR_NETWORK_CHANGED @ https://api.avest.fr/v1/sale/69e38dbc9ecc67b2d70cc31f:0
[161228033ms] [ERROR] Failed to load resource: net::ERR_ADDRESS_UNREACHABLE @ https://api.avest.fr/v1/websites:0
[161228033ms] [ERROR] AxiosError: Network Error
    at w.onerror (https://app.avest.fr/index.1779894461.js:85:16122) @ https://app.avest.fr/index.1779894461.js:90
[161228033ms] [ERROR] Failed to load resource: net::ERR_ADDRESS_UNREACHABLE @ https://api.avest.fr/v1/agency-groups:0
[161228033ms] [ERROR] Failed to load resource: net::ERR_ADDRESS_UNREACHABLE @ https://api.avest.fr/v1/mailboxes:0
[161228033ms] [ERROR] Failed to load resource: net::ERR_ADDRESS_UNREACHABLE @ https://api.avest.fr/v1/transactions/search?filter=%7B%7D&agencyGroup=69709812c0b6ac9d7a35154f&search=&saleIds%5B%5D=69e38dbc9ecc67b2d70cc31f&acquisitionIds%5B%5D=6a17e6859bb91d1947b47c38&acquisitionIds%5B%5D=6a17f8c99362c996f6e9711e:0
[161228033ms] [ERROR] Failed to load resource: net::ERR_ADDRESS_UNREACHABLE @ https://api.avest.fr/v1/agency/698cb2ce239dd6ab399bc522:0
[161228033ms] [ERROR] Failed to load resource: net::ERR_ADDRESS_UNREACHABLE @ https://api.avest.fr/v1/website?agency=698cb2ce239dd6ab399bc522:0
[161228034ms] [ERROR] Failed to load resource: net::ERR_ADDRESS_UNREACHABLE @ https://api.avest.fr/v1/account:0
[161228034ms] [ERROR] Failed to load resource: net::ERR_ADDRESS_UNREACHABLE @ https://api.avest.fr/v1/agencies?filter=%7B%22isActive%22:true%7D:0
[161228045ms] [ERROR] Failed to load resource: net::ERR_ADDRESS_UNREACHABLE @ https://api.avest.fr/v1/sale/69e38dbc9ecc67b2d70cc31f:0
[161271591ms] [ERROR] Failed to load resource: net::ERR_INTERNET_DISCONNECTED @ https://app.avest.fr/r/flags/?v=2&ip=0&_=1780203341425&ver=1.372.10&compression=base64:0
[161302792ms] [ERROR] WebSocket connection to 'wss://nexus-websocket-a.intercom.io/pubsub/5-Q97a96Qsh_bvCT3Yu2wSiJA6fb3jJzEAZA2GVFGHPqUsyIf2rCvI1jml0WC0gIS1RCKu-GEXSqbtUdi6b0pzTbnZf8MJSbU1bfMW?X-Nexus-New-Client=true&X-Nexus-Version=0.18.8&user_role=user' failed: Error in connection establishment: net::ERR_CONNECTION_TIMED_OUT @ https://js.intercomcdn.com/vendor-modern.60bbf292.js:1
[164386892ms] [ERROR] Failed to load resource: net::ERR_INTERNET_DISCONNECTED @ https://app.avest.fr/r/flags/?v=2&ip=0&_=1780206456726&ver=1.372.10&compression=base64:0
[167026362ms] [ERROR] Failed to load resource: net::ERR_INTERNET_DISCONNECTED @ https://app.avest.fr/r/flags/?v=2&ip=0&_=1780209096193&ver=1.372.10&compression=base64:0
[169866523ms] [ERROR] Failed to load resource: net::ERR_INTERNET_DISCONNECTED @ https://app.avest.fr/r/flags/?v=2&ip=0&_=1780211936357&ver=1.372.10&compression=base64:0
[171160294ms] [ERROR] Failed to load resource: net::ERR_INTERNET_DISCONNECTED @ https://app.avest.fr/r/flags/?v=2&ip=0&_=1780213230131&ver=1.372.10&compression=base64:0
[175925390ms] [ERROR] Failed to load resource: net::ERR_INTERNET_DISCONNECTED @ https://app.avest.fr/r/flags/?v=2&ip=0&_=1780217995220&ver=1.372.10&compression=base64:0
[179025333ms] [ERROR] Failed to load resource: net::ERR_INTERNET_DISCONNECTED @ https://app.avest.fr/r/flags/?v=2&ip=0&_=1780221095169&ver=1.372.10&compression=base64:0
[180698328ms] [ERROR] Failed to load resource: net::ERR_NETWORK_CHANGED @ https://app.avest.fr/meta.json?cb=1780222767884:0
[180698328ms] [ERROR] TypeError: Failed to fetch
    at queryFn (https://app.avest.fr/index.1779894461.js:91:59883)
    at Object.r [as fn] (https://app.avest.fr/index.1779894461.js:10:49504)
    at _ (https://app.avest.fr/index.1779894461.js:10:43962) @ https://app.avest.fr/index.1779894461.js:90
[180698333ms] [ERROR] Failed to load resource: net::ERR_NETWORK_CHANGED @ https://api.avest.fr/v1/agency-groups:0
[180698333ms] [ERROR] Failed to load resource: net::ERR_NETWORK_CHANGED @ https://api.avest.fr/v1/mailboxes:0
[180698333ms] [ERROR] Failed to load resource: net::ERR_NETWORK_CHANGED @ https://api.avest.fr/v1/websites:0
[180698334ms] [ERROR] Failed to load resource: net::ERR_NETWORK_CHANGED @ https://api.avest.fr/v1/agency/698cb2ce239dd6ab399bc522:0
[180698334ms] [ERROR] Failed to load resource: net::ERR_NETWORK_CHANGED @ https://api.avest.fr/v1/website?agency=698cb2ce239dd6ab399bc522:0
[180698334ms] [ERROR] Failed to load resource: net::ERR_NETWORK_CHANGED @ https://api.avest.fr/v1/agencies?filter=%7B%22isActive%22:true%7D:0
[180698334ms] [ERROR] Failed to load resource: net::ERR_NETWORK_CHANGED @ https://api.avest.fr/v1/transactions/search?filter=%7B%7D&agencyGroup=69709812c0b6ac9d7a35154f&search=&saleIds%5B%5D=69e38dbc9ecc67b2d70cc31f&acquisitionIds%5B%5D=6a17e6859bb91d1947b47c38&acquisitionIds%5B%5D=6a17f8c99362c996f6e9711e:0
[180698334ms] [ERROR] Failed to load resource: net::ERR_NETWORK_CHANGED @ https://api.avest.fr/v1/account:0
[180698335ms] [ERROR] Failed to load resource: net::ERR_NETWORK_CHANGED @ https://api.avest.fr/v1/sale/69e38dbc9ecc67b2d70cc31f:0
[180698344ms] [ERROR] Failed to load resource: net::ERR_ADDRESS_UNREACHABLE @ https://api.avest.fr/v1/agency/698cb2ce239dd6ab399bc522:0
[180698344ms] [ERROR] Failed to load resource: net::ERR_ADDRESS_UNREACHABLE @ https://api.avest.fr/v1/websites:0
[180698344ms] [ERROR] Failed to load resource: net::ERR_ADDRESS_UNREACHABLE @ https://api.avest.fr/v1/agencies?filter=%7B%22isActive%22:true%7D:0
[180698344ms] [ERROR] Failed to load resource: net::ERR_ADDRESS_UNREACHABLE @ https://api.avest.fr/v1/transactions/search?filter=%7B%7D&agencyGroup=69709812c0b6ac9d7a35154f&search=&saleIds%5B%5D=69e38dbc9ecc67b2d70cc31f&acquisitionIds%5B%5D=6a17e6859bb91d1947b47c38&acquisitionIds%5B%5D=6a17f8c99362c996f6e9711e:0
[180698344ms] [ERROR] Failed to load resource: net::ERR_ADDRESS_UNREACHABLE @ https://api.avest.fr/v1/mailboxes:0
[180698344ms] [ERROR] Failed to load resource: net::ERR_ADDRESS_UNREACHABLE @ https://api.avest.fr/v1/website?agency=698cb2ce239dd6ab399bc522:0
[180698344ms] [ERROR] AxiosError: Network Error
    at w.onerror (https://app.avest.fr/index.1779894461.js:85:16122) @ https://app.avest.fr/index.1779894461.js:90
[180698345ms] [ERROR] Failed to load resource: net::ERR_ADDRESS_UNREACHABLE @ https://api.avest.fr/v1/agency-groups:0
[180698345ms] [ERROR] Failed to load resource: net::ERR_ADDRESS_UNREACHABLE @ https://api.avest.fr/v1/sale/69e38dbc9ecc67b2d70cc31f:0
[180698345ms] [ERROR] Failed to load resource: net::ERR_ADDRESS_UNREACHABLE @ https://api.avest.fr/v1/account:0
[181679402ms] [ERROR] Failed to load resource: net::ERR_INTERNET_DISCONNECTED @ https://app.avest.fr/r/flags/?v=2&ip=0&_=1780223749233&ver=1.372.10&compression=base64:0
[181696961ms] [ERROR] WebSocket connection to 'wss://nexus-websocket-a.intercom.io/pubsub/5-Q97a96Qsh_bvCT3Yu2wSiJA6fb3jJzEAZA2GVFGHPqUsyIf2rCvI1jml0WC0gIS1RCKu-GEXSqbtUdi6b0pzTbnZf8MJSbU1bfMW?X-Nexus-New-Client=true&X-Nexus-Version=0.18.8&user_role=user' failed: Error in connection establishment: net::ERR_CONNECTION_TIMED_OUT @ https://js.intercomcdn.com/vendor-modern.60bbf292.js:1
[183380056ms] [ERROR] Failed to load resource: net::ERR_INTERNET_DISCONNECTED @ https://app.avest.fr/r/flags/?v=2&ip=0&_=1780225449889&ver=1.372.10&compression=base64:0
[186952877ms] [ERROR] Failed to load resource: net::ERR_INTERNET_DISCONNECTED @ https://app.avest.fr/r/flags/?v=2&ip=0&_=1780229022713&ver=1.372.10&compression=base64:0
[190218376ms] [ERROR] Failed to load resource: net::ERR_INTERNET_DISCONNECTED @ https://app.avest.fr/r/flags/?v=2&ip=0&_=1780232288209&ver=1.372.10&compression=base64:0
[193072176ms] [ERROR] Failed to load resource: net::ERR_INTERNET_DISCONNECTED @ https://app.avest.fr/r/flags/?v=2&ip=0&_=1780235142013&ver=1.372.10&compression=base64:0
[195250206ms] [ERROR] Failed to load resource: net::ERR_ADDRESS_UNREACHABLE @ https://app.avest.fr/meta.json?cb=1780237319726:0
[195250207ms] [ERROR] TypeError: Failed to fetch
    at queryFn (https://app.avest.fr/index.1779894461.js:91:59883)
    at Object.r [as fn] (https://app.avest.fr/index.1779894461.js:10:49504)
    at _ (https://app.avest.fr/index.1779894461.js:10:43962) @ https://app.avest.fr/index.1779894461.js:90
[195250261ms] [ERROR] Failed to load resource: net::ERR_NETWORK_CHANGED @ https://api.avest.fr/v1/transactions/search?filter=%7B%7D&agencyGroup=69709812c0b6ac9d7a35154f&search=&saleIds%5B%5D=69e38dbc9ecc67b2d70cc31f&acquisitionIds%5B%5D=6a17e6859bb91d1947b47c38&acquisitionIds%5B%5D=6a17f8c99362c996f6e9711e:0
[195250261ms] [ERROR] Failed to load resource: net::ERR_NETWORK_CHANGED @ https://api.avest.fr/v1/account:0
[195250262ms] [ERROR] Failed to load resource: net::ERR_NETWORK_CHANGED @ https://api.avest.fr/v1/sale/69e38dbc9ecc67b2d70cc31f:0
[195250262ms] [ERROR] Failed to load resource: net::ERR_NETWORK_CHANGED @ https://api.avest.fr/v1/agency-groups:0
[195250262ms] [ERROR] Failed to load resource: net::ERR_NETWORK_CHANGED @ https://api.avest.fr/v1/mailboxes:0
[195250263ms] [ERROR] Failed to load resource: net::ERR_NETWORK_CHANGED @ https://api.avest.fr/v1/websites:0
[195250263ms] [ERROR] Failed to load resource: net::ERR_NETWORK_CHANGED @ https://api.avest.fr/v1/agency/698cb2ce239dd6ab399bc522:0
[195250263ms] [ERROR] Failed to load resource: net::ERR_NETWORK_CHANGED @ https://api.avest.fr/v1/website?agency=698cb2ce239dd6ab399bc522:0
[195250263ms] [ERROR] Failed to load resource: net::ERR_NETWORK_CHANGED @ https://api.avest.fr/v1/agencies?filter=%7B%22isActive%22:true%7D:0
[195250271ms] [ERROR] Failed to load resource: net::ERR_ADDRESS_UNREACHABLE @ https://api.avest.fr/v1/website?agency=698cb2ce239dd6ab399bc522:0
[195250271ms] [ERROR] Failed to load resource: net::ERR_ADDRESS_UNREACHABLE @ https://api.avest.fr/v1/agencies?filter=%7B%22isActive%22:true%7D:0
[195250271ms] [ERROR] Failed to load resource: net::ERR_ADDRESS_UNREACHABLE @ https://api.avest.fr/v1/sale/69e38dbc9ecc67b2d70cc31f:0
[195250271ms] [ERROR] Failed to load resource: net::ERR_ADDRESS_UNREACHABLE @ https://api.avest.fr/v1/websites:0
[195250271ms] [ERROR] Failed to load resource: net::ERR_ADDRESS_UNREACHABLE @ https://api.avest.fr/v1/mailboxes:0
[195250271ms] [ERROR] Failed to load resource: net::ERR_ADDRESS_UNREACHABLE @ https://api.avest.fr/v1/agency/698cb2ce239dd6ab399bc522:0
[195250271ms] [ERROR] Failed to load resource: net::ERR_ADDRESS_UNREACHABLE @ https://api.avest.fr/v1/account:0
[195250271ms] [ERROR] Failed to load resource: net::ERR_ADDRESS_UNREACHABLE @ https://api.avest.fr/v1/transactions/search?filter=%7B%7D&agencyGroup=69709812c0b6ac9d7a35154f&search=&saleIds%5B%5D=69e38dbc9ecc67b2d70cc31f&acquisitionIds%5B%5D=6a17e6859bb91d1947b47c38&acquisitionIds%5B%5D=6a17f8c99362c996f6e9711e:0
[195250272ms] [ERROR] AxiosError: Network Error
    at w.onerror (https://app.avest.fr/index.1779894461.js:85:16122) @ https://app.avest.fr/index.1779894461.js:90
[195250272ms] [ERROR] Failed to load resource: net::ERR_ADDRESS_UNREACHABLE @ https://api.avest.fr/v1/agency-groups:0
[196272382ms] [ERROR] Failed to load resource: net::ERR_NETWORK_CHANGED @ https://app.avest.fr/meta.json?cb=1780238342072:0
[196272382ms] [ERROR] TypeError: Failed to fetch
    at queryFn (https://app.avest.fr/index.1779894461.js:91:59883)
    at Object.r [as fn] (https://app.avest.fr/index.1779894461.js:10:49504)
    at _ (https://app.avest.fr/index.1779894461.js:10:43962)
    at Object.start (https://app.avest.fr/index.1779894461.js:10:44423)
    at xV.fetch (https://app.avest.fr/index.1779894461.js:10:50313)
    at #h (https://app.avest.fr/index.1779894461.js:10:54922)
    at $V.fetch (https://app.avest.fr/index.1779894461.js:10:54809)
    at $V.refetch (https://app.avest.fr/index.1779894461.js:10:54621)
    at xV.onOnline (https://app.avest.fr/index.1779894461.js:10:48171)
    at https://app.avest.fr/index.1779894461.js:10:66700 @ https://app.avest.fr/index.1779894461.js:90
[196272385ms] [ERROR] Failed to load resource: net::ERR_NETWORK_CHANGED @ https://api.avest.fr/v1/agency-groups:0
[196272385ms] [ERROR] Failed to load resource: net::ERR_NETWORK_CHANGED @ https://api.avest.fr/v1/mailboxes:0
[196272385ms] [ERROR] Failed to load resource: net::ERR_NETWORK_CHANGED @ https://api.avest.fr/v1/websites:0
[196272385ms] [ERROR] Failed to load resource: net::ERR_NETWORK_CHANGED @ https://api.avest.fr/v1/agency/698cb2ce239dd6ab399bc522:0
[196272386ms] [ERROR] Failed to load resource: net::ERR_NETWORK_CHANGED @ https://api.avest.fr/v1/website?agency=698cb2ce239dd6ab399bc522:0
[196272386ms] [ERROR] Failed to load resource: net::ERR_NETWORK_CHANGED @ https://api.avest.fr/v1/agencies?filter=%7B%22isActive%22:true%7D:0
[196272386ms] [ERROR] Failed to load resource: net::ERR_NETWORK_CHANGED @ https://api.avest.fr/v1/transactions/search?filter=%7B%7D&agencyGroup=69709812c0b6ac9d7a35154f&search=&saleIds%5B%5D=69e38dbc9ecc67b2d70cc31f&acquisitionIds%5B%5D=6a17e6859bb91d1947b47c38&acquisitionIds%5B%5D=6a17f8c99362c996f6e9711e:0
[196272386ms] [ERROR] Failed to load resource: net::ERR_NETWORK_CHANGED @ https://api.avest.fr/v1/account:0
[196272386ms] [ERROR] Failed to load resource: net::ERR_NETWORK_CHANGED @ https://api.avest.fr/v1/sale/69e38dbc9ecc67b2d70cc31f:0
[196272466ms] [ERROR] Failed to load resource: net::ERR_INTERNET_DISCONNECTED @ https://api.avest.fr/v1/sale/69e38dbc9ecc67b2d70cc31f:0
[196272467ms] [ERROR] AxiosError: Network Error
    at w.onerror (https://app.avest.fr/index.1779894461.js:85:16122) @ https://app.avest.fr/index.1779894461.js:90
[196272467ms] [ERROR] Failed to load resource: net::ERR_INTERNET_DISCONNECTED @ https://api.avest.fr/v1/account:0
[196272468ms] [ERROR] AxiosError: Network Error
    at w.onerror (https://app.avest.fr/index.1779894461.js:85:16122) @ https://app.avest.fr/index.1779894461.js:90
[196272468ms] [ERROR] Failed to load resource: net::ERR_INTERNET_DISCONNECTED @ https://api.avest.fr/v1/transactions/search?filter=%7B%7D&agencyGroup=69709812c0b6ac9d7a35154f&search=&saleIds%5B%5D=69e38dbc9ecc67b2d70cc31f&acquisitionIds%5B%5D=6a17e6859bb91d1947b47c38&acquisitionIds%5B%5D=6a17f8c99362c996f6e9711e:0
[196272468ms] [ERROR] Failed to load resource: net::ERR_INTERNET_DISCONNECTED @ https://api.avest.fr/v1/agency/698cb2ce239dd6ab399bc522:0
[196272482ms] [ERROR] AxiosError: Network Error
    at w.onerror (https://app.avest.fr/index.1779894461.js:85:16122) @ https://app.avest.fr/index.1779894461.js:90
[196272482ms] [ERROR] Failed to load resource: net::ERR_INTERNET_DISCONNECTED @ https://api.avest.fr/v1/website?agency=698cb2ce239dd6ab399bc522:0
[196272482ms] [ERROR] AxiosError: Network Error
    at w.onerror (https://app.avest.fr/index.1779894461.js:85:16122) @ https://app.avest.fr/index.1779894461.js:90
[196272483ms] [ERROR] Failed to load resource: net::ERR_INTERNET_DISCONNECTED @ https://api.avest.fr/v1/websites:0
[196272483ms] [ERROR] AxiosError: Network Error
    at w.onerror (https://app.avest.fr/index.1779894461.js:85:16122) @ https://app.avest.fr/index.1779894461.js:90
[196272483ms] [ERROR] Failed to load resource: net::ERR_INTERNET_DISCONNECTED @ https://api.avest.fr/v1/agencies?filter=%7B%22isActive%22:true%7D:0
[196272483ms] [ERROR] AxiosError: Network Error
    at w.onerror (https://app.avest.fr/index.1779894461.js:85:16122) @ https://app.avest.fr/index.1779894461.js:90
[196272483ms] [ERROR] Failed to load resource: net::ERR_INTERNET_DISCONNECTED @ https://api.avest.fr/v1/agency-groups:0
[196272498ms] [ERROR] AxiosError: Network Error
    at w.onerror (https://app.avest.fr/index.1779894461.js:85:16122) @ https://app.avest.fr/index.1779894461.js:90
[196272498ms] [ERROR] Failed to load resource: net::ERR_INTERNET_DISCONNECTED @ https://api.avest.fr/v1/mailboxes:0
[196279817ms] [ERROR] Failed to load resource: net::ERR_INTERNET_DISCONNECTED @ https://app.avest.fr/r/flags/?v=2&ip=0&_=1780238349655&ver=1.372.10&compression=base64:0
[196292784ms] [ERROR] WebSocket connection to 'wss://nexus-websocket-a.intercom.io/pubsub/5-Q97a96Qsh_bvCT3Yu2wSiJA6fb3jJzEAZA2GVFGHPqUsyIf2rCvI1jml0WC0gIS1RCKu-GEXSqbtUdi6b0pzTbnZf8MJSbU1bfMW?X-Nexus-New-Client=true&X-Nexus-Version=0.18.8&user_role=user' failed: Error in connection establishment: net::ERR_INTERNET_DISCONNECTED @ https://js.intercomcdn.com/vendor-modern.60bbf292.js:1
[196292796ms] [ERROR] WebSocket connection to 'wss://nexus-websocket-a.intercom.io/pubsub/5-Q97a96Qsh_bvCT3Yu2wSiJA6fb3jJzEAZA2GVFGHPqUsyIf2rCvI1jml0WC0gIS1RCKu-GEXSqbtUdi6b0pzTbnZf8MJSbU1bfMW?X-Nexus-New-Client=true&X-Nexus-Version=0.18.8&user_role=user' failed: Error in connection establishment: net::ERR_INTERNET_DISCONNECTED @ https://js.intercomcdn.com/vendor-modern.60bbf292.js:1
[198966670ms] [ERROR] Failed to load resource: net::ERR_INTERNET_DISCONNECTED @ https://app.avest.fr/r/flags/?v=2&ip=0&_=1780241036510&ver=1.372.10&compression=base64:0
[200975532ms] [ERROR] Failed to load resource: net::ERR_NETWORK_CHANGED @ https://app.avest.fr/meta.json?cb=1780243045278:0
[200975533ms] [ERROR] TypeError: Failed to fetch
    at queryFn (https://app.avest.fr/index.1779894461.js:91:59883)
    at Object.r [as fn] (https://app.avest.fr/index.1779894461.js:10:49504)
    at _ (https://app.avest.fr/index.1779894461.js:10:43962) @ https://app.avest.fr/index.1779894461.js:90
[200975534ms] [ERROR] Failed to load resource: net::ERR_NETWORK_CHANGED @ https://api.avest.fr/v1/account:0
[200975534ms] [ERROR] Failed to load resource: net::ERR_NETWORK_CHANGED @ https://api.avest.fr/v1/agency/698cb2ce239dd6ab399bc522:0
[200975534ms] [ERROR] Failed to load resource: net::ERR_NETWORK_CHANGED @ https://api.avest.fr/v1/sale/69e38dbc9ecc67b2d70cc31f:0
[200975535ms] [ERROR] Failed to load resource: net::ERR_NETWORK_CHANGED @ https://api.avest.fr/v1/mailboxes:0
[200975535ms] [ERROR] Failed to load resource: net::ERR_NETWORK_CHANGED @ https://api.avest.fr/v1/websites:0
[200975536ms] [ERROR] Failed to load resource: net::ERR_NETWORK_CHANGED @ https://api.avest.fr/v1/website?agency=698cb2ce239dd6ab399bc522:0
[200975537ms] [ERROR] Failed to load resource: net::ERR_NETWORK_CHANGED @ https://api.avest.fr/v1/agencies?filter=%7B%22isActive%22:true%7D:0
[200975537ms] [ERROR] Failed to load resource: net::ERR_NETWORK_CHANGED @ https://api.avest.fr/v1/agency-groups:0
[200975538ms] [ERROR] Failed to load resource: net::ERR_NETWORK_CHANGED @ https://api.avest.fr/v1/transactions/search?filter=%7B%7D&agencyGroup=69709812c0b6ac9d7a35154f&search=&saleIds%5B%5D=69e38dbc9ecc67b2d70cc31f&acquisitionIds%5B%5D=6a17e6859bb91d1947b47c38&acquisitionIds%5B%5D=6a17f8c99362c996f6e9711e:0
[200975550ms] [ERROR] AxiosError: Network Error
    at w.onerror (https://app.avest.fr/index.1779894461.js:85:16122) @ https://app.avest.fr/index.1779894461.js:90
[200975550ms] [ERROR] Failed to load resource: net::ERR_ADDRESS_UNREACHABLE @ https://api.avest.fr/v1/agency-groups:0
[200975550ms] [ERROR] Failed to load resource: net::ERR_ADDRESS_UNREACHABLE @ https://api.avest.fr/v1/transactions/search?filter=%7B%7D&agencyGroup=69709812c0b6ac9d7a35154f&search=&saleIds%5B%5D=69e38dbc9ecc67b2d70cc31f&acquisitionIds%5B%5D=6a17e6859bb91d1947b47c38&acquisitionIds%5B%5D=6a17f8c99362c996f6e9711e:0
[200975550ms] [ERROR] Failed to load resource: net::ERR_ADDRESS_UNREACHABLE @ https://api.avest.fr/v1/sale/69e38dbc9ecc67b2d70cc31f:0
[200975550ms] [ERROR] Failed to load resource: net::ERR_ADDRESS_UNREACHABLE @ https://api.avest.fr/v1/website?agency=698cb2ce239dd6ab399bc522:0
[200975550ms] [ERROR] Failed to load resource: net::ERR_ADDRESS_UNREACHABLE @ https://api.avest.fr/v1/agencies?filter=%7B%22isActive%22:true%7D:0
[200975551ms] [ERROR] Failed to load resource: net::ERR_ADDRESS_UNREACHABLE @ https://api.avest.fr/v1/agency/698cb2ce239dd6ab399bc522:0
[200975551ms] [ERROR] Failed to load resource: net::ERR_ADDRESS_UNREACHABLE @ https://api.avest.fr/v1/websites:0
[200975551ms] [ERROR] Failed to load resource: net::ERR_ADDRESS_UNREACHABLE @ https://api.avest.fr/v1/mailboxes:0
[200975551ms] [ERROR] Failed to load resource: net::ERR_ADDRESS_UNREACHABLE @ https://api.avest.fr/v1/account:0
[201517487ms] [ERROR] WebSocket connection to 'wss://nexus-websocket-a.intercom.io/pubsub/5-Q97a96Qsh_bvCT3Yu2wSiJA6fb3jJzEAZA2GVFGHPqUsyIf2rCvI1jml0WC0gIS1RCKu-GEXSqbtUdi6b0pzTbnZf8MJSbU1bfMW?X-Nexus-New-Client=true&X-Nexus-Version=0.18.8&user_role=user' failed: Error in connection establishment: net::ERR_CONNECTION_TIMED_OUT @ https://js.intercomcdn.com/vendor-modern.60bbf292.js:1
[202580492ms] [ERROR] Failed to load resource: net::ERR_INTERNET_DISCONNECTED @ https://app.avest.fr/r/flags/?v=2&ip=0&_=1780244650327&ver=1.372.10&compression=base64:0
[206244333ms] [ERROR] Failed to load resource: net::ERR_INTERNET_DISCONNECTED @ https://app.avest.fr/r/flags/?v=2&ip=0&_=1780248314168&ver=1.372.10&compression=base64:0
[208413641ms] [ERROR] Failed to load resource: net::ERR_INTERNET_DISCONNECTED @ https://app.avest.fr/r/flags/?v=2&ip=0&_=1780250483479&ver=1.372.10&compression=base64:0
[209800017ms] [ERROR] Failed to load resource: net::ERR_ADDRESS_UNREACHABLE @ https://app.avest.fr/meta.json?cb=1780251869564:0
[209800017ms] [ERROR] TypeError: Failed to fetch
    at queryFn (https://app.avest.fr/index.1779894461.js:91:59883)
    at Object.r [as fn] (https://app.avest.fr/index.1779894461.js:10:49504)
    at _ (https://app.avest.fr/index.1779894461.js:10:43962) @ https://app.avest.fr/index.1779894461.js:90
[209800049ms] [ERROR] Failed to load resource: net::ERR_NETWORK_CHANGED @ https://api.avest.fr/v1/agency-groups:0
[209800050ms] [ERROR] Failed to load resource: net::ERR_NETWORK_CHANGED @ https://api.avest.fr/v1/mailboxes:0
[209800050ms] [ERROR] Failed to load resource: net::ERR_NETWORK_CHANGED @ https://api.avest.fr/v1/websites:0
[209800050ms] [ERROR] Failed to load resource: net::ERR_NETWORK_CHANGED @ https://api.avest.fr/v1/agency/698cb2ce239dd6ab399bc522:0
[209800050ms] [ERROR] Failed to load resource: net::ERR_NETWORK_CHANGED @ https://api.avest.fr/v1/website?agency=698cb2ce239dd6ab399bc522:0
[209800050ms] [ERROR] Failed to load resource: net::ERR_NETWORK_CHANGED @ https://api.avest.fr/v1/agencies?filter=%7B%22isActive%22:true%7D:0
[209800050ms] [ERROR] Failed to load resource: net::ERR_NETWORK_CHANGED @ https://api.avest.fr/v1/transactions/search?filter=%7B%7D&agencyGroup=69709812c0b6ac9d7a35154f&search=&saleIds%5B%5D=69e38dbc9ecc67b2d70cc31f&acquisitionIds%5B%5D=6a17e6859bb91d1947b47c38&acquisitionIds%5B%5D=6a17f8c99362c996f6e9711e:0
[209800051ms] [ERROR] Failed to load resource: net::ERR_NETWORK_CHANGED @ https://api.avest.fr/v1/account:0
[209800051ms] [ERROR] Failed to load resource: net::ERR_NETWORK_CHANGED @ https://api.avest.fr/v1/sale/69e38dbc9ecc67b2d70cc31f:0
[209800184ms] [ERROR] Failed to load resource: net::ERR_INTERNET_DISCONNECTED @ https://api.avest.fr/v1/account:0
[209800184ms] [ERROR] AxiosError: Network Error
    at w.onerror (https://app.avest.fr/index.1779894461.js:85:16122) @ https://app.avest.fr/index.1779894461.js:90
[209800184ms] [ERROR] Failed to load resource: net::ERR_INTERNET_DISCONNECTED @ https://api.avest.fr/v1/sale/69e38dbc9ecc67b2d70cc31f:0
[209800184ms] [ERROR] Failed to load resource: net::ERR_INTERNET_DISCONNECTED @ https://api.avest.fr/v1/agencies?filter=%7B%22isActive%22:true%7D:0
[209800185ms] [ERROR] Failed to load resource: net::ERR_INTERNET_DISCONNECTED @ https://api.avest.fr/v1/transactions/search?filter=%7B%7D&agencyGroup=69709812c0b6ac9d7a35154f&search=&saleIds%5B%5D=69e38dbc9ecc67b2d70cc31f&acquisitionIds%5B%5D=6a17e6859bb91d1947b47c38&acquisitionIds%5B%5D=6a17f8c99362c996f6e9711e:0
[209800185ms] [ERROR] Failed to load resource: net::ERR_INTERNET_DISCONNECTED @ https://api.avest.fr/v1/websites:0
[209800190ms] [ERROR] Failed to load resource: net::ERR_INTERNET_DISCONNECTED @ https://api.avest.fr/v1/website?agency=698cb2ce239dd6ab399bc522:0
[209800190ms] [ERROR] Failed to load resource: net::ERR_INTERNET_DISCONNECTED @ https://api.avest.fr/v1/mailboxes:0
[209800190ms] [ERROR] AxiosError: Network Error
    at w.onerror (https://app.avest.fr/index.1779894461.js:85:16122) @ https://app.avest.fr/index.1779894461.js:90
[209800190ms] [ERROR] Failed to load resource: net::ERR_INTERNET_DISCONNECTED @ https://api.avest.fr/v1/agency-groups:0
[209800191ms] [ERROR] AxiosError: Network Error
    at w.onerror (https://app.avest.fr/index.1779894461.js:85:16122) @ https://app.avest.fr/index.1779894461.js:90
[209800191ms] [ERROR] Failed to load resource: net::ERR_INTERNET_DISCONNECTED @ https://api.avest.fr/v1/agency/698cb2ce239dd6ab399bc522:0
[210777951ms] [ERROR] WebSocket connection to 'wss://nexus-websocket-a.intercom.io/pubsub/5-Q97a96Qsh_bvCT3Yu2wSiJA6fb3jJzEAZA2GVFGHPqUsyIf2rCvI1jml0WC0gIS1RCKu-GEXSqbtUdi6b0pzTbnZf8MJSbU1bfMW?X-Nexus-New-Client=true&X-Nexus-Version=0.18.8&user_role=user' failed: Error in connection establishment: net::ERR_CONNECTION_TIMED_OUT @ https://js.intercomcdn.com/vendor-modern.60bbf292.js:1
[210942730ms] [ERROR] Failed to load resource: net::ERR_INTERNET_DISCONNECTED @ https://app.avest.fr/r/flags/?v=2&ip=0&_=1780253012561&ver=1.372.10&compression=base64:0
[211242722ms] [ERROR] Failed to load resource: net::ERR_INTERNET_DISCONNECTED @ https://app.avest.fr/r/flags/?v=2&ip=0&_=1780253312559&ver=1.372.10&compression=base64:0
[211542723ms] [ERROR] Failed to load resource: net::ERR_INTERNET_DISCONNECTED @ https://app.avest.fr/r/flags/?v=2&ip=0&_=1780253612561&ver=1.372.10&compression=base64:0
[212469522ms] [ERROR] Failed to load resource: net::ERR_NETWORK_CHANGED @ https://app.avest.fr/meta.json?cb=1780254539206:0
[212469522ms] [ERROR] TypeError: Failed to fetch
    at queryFn (https://app.avest.fr/index.1779894461.js:91:59883)
    at Object.r [as fn] (https://app.avest.fr/index.1779894461.js:10:49504)
    at _ (https://app.avest.fr/index.1779894461.js:10:43962) @ https://app.avest.fr/index.1779894461.js:90
[212469531ms] [ERROR] Failed to load resource: net::ERR_NETWORK_CHANGED @ https://api.avest.fr/v1/agencies?filter=%7B%22isActive%22:true%7D:0
[212469532ms] [ERROR] Failed to load resource: net::ERR_NETWORK_CHANGED @ https://api.avest.fr/v1/transactions/search?filter=%7B%7D&agencyGroup=69709812c0b6ac9d7a35154f&search=&saleIds%5B%5D=69e38dbc9ecc67b2d70cc31f&acquisitionIds%5B%5D=6a17e6859bb91d1947b47c38&acquisitionIds%5B%5D=6a17f8c99362c996f6e9711e:0
[212469532ms] [ERROR] Failed to load resource: net::ERR_NETWORK_CHANGED @ https://api.avest.fr/v1/account:0
[212469532ms] [ERROR] Failed to load resource: net::ERR_NETWORK_CHANGED @ https://api.avest.fr/v1/agency/698cb2ce239dd6ab399bc522:0
[212469533ms] [ERROR] Failed to load resource: net::ERR_NETWORK_CHANGED @ https://api.avest.fr/v1/agency-groups:0
[212469533ms] [ERROR] Failed to load resource: net::ERR_NETWORK_CHANGED @ https://api.avest.fr/v1/sale/69e38dbc9ecc67b2d70cc31f:0
[212469534ms] [ERROR] Failed to load resource: net::ERR_NETWORK_CHANGED @ https://api.avest.fr/v1/mailboxes:0
[212469534ms] [ERROR] Failed to load resource: net::ERR_NETWORK_CHANGED @ https://api.avest.fr/v1/websites:0
[212469535ms] [ERROR] Failed to load resource: net::ERR_NETWORK_CHANGED @ https://api.avest.fr/v1/website?agency=698cb2ce239dd6ab399bc522:0
[212469569ms] [ERROR] Failed to load resource: net::ERR_ADDRESS_UNREACHABLE @ https://api.avest.fr/v1/websites:0
[212469569ms] [ERROR] Failed to load resource: net::ERR_ADDRESS_UNREACHABLE @ https://api.avest.fr/v1/website?agency=698cb2ce239dd6ab399bc522:0
[212469569ms] [ERROR] Failed to load resource: net::ERR_ADDRESS_UNREACHABLE @ https://api.avest.fr/v1/account:0
[212469569ms] [ERROR] Failed to load resource: net::ERR_ADDRESS_UNREACHABLE @ https://api.avest.fr/v1/sale/69e38dbc9ecc67b2d70cc31f:0
[212469569ms] [ERROR] Failed to load resource: net::ERR_ADDRESS_UNREACHABLE @ https://api.avest.fr/v1/mailboxes:0
[212469570ms] [ERROR] Failed to load resource: net::ERR_ADDRESS_UNREACHABLE @ https://api.avest.fr/v1/agency/698cb2ce239dd6ab399bc522:0
[212469570ms] [ERROR] Failed to load resource: net::ERR_ADDRESS_UNREACHABLE @ https://api.avest.fr/v1/transactions/search?filter=%7B%7D&agencyGroup=69709812c0b6ac9d7a35154f&search=&saleIds%5B%5D=69e38dbc9ecc67b2d70cc31f&acquisitionIds%5B%5D=6a17e6859bb91d1947b47c38&acquisitionIds%5B%5D=6a17f8c99362c996f6e9711e:0
[212469570ms] [ERROR] AxiosError: Network Error
    at w.onerror (https://app.avest.fr/index.1779894461.js:85:16122) @ https://app.avest.fr/index.1779894461.js:90
[212469570ms] [ERROR] Failed to load resource: net::ERR_ADDRESS_UNREACHABLE @ https://api.avest.fr/v1/agency-groups:0
[212469571ms] [ERROR] Failed to load resource: net::ERR_ADDRESS_UNREACHABLE @ https://api.avest.fr/v1/agencies?filter=%7B%22isActive%22:true%7D:0
[212480553ms] [ERROR] Failed to load resource: net::ERR_INTERNET_DISCONNECTED @ https://app.avest.fr/r/flags/?v=2&ip=0&_=1780254550389&ver=1.372.10&compression=base64:0
[212544401ms] [ERROR] WebSocket connection to 'wss://nexus-websocket-a.intercom.io/pubsub/5-Q97a96Qsh_bvCT3Yu2wSiJA6fb3jJzEAZA2GVFGHPqUsyIf2rCvI1jml0WC0gIS1RCKu-GEXSqbtUdi6b0pzTbnZf8MJSbU1bfMW?X-Nexus-New-Client=true&X-Nexus-Version=0.18.8&user_role=user' failed: Error in connection establishment: net::ERR_CONNECTION_TIMED_OUT @ https://js.intercomcdn.com/vendor-modern.60bbf292.js:1
[214113212ms] [ERROR] Failed to load resource: net::ERR_INTERNET_DISCONNECTED @ https://app.avest.fr/r/flags/?v=2&ip=0&_=1780256183052&ver=1.372.10&compression=base64:0
[214128722ms] [INFO] Cleaning session storage on version change {currentVersion: v1.31.0, serverVersion: v1.32.6} @ https://app.avest.fr/index.1779894461.js:90
[214128728ms] [ERROR] Failed to load resource: the server responded with a status of 401 (Unauthorized) @ https://api.avest.fr/v1/websites:0
[214128728ms] [ERROR] Failed to load resource: the server responded with a status of 401 (Unauthorized) @ https://api.avest.fr/v1/mailboxes:0
[214128729ms] [ERROR] Failed to load resource: the server responded with a status of 401 (Unauthorized) @ https://api.avest.fr/v1/account:0
[214128729ms] [ERROR] Failed to load resource: the server responded with a status of 401 (Unauthorized) @ https://api.avest.fr/v1/transactions/search?filter=%7B%7D&agencyGroup=69709812c0b6ac9d7a35154f&search=&saleIds%5B%5D=69e38dbc9ecc67b2d70cc31f&acquisitionIds%5B%5D=6a17e6859bb91d1947b47c38&acquisitionIds%5B%5D=6a17f8c99362c996f6e9711e:0
[214128762ms] [ERROR] Failed to load resource: the server responded with a status of 401 (Unauthorized) @ https://api.avest.fr/v1/agency-groups:0
[214128764ms] [ERROR] Failed to load resource: the server responded with a status of 401 (Unauthorized) @ https://api.avest.fr/v1/sale/69e38dbc9ecc67b2d70cc31f:0
[214128771ms] [ERROR] Failed to load resource: the server responded with a status of 401 (Unauthorized) @ https://api.avest.fr/v1/agency/698cb2ce239dd6ab399bc522:0
[214128784ms] [ERROR] Failed to load resource: the server responded with a status of 401 (Unauthorized) @ https://api.avest.fr/v1/agencies?filter=%7B%22isActive%22:true%7D:0
[214128786ms] [ERROR] Failed to load resource: the server responded with a status of 401 (Unauthorized) @ https://api.avest.fr/v1/website?agency=698cb2ce239dd6ab399bc522:0
[214128942ms] [LOG] Channel expired, requesting new endpoints @ https://js.intercomcdn.com/vendors~sentry~app-modern.6ffaf6b6.js:0
[214129757ms] [LOG] Received 1 new endpoint(s), performing hot-swap @ https://js.intercomcdn.com/vendors~sentry~app-modern.6ffaf6b6.js:0
[214130220ms] [ERROR] Failed to load resource: the server responded with a status of 410 () @ https://api.refiner.io/js-client/v1/da130ea0-510b-11f0-85fa-cfcca1795cad/ping:0
[218022299ms] [ERROR] Failed to load resource: net::ERR_NETWORK_CHANGED @ https://api.avest.fr/v1/agency-groups:0
[218022300ms] [ERROR] Failed to load resource: net::ERR_NETWORK_CHANGED @ https://api.avest.fr/v1/agencies?filter=%7B%22isActive%22:true%7D:0
[218022300ms] [ERROR] Failed to load resource: net::ERR_NETWORK_CHANGED @ https://api.avest.fr/v1/transactions/search?filter=%7B%7D&agencyGroup=69709812c0b6ac9d7a35154f&search=&saleIds%5B%5D=69e38dbc9ecc67b2d70cc31f&acquisitionIds%5B%5D=6a17e6859bb91d1947b47c38&acquisitionIds%5B%5D=6a17f8c99362c996f6e9711e:0
[218022301ms] [ERROR] Failed to load resource: net::ERR_NETWORK_CHANGED @ https://api.avest.fr/v1/sale/69e38dbc9ecc67b2d70cc31f:0
[218022301ms] [ERROR] Failed to load resource: net::ERR_NETWORK_CHANGED @ https://api.avest.fr/v1/acquisition/6a194a0efb64dc9164f65c7f:0
[218022301ms] [ERROR] Failed to load resource: net::ERR_NETWORK_CHANGED @ https://api.avest.fr/v1/account:0
[218022301ms] [ERROR] Failed to load resource: net::ERR_NETWORK_CHANGED @ https://api.avest.fr/v1/sale/69e38dbc9ecc67b2d70cc31f/other-projects:0
[218022301ms] [ERROR] Failed to load resource: net::ERR_NETWORK_CHANGED @ https://api.avest.fr/v1/listings?filter=%7B%22transactionType%22:%22sale%22,%22transactionModel%22:%2269e38dbc9ecc67b2d70cc31f%22%7D&agencies=698cb2ce239dd6ab399bc522&group=69709812c0b6ac9d7a35154f:0
[218022301ms] [ERROR] Failed to load resource: net::ERR_NETWORK_CHANGED @ https://api.avest.fr/v1/listings?filter=%7B%22transactionType%22:%22sale%22,%22transactionModel%22:%2269e38dbc9ecc67b2d70cc31f%22%7D&group=69709812c0b6ac9d7a35154f:0
[218022302ms] [ERROR] Failed to load resource: net::ERR_NETWORK_CHANGED @ https://api.avest.fr/v1/sale/69e38dbc9ecc67b2d70cc31f/visits?agencyGroup=69709812c0b6ac9d7a35154f&sortOrder=descending&sortField=lastUpdatedAt:0
[218022302ms] [ERROR] Failed to load resource: net::ERR_NETWORK_CHANGED @ https://api.avest.fr/v1/sale-tags?agencies=698cb2ce239dd6ab399bc522:0
[218022302ms] [ERROR] Failed to load resource: net::ERR_NETWORK_CHANGED @ https://api.avest.fr/v1/rental-tags?agencies=698cb2ce239dd6ab399bc522:0
[218022302ms] [ERROR] Failed to load resource: net::ERR_NETWORK_CHANGED @ https://api.avest.fr/v1/acquisition-tags?agencies=698cb2ce239dd6ab399bc522:0
[218022302ms] [ERROR] Failed to load resource: net::ERR_NETWORK_CHANGED @ https://api.avest.fr/v1/my-notary/sales/69e38dbc9ecc67b2d70cc31f/operation:0
[218022302ms] [ERROR] Failed to load resource: net::ERR_NETWORK_CHANGED @ https://api.avest.fr/v1/suggestions/sale/69e38dbc9ecc67b2d70cc31f:0
[218022302ms] [ERROR] Failed to load resource: net::ERR_NETWORK_CHANGED @ https://api.avest.fr/v1/sale/69e38dbc9ecc67b2d70cc31f/activities?activityView=files:0
[218022303ms] [ERROR] Failed to load resource: net::ERR_NETWORK_CHANGED @ https://api.avest.fr/v1/users?agencies=698cb2ce239dd6ab399bc522:0
[218022303ms] [ERROR] Failed to load resource: net::ERR_NETWORK_CHANGED @ https://api.avest.fr/v1/sale/69e38dbc9ecc67b2d70cc31f/matching?steps=AQUL,ASRC:0
[218022303ms] [ERROR] Failed to load resource: net::ERR_NETWORK_CHANGED @ https://api.avest.fr/v1/acquisition/6a17177d02c59a6acc1a14be:0
[218022303ms] [ERROR] Failed to load resource: net::ERR_NETWORK_CHANGED @ https://api.avest.fr/v1/acquisition/6a1573a292eae0c2aad4c65b:0
[218022303ms] [ERROR] Failed to load resource: net::ERR_NETWORK_CHANGED @ https://api.avest.fr/v1/acquisition/6a1589d7feb2964bcd5f6580:0
[218022303ms] [ERROR] Failed to load resource: net::ERR_NETWORK_CHANGED @ https://api.avest.fr/v1/transaction-activities?filter=%7B%22type%22:%22note%22,%22linkedDocument%22:%7B%22$in%22:%5B%2269e38dbc9ecc67b2d70cc31f%22,%2269e38dbb9ecc67b2d70cc13d%22%5D%7D%7D&sortField=completionDate&sortOrder=descending:0
[218022304ms] [ERROR] Failed to load resource: net::ERR_NETWORK_CHANGED @ https://api.avest.fr/v1/sale/69e38dbc9ecc67b2d70cc31f/activities?activityView=email:0
[218022306ms] [ERROR] Failed to load resource: net::ERR_NETWORK_CHANGED @ https://api.avest.fr/v1/visit-receipts?filter%5Bsale%5D=69e38dbc9ecc67b2d70cc31f:0
[218022306ms] [ERROR] Failed to load resource: net::ERR_NETWORK_CHANGED @ https://api.avest.fr/v1/sale/69e38dbc9ecc67b2d70cc31f/next-activities:0
[218022307ms] [ERROR] Failed to load resource: net::ERR_NETWORK_CHANGED @ https://api.avest.fr/v1/sale/69e38dbc9ecc67b2d70cc31f/activities?activityView=pinned:0
[218022307ms] [ERROR] Failed to load resource: net::ERR_NETWORK_CHANGED @ https://api.avest.fr/v1/sale/69e38dbc9ecc67b2d70cc31f/activities?activityView=activitySummary:0
[218022307ms] [ERROR] Failed to load resource: net::ERR_NETWORK_CHANGED @ https://api.avest.fr/v1/sale/69e38dbc9ecc67b2d70cc31f/drive-links:0
[218022307ms] [ERROR] Failed to load resource: net::ERR_NETWORK_CHANGED @ https://api.avest.fr/v1/acquisition/6a1c5d9630db0698f3aba428:0
[218022307ms] [ERROR] Failed to load resource: net::ERR_NETWORK_CHANGED @ https://api.avest.fr/v1/acquisition/6a197b9e7ce7f89a977ad34c:0
[218022307ms] [ERROR] Failed to load resource: net::ERR_NETWORK_CHANGED @ https://api.avest.fr/v1/user/698202ef3c7adb8c3df2520a?displayOnly=true:0
[218022308ms] [ERROR] Failed to load resource: net::ERR_NETWORK_CHANGED @ https://api.avest.fr/v1/emailing-templates?agencies=698cb2ce239dd6ab399bc522:0
[218022308ms] [ERROR] Failed to load resource: net::ERR_NETWORK_CHANGED @ https://api.avest.fr/v1/sms-templates?agencies=698cb2ce239dd6ab399bc522:0
[218022308ms] [ERROR] Failed to load resource: net::ERR_NETWORK_CHANGED @ https://api.avest.fr/v1/mailboxes:0
[218022308ms] [ERROR] Failed to load resource: net::ERR_NETWORK_CHANGED @ https://api.avest.fr/v1/websites:0
[218022308ms] [ERROR] Failed to load resource: net::ERR_NETWORK_CHANGED @ https://api.avest.fr/v1/agency/698cb2ce239dd6ab399bc522:0
[218022308ms] [ERROR] Failed to load resource: net::ERR_NETWORK_CHANGED @ https://api.avest.fr/v1/website?agency=698cb2ce239dd6ab399bc522:0
[218022309ms] [ERROR] Failed to load resource: net::ERR_NETWORK_CHANGED @ https://api.avest.fr/v1/acquisition/6a189bd045b0d7114da90f46:0
[218022309ms] [ERROR] Failed to load resource: net::ERR_NETWORK_CHANGED @ https://api.avest.fr/v1/acquisition/6a17f8c99362c996f6e9711e:0
[218022309ms] [ERROR] Failed to load resource: net::ERR_NETWORK_CHANGED @ https://api.avest.fr/v1/acquisition/6a17e6859bb91d1947b47c38:0
[218022309ms] [ERROR] Failed to load resource: net::ERR_NETWORK_CHANGED @ https://api.avest.fr/v1/acquisition/6a15a724feb2964bcd0731d7:0
[218022309ms] [ERROR] Failed to load resource: net::ERR_NETWORK_CHANGED @ https://api.avest.fr/v1/acquisition/6a1687d9c92b2155901cd6f1:0
[218022309ms] [ERROR] Failed to load resource: net::ERR_NETWORK_CHANGED @ https://api.avest.fr/v1/acquisition/6a16f6645731866124a8ca5f:0
[218022310ms] [ERROR] Failed to load resource: net::ERR_NETWORK_CHANGED @ https://api.avest.fr/v1/acquisition/6a17255f411229cd9e8ba2d0:0
[218022310ms] [ERROR] Failed to load resource: net::ERR_NETWORK_CHANGED @ https://api.avest.fr/v1/acquisition/6a16cb4c4754df734712eeb7:0
[218022310ms] [ERROR] Failed to load resource: net::ERR_NETWORK_CHANGED @ https://app.avest.fr/meta.json?cb=1780260091886:0
[218022310ms] [ERROR] TypeError: Failed to fetch
    at queryFn (https://app.avest.fr/index.1779894461.js:91:59883)
    at Object.r [as fn] (https://app.avest.fr/index.1779894461.js:10:49504)
    at _ (https://app.avest.fr/index.1779894461.js:10:43962)
    at Object.start (https://app.avest.fr/index.1779894461.js:10:44423)
    at xV.fetch (https://app.avest.fr/index.1779894461.js:10:50313)
    at #h (https://app.avest.fr/index.1779894461.js:10:54922)
    at $V.fetch (https://app.avest.fr/index.1779894461.js:10:54809)
    at $V.refetch (https://app.avest.fr/index.1779894461.js:10:54621)
    at xV.onOnline (https://app.avest.fr/index.1779894461.js:10:48171)
    at https://app.avest.fr/index.1779894461.js:10:66700 @ https://app.avest.fr/index.1779894461.js:90
[218022341ms] [ERROR] AxiosError: Network Error
    at w.onerror (https://app.avest.fr/index.1779894461.js:85:16122) @ https://app.avest.fr/index.1779894461.js:90
[218022341ms] [ERROR] Failed to load resource: net::ERR_ADDRESS_UNREACHABLE @ https://api.avest.fr/v1/agency-groups:0
[218022341ms] [ERROR] Failed to load resource: net::ERR_ADDRESS_UNREACHABLE @ https://api.avest.fr/v1/sale/69e38dbc9ecc67b2d70cc31f/next-activities:0
[218022341ms] [ERROR] Failed to load resource: net::ERR_ADDRESS_UNREACHABLE @ https://api.avest.fr/v1/acquisition/6a17177d02c59a6acc1a14be:0
[218022344ms] [ERROR] Failed to load resource: net::ERR_ADDRESS_UNREACHABLE @ https://api.avest.fr/v1/visit-receipts?filter%5Bsale%5D=69e38dbc9ecc67b2d70cc31f:0
[218022344ms] [ERROR] Failed to load resource: net::ERR_ADDRESS_UNREACHABLE @ https://api.avest.fr/v1/sale/69e38dbc9ecc67b2d70cc31f/activities?activityView=email:0
[218022344ms] [ERROR] Failed to load resource: net::ERR_ADDRESS_UNREACHABLE @ https://api.avest.fr/v1/transaction-activities?filter=%7B%22type%22:%22note%22,%22linkedDocument%22:%7B%22$in%22:%5B%2269e38dbc9ecc67b2d70cc31f%22,%2269e38dbb9ecc67b2d70cc13d%22%5D%7D%7D&sortField=completionDate&sortOrder=descending:0
[218022345ms] [ERROR] Failed to load resource: net::ERR_ADDRESS_UNREACHABLE @ https://api.avest.fr/v1/acquisition/6a1589d7feb2964bcd5f6580:0
[218022345ms] [ERROR] Failed to load resource: net::ERR_ADDRESS_UNREACHABLE @ https://api.avest.fr/v1/users?agencies=698cb2ce239dd6ab399bc522:0
[218022345ms] [ERROR] There is an error fetching the matching transactions AxiosError: Network Error
    at w.onerror (https://app.avest.fr/index.1779894461.js:85:16122)
    at tu.request (https://app.avest.fr/index.1779894461.js:87:2231)
    at async tu.request (https://app.avest.fr/index.1779894461.js:87:2135)
    at async queryFn (https://app.avest.fr/utils.17798944617.js:1:1167) @ https://app.avest.fr/utils.17798944617.js:0
[218022345ms] [ERROR] Failed to load resource: net::ERR_ADDRESS_UNREACHABLE @ https://api.avest.fr/v1/sale/69e38dbc9ecc67b2d70cc31f/matching?steps=AQUL,ASRC:0
[218022345ms] [ERROR] Failed to load resource: net::ERR_ADDRESS_UNREACHABLE @ https://api.avest.fr/v1/sale/69e38dbc9ecc67b2d70cc31f/activities?activityView=files:0
[218022345ms] [ERROR] Failed to load resource: net::ERR_ADDRESS_UNREACHABLE @ https://api.avest.fr/v1/my-notary/sales/69e38dbc9ecc67b2d70cc31f/operation:0
[218022345ms] [ERROR] Failed to load resource: net::ERR_ADDRESS_UNREACHABLE @ https://api.avest.fr/v1/suggestions/sale/69e38dbc9ecc67b2d70cc31f:0
[218022346ms] [ERROR] Failed to load resource: net::ERR_ADDRESS_UNREACHABLE @ https://api.avest.fr/v1/acquisition/6a17f8c99362c996f6e9711e:0
[218022346ms] [ERROR] Failed to load resource: net::ERR_ADDRESS_UNREACHABLE @ https://api.avest.fr/v1/website?agency=698cb2ce239dd6ab399bc522:0
[218022346ms] [ERROR] Failed to load resource: net::ERR_ADDRESS_UNREACHABLE @ https://api.avest.fr/v1/agency/698cb2ce239dd6ab399bc522:0
[218022346ms] [ERROR] Failed to load resource: net::ERR_ADDRESS_UNREACHABLE @ https://api.avest.fr/v1/websites:0
[218022346ms] [ERROR] Failed to load resource: net::ERR_ADDRESS_UNREACHABLE @ https://api.avest.fr/v1/mailboxes:0
[218022346ms] [ERROR] Failed to load resource: net::ERR_ADDRESS_UNREACHABLE @ https://api.avest.fr/v1/sms-templates?agencies=698cb2ce239dd6ab399bc522:0
[218022347ms] [ERROR] Failed to load resource: net::ERR_ADDRESS_UNREACHABLE @ https://api.avest.fr/v1/emailing-templates?agencies=698cb2ce239dd6ab399bc522:0
[218022347ms] [ERROR] Failed to load resource: net::ERR_ADDRESS_UNREACHABLE @ https://api.avest.fr/v1/acquisition/6a17255f411229cd9e8ba2d0:0
[218022347ms] [ERROR] Failed to load resource: net::ERR_ADDRESS_UNREACHABLE @ https://api.avest.fr/v1/acquisition/6a16cb4c4754df734712eeb7:0
[218022347ms] [ERROR] Failed to load resource: net::ERR_ADDRESS_UNREACHABLE @ https://api.avest.fr/v1/acquisition/6a16f6645731866124a8ca5f:0
[218022347ms] [ERROR] Failed to load resource: net::ERR_ADDRESS_UNREACHABLE @ https://api.avest.fr/v1/acquisition/6a1687d9c92b2155901cd6f1:0
[218022347ms] [ERROR] Failed to load resource: net::ERR_ADDRESS_UNREACHABLE @ https://api.avest.fr/v1/acquisition/6a15a724feb2964bcd0731d7:0
[218022347ms] [ERROR] Failed to load resource: net::ERR_ADDRESS_UNREACHABLE @ https://api.avest.fr/v1/acquisition/6a17e6859bb91d1947b47c38:0
[218022347ms] [ERROR] Failed to load resource: net::ERR_ADDRESS_UNREACHABLE @ https://api.avest.fr/v1/acquisition/6a189bd045b0d7114da90f46:0
[218022347ms] [ERROR] Failed to load resource: net::ERR_ADDRESS_UNREACHABLE @ https://api.avest.fr/v1/acquisition/6a197b9e7ce7f89a977ad34c:0
[218022347ms] [ERROR] AxiosError: Network Error
    at w.onerror (https://app.avest.fr/index.1779894461.js:85:16122) @ https://app.avest.fr/index.1779894461.js:90
[218022348ms] [ERROR] Failed to load resource: net::ERR_ADDRESS_UNREACHABLE @ https://api.avest.fr/v1/user/698202ef3c7adb8c3df2520a?displayOnly=true:0
[218022348ms] [ERROR] Failed to load resource: net::ERR_ADDRESS_UNREACHABLE @ https://api.avest.fr/v1/acquisition/6a1c5d9630db0698f3aba428:0
[218022348ms] [ERROR] Failed to load resource: net::ERR_ADDRESS_UNREACHABLE @ https://api.avest.fr/v1/sale/69e38dbc9ecc67b2d70cc31f/activities?activityView=activitySummary:0
[218022348ms] [ERROR] Failed to load resource: net::ERR_ADDRESS_UNREACHABLE @ https://api.avest.fr/v1/sale/69e38dbc9ecc67b2d70cc31f/drive-links:0
[218022348ms] [ERROR] Failed to load resource: net::ERR_ADDRESS_UNREACHABLE @ https://api.avest.fr/v1/acquisition/6a1573a292eae0c2aad4c65b:0
[218022348ms] [ERROR] Failed to load resource: net::ERR_ADDRESS_UNREACHABLE @ https://api.avest.fr/v1/sale/69e38dbc9ecc67b2d70cc31f/activities?activityView=pinned:0
[218022348ms] [ERROR] Failed to load resource: net::ERR_ADDRESS_UNREACHABLE @ https://api.avest.fr/v1/sale/69e38dbc9ecc67b2d70cc31f/other-projects:0
[218022355ms] [ERROR] Failed to load resource: net::ERR_ADDRESS_UNREACHABLE @ https://api.avest.fr/v1/listings?filter=%7B%22transactionType%22:%22sale%22,%22transactionModel%22:%2269e38dbc9ecc67b2d70cc31f%22%7D&agencies=698cb2ce239dd6ab399bc522&group=69709812c0b6ac9d7a35154f:0
[218022356ms] [ERROR] Failed to load resource: net::ERR_ADDRESS_UNREACHABLE @ https://api.avest.fr/v1/listings?filter=%7B%22transactionType%22:%22sale%22,%22transactionModel%22:%2269e38dbc9ecc67b2d70cc31f%22%7D&group=69709812c0b6ac9d7a35154f:0
[218022356ms] [ERROR] Failed to load resource: net::ERR_ADDRESS_UNREACHABLE @ https://api.avest.fr/v1/acquisition/6a194a0efb64dc9164f65c7f:0
[218022356ms] [ERROR] Failed to load resource: net::ERR_ADDRESS_UNREACHABLE @ https://api.avest.fr/v1/acquisition-tags?agencies=698cb2ce239dd6ab399bc522:0
[218022356ms] [ERROR] Failed to load resource: net::ERR_ADDRESS_UNREACHABLE @ https://api.avest.fr/v1/rental-tags?agencies=698cb2ce239dd6ab399bc522:0
[218022356ms] [ERROR] Failed to load resource: net::ERR_ADDRESS_UNREACHABLE @ https://api.avest.fr/v1/sale/69e38dbc9ecc67b2d70cc31f/visits?agencyGroup=69709812c0b6ac9d7a35154f&sortOrder=descending&sortField=lastUpdatedAt:0
[218022356ms] [ERROR] Failed to load resource: net::ERR_ADDRESS_UNREACHABLE @ https://api.avest.fr/v1/sale-tags?agencies=698cb2ce239dd6ab399bc522:0
[218022356ms] [ERROR] Failed to load resource: net::ERR_ADDRESS_UNREACHABLE @ https://api.avest.fr/v1/account:0
[218022359ms] [ERROR] Failed to load resource: net::ERR_ADDRESS_UNREACHABLE @ https://api.avest.fr/v1/sale/69e38dbc9ecc67b2d70cc31f:0
[218022359ms] [ERROR] Failed to load resource: net::ERR_ADDRESS_UNREACHABLE @ https://api.avest.fr/v1/agencies?filter=%7B%22isActive%22:true%7D:0
[218022359ms] [ERROR] Failed to load resource: net::ERR_ADDRESS_UNREACHABLE @ https://api.avest.fr/v1/transactions/search?filter=%7B%7D&agencyGroup=69709812c0b6ac9d7a35154f&search=&saleIds%5B%5D=69e38dbc9ecc67b2d70cc31f&acquisitionIds%5B%5D=6a17e6859bb91d1947b47c38&acquisitionIds%5B%5D=6a17f8c99362c996f6e9711e:0
[218033573ms] [INFO] Cleaning session storage on version change {currentVersion: v1.31.0, serverVersion: v1.32.6} @ https://app.avest.fr/index.1779894461.js:90
[218034417ms] [ERROR] Failed to load resource: the server responded with a status of 410 () @ https://api.refiner.io/js-client/v1/da130ea0-510b-11f0-85fa-cfcca1795cad/identify-user:0
[219129186ms] [ERROR] WebSocket connection to 'wss://nexus-websocket-a.intercom.io/pubsub/5-9K9xwJ2mWKIXdj1SsmALt8hNzbJ43l1S9XYFziPArFGEGYeEfVV_zQ_LYvWrSapZ6yeHqRI7plg5M2Y7Ebtob05In8uV3dBK20EA?X-Nexus-New-Client=true&X-Nexus-Version=0.18.8&user_role=user' failed: Error in connection establishment: net::ERR_CONNECTION_TIMED_OUT @ https://js.intercomcdn.com/vendor-modern.60bbf292.js:1
[219218732ms] [ERROR] Failed to load resource: net::ERR_INTERNET_DISCONNECTED @ https://app.avest.fr/r/flags/?v=2&ip=0&_=1780261288569&ver=1.372.10&compression=base64:0
[223360181ms] [ERROR] Failed to load resource: net::ERR_INTERNET_DISCONNECTED @ https://app.avest.fr/r/flags/?v=2&ip=0&_=1780265430013&ver=1.372.10&compression=base64:0
[224313695ms] [ERROR] Failed to load resource: net::ERR_INTERNET_DISCONNECTED @ https://app.avest.fr/r/flags/?v=2&ip=0&_=1780266383529&ver=1.372.10&compression=base64:0
[225516950ms] [ERROR] Failed to load resource: net::ERR_INTERNET_DISCONNECTED @ https://app.avest.fr/r/flags/?v=2&ip=0&_=1780267586785&ver=1.372.10&compression=base64:0
[230565323ms] [ERROR] Failed to load resource: net::ERR_INTERNET_DISCONNECTED @ https://app.avest.fr/r/flags/?v=2&ip=0&_=1780272635159&ver=1.372.10&compression=base64:0
[231607676ms] [ERROR] Failed to load resource: net::ERR_NETWORK_CHANGED @ https://api.avest.fr/v1/mailboxes:0
[231607677ms] [ERROR] Failed to load resource: net::ERR_NETWORK_CHANGED @ https://api.avest.fr/v1/agency/698cb2ce239dd6ab399bc522:0
[231607677ms] [ERROR] Failed to load resource: net::ERR_NETWORK_CHANGED @ https://api.avest.fr/v1/websites:0
[231607677ms] [ERROR] Failed to load resource: net::ERR_NETWORK_CHANGED @ https://api.avest.fr/v1/website?agency=698cb2ce239dd6ab399bc522:0
[231607678ms] [ERROR] Failed to load resource: net::ERR_NETWORK_CHANGED @ https://api.avest.fr/v1/agencies?filter=%7B%22isActive%22:true%7D:0
[231607678ms] [ERROR] Failed to load resource: net::ERR_NETWORK_CHANGED @ https://api.avest.fr/v1/agency-groups:0
[231607679ms] [ERROR] Failed to load resource: net::ERR_NETWORK_CHANGED @ https://api.avest.fr/v1/transactions/search?filter=%7B%7D&agencyGroup=69709812c0b6ac9d7a35154f&search=&saleIds%5B%5D=69e38dbc9ecc67b2d70cc31f&acquisitionIds%5B%5D=6a17e6859bb91d1947b47c38&acquisitionIds%5B%5D=6a17f8c99362c996f6e9711e:0
[231607679ms] [ERROR] Failed to load resource: net::ERR_NETWORK_CHANGED @ https://api.avest.fr/v1/sale/69e38dbc9ecc67b2d70cc31f:0
[231607679ms] [ERROR] Failed to load resource: net::ERR_NETWORK_CHANGED @ https://api.avest.fr/v1/sale/69e38dbc9ecc67b2d70cc31f/visits?agencyGroup=69709812c0b6ac9d7a35154f&sortOrder=descending&sortField=lastUpdatedAt:0
[231607679ms] [ERROR] Failed to load resource: net::ERR_NETWORK_CHANGED @ https://api.avest.fr/v1/acquisition/6a194a0efb64dc9164f65c7f:0
[231607679ms] [ERROR] Failed to load resource: net::ERR_NETWORK_CHANGED @ https://api.avest.fr/v1/account:0
[231607680ms] [ERROR] Failed to load resource: net::ERR_NETWORK_CHANGED @ https://api.avest.fr/v1/sale/69e38dbc9ecc67b2d70cc31f/other-projects:0
[231607680ms] [ERROR] Failed to load resource: net::ERR_NETWORK_CHANGED @ https://api.avest.fr/v1/listings?filter=%7B%22transactionType%22:%22sale%22,%22transactionModel%22:%2269e38dbc9ecc67b2d70cc31f%22%7D&group=69709812c0b6ac9d7a35154f:0
[231607680ms] [ERROR] Failed to load resource: net::ERR_NETWORK_CHANGED @ https://api.avest.fr/v1/sale-tags?agencies=698cb2ce239dd6ab399bc522:0
[231607680ms] [ERROR] Failed to load resource: net::ERR_NETWORK_CHANGED @ https://api.avest.fr/v1/rental-tags?agencies=698cb2ce239dd6ab399bc522:0
[231607680ms] [ERROR] Failed to load resource: net::ERR_NETWORK_CHANGED @ https://api.avest.fr/v1/listings?filter=%7B%22transactionType%22:%22sale%22,%22transactionModel%22:%2269e38dbc9ecc67b2d70cc31f%22%7D&agencies=698cb2ce239dd6ab399bc522&group=69709812c0b6ac9d7a35154f:0
[231607681ms] [ERROR] Failed to load resource: net::ERR_NETWORK_CHANGED @ https://api.avest.fr/v1/acquisition-tags?agencies=698cb2ce239dd6ab399bc522:0
[231607682ms] [ERROR] Failed to load resource: net::ERR_NETWORK_CHANGED @ https://api.avest.fr/v1/my-notary/sales/69e38dbc9ecc67b2d70cc31f/operation:0
[231607682ms] [ERROR] Failed to load resource: net::ERR_NETWORK_CHANGED @ https://api.avest.fr/v1/suggestions/sale/69e38dbc9ecc67b2d70cc31f:0
[231607682ms] [ERROR] Failed to load resource: net::ERR_NETWORK_CHANGED @ https://api.avest.fr/v1/sale/69e38dbc9ecc67b2d70cc31f/activities?activityView=files:0
[231607682ms] [ERROR] Failed to load resource: net::ERR_NETWORK_CHANGED @ https://api.avest.fr/v1/sale/69e38dbc9ecc67b2d70cc31f/matching?steps=AQUL,ASRC:0
[231607682ms] [ERROR] Failed to load resource: net::ERR_NETWORK_CHANGED @ https://api.avest.fr/v1/users?agencies=698cb2ce239dd6ab399bc522:0
[231607682ms] [ERROR] Failed to load resource: net::ERR_NETWORK_CHANGED @ https://api.avest.fr/v1/acquisition/6a189bd045b0d7114da90f46:0
[231607683ms] [ERROR] Failed to load resource: net::ERR_NETWORK_CHANGED @ https://api.avest.fr/v1/acquisition/6a17177d02c59a6acc1a14be:0
[231607683ms] [ERROR] Failed to load resource: net::ERR_NETWORK_CHANGED @ https://api.avest.fr/v1/acquisition/6a17f8c99362c996f6e9711e:0
[231607683ms] [ERROR] Failed to load resource: net::ERR_NETWORK_CHANGED @ https://api.avest.fr/v1/acquisition/6a17e6859bb91d1947b47c38:0
[231607683ms] [ERROR] Failed to load resource: net::ERR_NETWORK_CHANGED @ https://api.avest.fr/v1/acquisition/6a15a724feb2964bcd0731d7:0
[231607683ms] [ERROR] Failed to load resource: net::ERR_NETWORK_CHANGED @ https://api.avest.fr/v1/acquisition/6a1687d9c92b2155901cd6f1:0
[231607683ms] [ERROR] Failed to load resource: net::ERR_NETWORK_CHANGED @ https://api.avest.fr/v1/acquisition/6a16f6645731866124a8ca5f:0
[231607683ms] [ERROR] Failed to load resource: net::ERR_NETWORK_CHANGED @ https://api.avest.fr/v1/acquisition/6a17255f411229cd9e8ba2d0:0
[231607684ms] [ERROR] Failed to load resource: net::ERR_NETWORK_CHANGED @ https://api.avest.fr/v1/acquisition/6a16cb4c4754df734712eeb7:0
[231607684ms] [ERROR] Failed to load resource: net::ERR_NETWORK_CHANGED @ https://api.avest.fr/v1/acquisition/6a1573a292eae0c2aad4c65b:0
[231607684ms] [ERROR] Failed to load resource: net::ERR_NETWORK_CHANGED @ https://api.avest.fr/v1/acquisition/6a1589d7feb2964bcd5f6580:0
[231607684ms] [ERROR] Failed to load resource: net::ERR_NETWORK_CHANGED @ https://api.avest.fr/v1/transaction-activities?filter=%7B%22type%22:%22note%22,%22linkedDocument%22:%7B%22$in%22:%5B%2269e38dbc9ecc67b2d70cc31f%22,%2269e38dbb9ecc67b2d70cc13d%22%5D%7D%7D&sortField=completionDate&sortOrder=descending:0
[231607684ms] [ERROR] Failed to load resource: net::ERR_NETWORK_CHANGED @ https://api.avest.fr/v1/acquisition/6a1c5d9630db0698f3aba428:0
[231607684ms] [ERROR] Failed to load resource: net::ERR_NETWORK_CHANGED @ https://api.avest.fr/v1/sale/69e38dbc9ecc67b2d70cc31f/drive-links:0
[231607684ms] [ERROR] Failed to load resource: net::ERR_NETWORK_CHANGED @ https://api.avest.fr/v1/acquisition/6a197b9e7ce7f89a977ad34c:0
[231607684ms] [ERROR] Failed to load resource: net::ERR_NETWORK_CHANGED @ https://api.avest.fr/v1/sale/69e38dbc9ecc67b2d70cc31f/activities?activityView=email:0
[231607685ms] [ERROR] Failed to load resource: net::ERR_NETWORK_CHANGED @ https://api.avest.fr/v1/visit-receipts?filter%5Bsale%5D=69e38dbc9ecc67b2d70cc31f:0
[231607685ms] [ERROR] Failed to load resource: net::ERR_NETWORK_CHANGED @ https://api.avest.fr/v1/sale/69e38dbc9ecc67b2d70cc31f/next-activities:0
[231607685ms] [ERROR] Failed to load resource: net::ERR_NETWORK_CHANGED @ https://api.avest.fr/v1/sale/69e38dbc9ecc67b2d70cc31f/activities?activityView=pinned:0
[231607685ms] [ERROR] Failed to load resource: net::ERR_NETWORK_CHANGED @ https://api.avest.fr/v1/sale/69e38dbc9ecc67b2d70cc31f/activities?activityView=activitySummary:0
[231607686ms] [ERROR] Failed to load resource: net::ERR_NETWORK_CHANGED @ https://api.avest.fr/v1/emailing-templates?agencies=698cb2ce239dd6ab399bc522:0
[231607686ms] [ERROR] Failed to load resource: net::ERR_NETWORK_CHANGED @ https://api.avest.fr/v1/sms-templates?agencies=698cb2ce239dd6ab399bc522:0
[231607687ms] [ERROR] Failed to load resource: net::ERR_NETWORK_CHANGED @ https://api.avest.fr/v1/user/698202ef3c7adb8c3df2520a?displayOnly=true:0
[231607687ms] [ERROR] Failed to load resource: net::ERR_NETWORK_CHANGED @ https://app.avest.fr/meta.json?cb=1780273677251:0
[231607688ms] [ERROR] TypeError: Failed to fetch
    at queryFn (https://app.avest.fr/index.1779894461.js:91:59883)
    at Object.r [as fn] (https://app.avest.fr/index.1779894461.js:10:49504)
    at _ (https://app.avest.fr/index.1779894461.js:10:43962) @ https://app.avest.fr/index.1779894461.js:90
[231607750ms] [ERROR] Failed to load resource: net::ERR_ADDRESS_UNREACHABLE @ https://api.avest.fr/v1/account:0
[231607750ms] [ERROR] Failed to load resource: net::ERR_ADDRESS_UNREACHABLE @ https://api.avest.fr/v1/websites:0
[231607750ms] [ERROR] Failed to load resource: net::ERR_ADDRESS_UNREACHABLE @ https://api.avest.fr/v1/website?agency=698cb2ce239dd6ab399bc522:0
[231607750ms] [ERROR] Failed to load resource: net::ERR_ADDRESS_UNREACHABLE @ https://api.avest.fr/v1/agencies?filter=%7B%22isActive%22:true%7D:0
[231607750ms] [ERROR] Failed to load resource: net::ERR_ADDRESS_UNREACHABLE @ https://api.avest.fr/v1/mailboxes:0
[231607750ms] [ERROR] Failed to load resource: net::ERR_ADDRESS_UNREACHABLE @ https://api.avest.fr/v1/agency/698cb2ce239dd6ab399bc522:0
[231607751ms] [ERROR] Failed to load resource: net::ERR_ADDRESS_UNREACHABLE @ https://api.avest.fr/v1/acquisition/6a194a0efb64dc9164f65c7f:0
[231607751ms] [ERROR] Failed to load resource: net::ERR_ADDRESS_UNREACHABLE @ https://api.avest.fr/v1/sale/69e38dbc9ecc67b2d70cc31f/visits?agencyGroup=69709812c0b6ac9d7a35154f&sortOrder=descending&sortField=lastUpdatedAt:0
[231607752ms] [ERROR] Failed to load resource: net::ERR_ADDRESS_UNREACHABLE @ https://api.avest.fr/v1/transactions/search?filter=%7B%7D&agencyGroup=69709812c0b6ac9d7a35154f&search=&saleIds%5B%5D=69e38dbc9ecc67b2d70cc31f&acquisitionIds%5B%5D=6a17e6859bb91d1947b47c38&acquisitionIds%5B%5D=6a17f8c99362c996f6e9711e:0
[231607758ms] [ERROR] Failed to load resource: net::ERR_ADDRESS_UNREACHABLE @ https://api.avest.fr/v1/sale/69e38dbc9ecc67b2d70cc31f:0
[231607758ms] [ERROR] AxiosError: Network Error
    at w.onerror (https://app.avest.fr/index.1779894461.js:85:16122) @ https://app.avest.fr/index.1779894461.js:90
[231607758ms] [ERROR] Failed to load resource: net::ERR_ADDRESS_UNREACHABLE @ https://api.avest.fr/v1/agency-groups:0
[231607758ms] [ERROR] Failed to load resource: net::ERR_ADDRESS_UNREACHABLE @ https://api.avest.fr/v1/sale/69e38dbc9ecc67b2d70cc31f/activities?activityView=activitySummary:0
[231607759ms] [ERROR] Failed to load resource: net::ERR_ADDRESS_UNREACHABLE @ https://api.avest.fr/v1/emailing-templates?agencies=698cb2ce239dd6ab399bc522:0
[231607759ms] [ERROR] Failed to load resource: net::ERR_ADDRESS_UNREACHABLE @ https://api.avest.fr/v1/sale/69e38dbc9ecc67b2d70cc31f/activities?activityView=pinned:0
[231607759ms] [ERROR] Failed to load resource: net::ERR_ADDRESS_UNREACHABLE @ https://api.avest.fr/v1/sale/69e38dbc9ecc67b2d70cc31f/next-activities:0
[231607759ms] [ERROR] AxiosError: Network Error
    at w.onerror (https://app.avest.fr/index.1779894461.js:85:16122) @ https://app.avest.fr/index.1779894461.js:90
[231607759ms] [ERROR] Failed to load resource: net::ERR_ADDRESS_UNREACHABLE @ https://api.avest.fr/v1/user/698202ef3c7adb8c3df2520a?displayOnly=true:0
[231607759ms] [ERROR] Failed to load resource: net::ERR_ADDRESS_UNREACHABLE @ https://api.avest.fr/v1/sms-templates?agencies=698cb2ce239dd6ab399bc522:0
[231607759ms] [ERROR] Failed to load resource: net::ERR_ADDRESS_UNREACHABLE @ https://api.avest.fr/v1/suggestions/sale/69e38dbc9ecc67b2d70cc31f:0
[231607759ms] [ERROR] Failed to load resource: net::ERR_ADDRESS_UNREACHABLE @ https://api.avest.fr/v1/sale/69e38dbc9ecc67b2d70cc31f/activities?activityView=files:0
[231607759ms] [ERROR] There is an error fetching the matching transactions AxiosError: Network Error
    at w.onerror (https://app.avest.fr/index.1779894461.js:85:16122)
    at tu.request (https://app.avest.fr/index.1779894461.js:87:2231)
    at async tu.request (https://app.avest.fr/index.1779894461.js:87:2135)
    at async queryFn (https://app.avest.fr/utils.17798944617.js:1:1167) @ https://app.avest.fr/utils.17798944617.js:0
[231607759ms] [ERROR] Failed to load resource: net::ERR_ADDRESS_UNREACHABLE @ https://api.avest.fr/v1/sale/69e38dbc9ecc67b2d70cc31f/matching?steps=AQUL,ASRC:0
[231607760ms] [ERROR] Failed to load resource: net::ERR_ADDRESS_UNREACHABLE @ https://api.avest.fr/v1/users?agencies=698cb2ce239dd6ab399bc522:0
[231607760ms] [ERROR] Failed to load resource: net::ERR_ADDRESS_UNREACHABLE @ https://api.avest.fr/v1/acquisition/6a189bd045b0d7114da90f46:0
[231607760ms] [ERROR] Failed to load resource: net::ERR_ADDRESS_UNREACHABLE @ https://api.avest.fr/v1/acquisition/6a17177d02c59a6acc1a14be:0
[231607760ms] [ERROR] Failed to load resource: net::ERR_ADDRESS_UNREACHABLE @ https://api.avest.fr/v1/acquisition/6a17f8c99362c996f6e9711e:0
[231607760ms] [ERROR] Failed to load resource: net::ERR_ADDRESS_UNREACHABLE @ https://api.avest.fr/v1/visit-receipts?filter%5Bsale%5D=69e38dbc9ecc67b2d70cc31f:0
[231607760ms] [ERROR] Failed to load resource: net::ERR_ADDRESS_UNREACHABLE @ https://api.avest.fr/v1/sale/69e38dbc9ecc67b2d70cc31f/activities?activityView=email:0
[231607760ms] [ERROR] Failed to load resource: net::ERR_ADDRESS_UNREACHABLE @ https://api.avest.fr/v1/acquisition/6a197b9e7ce7f89a977ad34c:0
[231607760ms] [ERROR] Failed to load resource: net::ERR_ADDRESS_UNREACHABLE @ https://api.avest.fr/v1/sale/69e38dbc9ecc67b2d70cc31f/drive-links:0
[231607760ms] [ERROR] Failed to load resource: net::ERR_ADDRESS_UNREACHABLE @ https://api.avest.fr/v1/acquisition/6a1c5d9630db0698f3aba428:0
[231607760ms] [ERROR] Failed to load resource: net::ERR_ADDRESS_UNREACHABLE @ https://api.avest.fr/v1/transaction-activities?filter=%7B%22type%22:%22note%22,%22linkedDocument%22:%7B%22$in%22:%5B%2269e38dbc9ecc67b2d70cc31f%22,%2269e38dbb9ecc67b2d70cc13d%22%5D%7D%7D&sortField=completionDate&sortOrder=descending:0
[231607760ms] [ERROR] Failed to load resource: net::ERR_ADDRESS_UNREACHABLE @ https://api.avest.fr/v1/acquisition/6a1589d7feb2964bcd5f6580:0
[231607760ms] [ERROR] Failed to load resource: net::ERR_ADDRESS_UNREACHABLE @ https://api.avest.fr/v1/my-notary/sales/69e38dbc9ecc67b2d70cc31f/operation:0
[231607760ms] [ERROR] Failed to load resource: net::ERR_ADDRESS_UNREACHABLE @ https://api.avest.fr/v1/acquisition-tags?agencies=698cb2ce239dd6ab399bc522:0
[231607760ms] [ERROR] Failed to load resource: net::ERR_ADDRESS_UNREACHABLE @ https://api.avest.fr/v1/listings?filter=%7B%22transactionType%22:%22sale%22,%22transactionModel%22:%2269e38dbc9ecc67b2d70cc31f%22%7D&agencies=698cb2ce239dd6ab399bc522&group=69709812c0b6ac9d7a35154f:0
[231607760ms] [ERROR] Failed to load resource: net::ERR_ADDRESS_UNREACHABLE @ https://api.avest.fr/v1/rental-tags?agencies=698cb2ce239dd6ab399bc522:0
[231607760ms] [ERROR] Failed to load resource: net::ERR_ADDRESS_UNREACHABLE @ https://api.avest.fr/v1/sale-tags?agencies=698cb2ce239dd6ab399bc522:0
[231607761ms] [ERROR] Failed to load resource: net::ERR_ADDRESS_UNREACHABLE @ https://api.avest.fr/v1/listings?filter=%7B%22transactionType%22:%22sale%22,%22transactionModel%22:%2269e38dbc9ecc67b2d70cc31f%22%7D&group=69709812c0b6ac9d7a35154f:0
[231607761ms] [ERROR] Failed to load resource: net::ERR_ADDRESS_UNREACHABLE @ https://api.avest.fr/v1/sale/69e38dbc9ecc67b2d70cc31f/other-projects:0
[231607761ms] [ERROR] Failed to load resource: net::ERR_ADDRESS_UNREACHABLE @ https://api.avest.fr/v1/acquisition/6a1573a292eae0c2aad4c65b:0
[231607761ms] [ERROR] Failed to load resource: net::ERR_ADDRESS_UNREACHABLE @ https://api.avest.fr/v1/acquisition/6a16f6645731866124a8ca5f:0
[231607767ms] [ERROR] Failed to load resource: net::ERR_ADDRESS_UNREACHABLE @ https://api.avest.fr/v1/acquisition/6a17255f411229cd9e8ba2d0:0
[231607767ms] [ERROR] Failed to load resource: net::ERR_ADDRESS_UNREACHABLE @ https://api.avest.fr/v1/acquisition/6a16cb4c4754df734712eeb7:0
[231607767ms] [ERROR] Failed to load resource: net::ERR_ADDRESS_UNREACHABLE @ https://api.avest.fr/v1/acquisition/6a1687d9c92b2155901cd6f1:0
[231607767ms] [ERROR] Failed to load resource: net::ERR_ADDRESS_UNREACHABLE @ https://api.avest.fr/v1/acquisition/6a15a724feb2964bcd0731d7:0
[231607767ms] [ERROR] Failed to load resource: net::ERR_ADDRESS_UNREACHABLE @ https://api.avest.fr/v1/acquisition/6a17e6859bb91d1947b47c38:0
[231682447ms] [ERROR] WebSocket connection to 'wss://nexus-websocket-a.intercom.io/pubsub/5-9K9xwJ2mWKIXdj1SsmALt8hNzbJ43l1S9XYFziPArFGEGYeEfVV_zQ_LYvWrSapZ6yeHqRI7plg5M2Y7Ebtob05In8uV3dBK20EA?X-Nexus-New-Client=true&X-Nexus-Version=0.18.8&user_role=user' failed: Error in connection establishment: net::ERR_CONNECTION_TIMED_OUT @ https://js.intercomcdn.com/vendor-modern.60bbf292.js:1
[232752758ms] [ERROR] Failed to load resource: net::ERR_NETWORK_CHANGED @ https://api.avest.fr/v1/sale/69e38dbc9ecc67b2d70cc31f/visits?agencyGroup=69709812c0b6ac9d7a35154f&sortOrder=descending&sortField=lastUpdatedAt:0
[232752760ms] [ERROR] Failed to load resource: net::ERR_NETWORK_CHANGED @ https://api.avest.fr/v1/account:0
[232752760ms] [ERROR] Failed to load resource: net::ERR_NETWORK_CHANGED @ https://api.avest.fr/v1/agency/698cb2ce239dd6ab399bc522:0
[232752765ms] [ERROR] Failed to load resource: net::ERR_NETWORK_CHANGED @ https://api.avest.fr/v1/website?agency=698cb2ce239dd6ab399bc522:0
[232752765ms] [ERROR] Failed to load resource: net::ERR_NETWORK_CHANGED @ https://api.avest.fr/v1/agencies?filter=%7B%22isActive%22:true%7D:0
[232752765ms] [ERROR] Failed to load resource: net::ERR_NETWORK_CHANGED @ https://api.avest.fr/v1/transactions/search?filter=%7B%7D&agencyGroup=69709812c0b6ac9d7a35154f&search=&saleIds%5B%5D=69e38dbc9ecc67b2d70cc31f&acquisitionIds%5B%5D=6a17e6859bb91d1947b47c38&acquisitionIds%5B%5D=6a17f8c99362c996f6e9711e:0
[232752765ms] [ERROR] Failed to load resource: net::ERR_NETWORK_CHANGED @ https://api.avest.fr/v1/sale/69e38dbc9ecc67b2d70cc31f:0
[232752766ms] [ERROR] Failed to load resource: net::ERR_NETWORK_CHANGED @ https://api.avest.fr/v1/sale/69e38dbc9ecc67b2d70cc31f/other-projects:0
[232752766ms] [ERROR] Failed to load resource: net::ERR_NETWORK_CHANGED @ https://api.avest.fr/v1/acquisition/6a194a0efb64dc9164f65c7f:0
[232752766ms] [ERROR] Failed to load resource: net::ERR_NETWORK_CHANGED @ https://api.avest.fr/v1/listings?filter=%7B%22transactionType%22:%22sale%22,%22transactionModel%22:%2269e38dbc9ecc67b2d70cc31f%22%7D&agencies=698cb2ce239dd6ab399bc522&group=69709812c0b6ac9d7a35154f:0
[232752767ms] [ERROR] Failed to load resource: net::ERR_NETWORK_CHANGED @ https://api.avest.fr/v1/listings?filter=%7B%22transactionType%22:%22sale%22,%22transactionModel%22:%2269e38dbc9ecc67b2d70cc31f%22%7D&group=69709812c0b6ac9d7a35154f:0
[232752767ms] [ERROR] Failed to load resource: net::ERR_NETWORK_CHANGED @ https://api.avest.fr/v1/sale-tags?agencies=698cb2ce239dd6ab399bc522:0
[232752767ms] [ERROR] Failed to load resource: net::ERR_NETWORK_CHANGED @ https://api.avest.fr/v1/rental-tags?agencies=698cb2ce239dd6ab399bc522:0
[232752767ms] [ERROR] Failed to load resource: net::ERR_NETWORK_CHANGED @ https://api.avest.fr/v1/acquisition-tags?agencies=698cb2ce239dd6ab399bc522:0
[232752767ms] [ERROR] Failed to load resource: net::ERR_NETWORK_CHANGED @ https://api.avest.fr/v1/agency-groups:0
[232752767ms] [ERROR] Failed to load resource: net::ERR_NETWORK_CHANGED @ https://api.avest.fr/v1/my-notary/sales/69e38dbc9ecc67b2d70cc31f/operation:0
[232752767ms] [ERROR] Failed to load resource: net::ERR_NETWORK_CHANGED @ https://api.avest.fr/v1/user/698202ef3c7adb8c3df2520a?displayOnly=true:0
[232752768ms] [ERROR] Failed to load resource: net::ERR_NETWORK_CHANGED @ https://api.avest.fr/v1/mailboxes:0
[232752768ms] [ERROR] Failed to load resource: net::ERR_NETWORK_CHANGED @ https://api.avest.fr/v1/websites:0
[232752768ms] [ERROR] Failed to load resource: net::ERR_NETWORK_CHANGED @ https://api.avest.fr/v1/suggestions/sale/69e38dbc9ecc67b2d70cc31f:0
[232752768ms] [ERROR] Failed to load resource: net::ERR_NETWORK_CHANGED @ https://api.avest.fr/v1/sale/69e38dbc9ecc67b2d70cc31f/activities?activityView=files:0
[232752768ms] [ERROR] Failed to load resource: net::ERR_NETWORK_CHANGED @ https://api.avest.fr/v1/sale/69e38dbc9ecc67b2d70cc31f/matching?steps=AQUL,ASRC:0
[232752769ms] [ERROR] Failed to load resource: net::ERR_NETWORK_CHANGED @ https://api.avest.fr/v1/users?agencies=698cb2ce239dd6ab399bc522:0
[232752769ms] [ERROR] Failed to load resource: net::ERR_NETWORK_CHANGED @ https://api.avest.fr/v1/acquisition/6a189bd045b0d7114da90f46:0
[232752769ms] [ERROR] Failed to load resource: net::ERR_NETWORK_CHANGED @ https://api.avest.fr/v1/acquisition/6a17177d02c59a6acc1a14be:0
[232752769ms] [ERROR] Failed to load resource: net::ERR_NETWORK_CHANGED @ https://api.avest.fr/v1/acquisition/6a17e6859bb91d1947b47c38:0
[232752769ms] [ERROR] Failed to load resource: net::ERR_NETWORK_CHANGED @ https://api.avest.fr/v1/acquisition/6a15a724feb2964bcd0731d7:0
[232752769ms] [ERROR] Failed to load resource: net::ERR_NETWORK_CHANGED @ https://api.avest.fr/v1/acquisition/6a16f6645731866124a8ca5f:0
[232752769ms] [ERROR] Failed to load resource: net::ERR_NETWORK_CHANGED @ https://api.avest.fr/v1/acquisition/6a17f8c99362c996f6e9711e:0
[232752770ms] [ERROR] Failed to load resource: net::ERR_NETWORK_CHANGED @ https://api.avest.fr/v1/acquisition/6a1687d9c92b2155901cd6f1:0
[232752770ms] [ERROR] Failed to load resource: net::ERR_NETWORK_CHANGED @ https://api.avest.fr/v1/acquisition/6a17255f411229cd9e8ba2d0:0
[232752770ms] [ERROR] Failed to load resource: net::ERR_NETWORK_CHANGED @ https://api.avest.fr/v1/acquisition/6a1589d7feb2964bcd5f6580:0
[232752770ms] [ERROR] Failed to load resource: net::ERR_NETWORK_CHANGED @ https://api.avest.fr/v1/transaction-activities?filter=%7B%22type%22:%22note%22,%22linkedDocument%22:%7B%22$in%22:%5B%2269e38dbc9ecc67b2d70cc31f%22,%2269e38dbb9ecc67b2d70cc13d%22%5D%7D%7D&sortField=completionDate&sortOrder=descending:0
[232752770ms] [ERROR] Failed to load resource: net::ERR_NETWORK_CHANGED @ https://api.avest.fr/v1/acquisition/6a16cb4c4754df734712eeb7:0
[232752770ms] [ERROR] Failed to load resource: net::ERR_NETWORK_CHANGED @ https://api.avest.fr/v1/sale/69e38dbc9ecc67b2d70cc31f/activities?activityView=email:0
[232752771ms] [ERROR] Failed to load resource: net::ERR_NETWORK_CHANGED @ https://api.avest.fr/v1/visit-receipts?filter%5Bsale%5D=69e38dbc9ecc67b2d70cc31f:0
[232752771ms] [ERROR] Failed to load resource: net::ERR_NETWORK_CHANGED @ https://api.avest.fr/v1/acquisition/6a1573a292eae0c2aad4c65b:0
[232752771ms] [ERROR] Failed to load resource: net::ERR_NETWORK_CHANGED @ https://api.avest.fr/v1/sale/69e38dbc9ecc67b2d70cc31f/next-activities:0
[232752772ms] [ERROR] Failed to load resource: net::ERR_NETWORK_CHANGED @ https://api.avest.fr/v1/sale/69e38dbc9ecc67b2d70cc31f/activities?activityView=pinned:0
[232752772ms] [ERROR] Failed to load resource: net::ERR_NETWORK_CHANGED @ https://api.avest.fr/v1/sale/69e38dbc9ecc67b2d70cc31f/activities?activityView=activitySummary:0
[232752772ms] [ERROR] Failed to load resource: net::ERR_NETWORK_CHANGED @ https://api.avest.fr/v1/sale/69e38dbc9ecc67b2d70cc31f/drive-links:0
[232752773ms] [ERROR] Failed to load resource: net::ERR_NETWORK_CHANGED @ https://api.avest.fr/v1/acquisition/6a1c5d9630db0698f3aba428:0
[232752773ms] [ERROR] Failed to load resource: net::ERR_NETWORK_CHANGED @ https://api.avest.fr/v1/acquisition/6a197b9e7ce7f89a977ad34c:0
[232752773ms] [ERROR] Failed to load resource: net::ERR_NETWORK_CHANGED @ https://api.avest.fr/v1/sms-templates?agencies=698cb2ce239dd6ab399bc522:0
[232752773ms] [ERROR] Failed to load resource: net::ERR_NETWORK_CHANGED @ https://api.avest.fr/v1/emailing-templates?agencies=698cb2ce239dd6ab399bc522:0
[232752773ms] [ERROR] Failed to load resource: net::ERR_NETWORK_CHANGED @ https://app.avest.fr/meta.json?cb=1780274822514:0
[232752774ms] [ERROR] TypeError: Failed to fetch
    at queryFn (https://app.avest.fr/index.1779894461.js:91:59883)
    at Object.r [as fn] (https://app.avest.fr/index.1779894461.js:10:49504)
    at _ (https://app.avest.fr/index.1779894461.js:10:43962)
    at Object.start (https://app.avest.fr/index.1779894461.js:10:44423)
    at xV.fetch (https://app.avest.fr/index.1779894461.js:10:50313)
    at #h (https://app.avest.fr/index.1779894461.js:10:54922)
    at $V.fetch (https://app.avest.fr/index.1779894461.js:10:54809)
    at $V.refetch (https://app.avest.fr/index.1779894461.js:10:54621)
    at xV.onOnline (https://app.avest.fr/index.1779894461.js:10:48171)
    at https://app.avest.fr/index.1779894461.js:10:66700 @ https://app.avest.fr/index.1779894461.js:90
[232752782ms] [ERROR] There is an error fetching the matching transactions AxiosError: Network Error
    at w.onerror (https://app.avest.fr/index.1779894461.js:85:16122)
    at tu.request (https://app.avest.fr/index.1779894461.js:87:2231)
    at async tu.request (https://app.avest.fr/index.1779894461.js:87:2135)
    at async queryFn (https://app.avest.fr/utils.17798944617.js:1:1167) @ https://app.avest.fr/utils.17798944617.js:0
[232752783ms] [ERROR] Failed to load resource: net::ERR_ADDRESS_UNREACHABLE @ https://api.avest.fr/v1/sale/69e38dbc9ecc67b2d70cc31f/matching?steps=AQUL,ASRC:0
[232752783ms] [ERROR] Failed to load resource: net::ERR_ADDRESS_UNREACHABLE @ https://api.avest.fr/v1/websites:0
[232752783ms] [ERROR] Failed to load resource: net::ERR_ADDRESS_UNREACHABLE @ https://api.avest.fr/v1/mailboxes:0
[232752783ms] [ERROR] Failed to load resource: net::ERR_ADDRESS_UNREACHABLE @ https://api.avest.fr/v1/suggestions/sale/69e38dbc9ecc67b2d70cc31f:0
[232752784ms] [ERROR] AxiosError: Network Error
    at w.onerror (https://app.avest.fr/index.1779894461.js:85:16122) @ https://app.avest.fr/index.1779894461.js:90
[232752784ms] [ERROR] Failed to load resource: net::ERR_ADDRESS_UNREACHABLE @ https://api.avest.fr/v1/user/698202ef3c7adb8c3df2520a?displayOnly=true:0
[232752784ms] [ERROR] Failed to load resource: net::ERR_ADDRESS_UNREACHABLE @ https://api.avest.fr/v1/sale/69e38dbc9ecc67b2d70cc31f/activities?activityView=files:0
[232752784ms] [ERROR] Failed to load resource: net::ERR_ADDRESS_UNREACHABLE @ https://api.avest.fr/v1/sale-tags?agencies=698cb2ce239dd6ab399bc522:0
[232752784ms] [ERROR] Failed to load resource: net::ERR_ADDRESS_UNREACHABLE @ https://api.avest.fr/v1/acquisition/6a194a0efb64dc9164f65c7f:0
[232752784ms] [ERROR] Failed to load resource: net::ERR_ADDRESS_UNREACHABLE @ https://api.avest.fr/v1/listings?filter=%7B%22transactionType%22:%22sale%22,%22transactionModel%22:%2269e38dbc9ecc67b2d70cc31f%22%7D&agencies=698cb2ce239dd6ab399bc522&group=69709812c0b6ac9d7a35154f:0
[232752785ms] [ERROR] Failed to load resource: net::ERR_ADDRESS_UNREACHABLE @ https://api.avest.fr/v1/listings?filter=%7B%22transactionType%22:%22sale%22,%22transactionModel%22:%2269e38dbc9ecc67b2d70cc31f%22%7D&group=69709812c0b6ac9d7a35154f:0
[232752788ms] [ERROR] Failed to load resource: net::ERR_ADDRESS_UNREACHABLE @ https://api.avest.fr/v1/transactions/search?filter=%7B%7D&agencyGroup=69709812c0b6ac9d7a35154f&search=&saleIds%5B%5D=69e38dbc9ecc67b2d70cc31f&acquisitionIds%5B%5D=6a17e6859bb91d1947b47c38&acquisitionIds%5B%5D=6a17f8c99362c996f6e9711e:0
[232752791ms] [ERROR] Failed to load resource: net::ERR_ADDRESS_UNREACHABLE @ https://api.avest.fr/v1/sale/69e38dbc9ecc67b2d70cc31f:0
[232752791ms] [ERROR] Failed to load resource: net::ERR_ADDRESS_UNREACHABLE @ https://api.avest.fr/v1/agencies?filter=%7B%22isActive%22:true%7D:0
[232752791ms] [ERROR] Failed to load resource: net::ERR_ADDRESS_UNREACHABLE @ https://api.avest.fr/v1/sale/69e38dbc9ecc67b2d70cc31f/visits?agencyGroup=69709812c0b6ac9d7a35154f&sortOrder=descending&sortField=lastUpdatedAt:0
[232752791ms] [ERROR] Failed to load resource: net::ERR_ADDRESS_UNREACHABLE @ https://api.avest.fr/v1/account:0
[232752791ms] [ERROR] Failed to load resource: net::ERR_ADDRESS_UNREACHABLE @ https://api.avest.fr/v1/agency/698cb2ce239dd6ab399bc522:0
[232752791ms] [ERROR] Failed to load resource: net::ERR_ADDRESS_UNREACHABLE @ https://api.avest.fr/v1/website?agency=698cb2ce239dd6ab399bc522:0
[232752792ms] [ERROR] Failed to load resource: net::ERR_ADDRESS_UNREACHABLE @ https://api.avest.fr/v1/rental-tags?agencies=698cb2ce239dd6ab399bc522:0
[232752792ms] [ERROR] Failed to load resource: net::ERR_ADDRESS_UNREACHABLE @ https://api.avest.fr/v1/sale/69e38dbc9ecc67b2d70cc31f/other-projects:0
[232752798ms] [ERROR] Failed to load resource: net::ERR_ADDRESS_UNREACHABLE @ https://api.avest.fr/v1/my-notary/sales/69e38dbc9ecc67b2d70cc31f/operation:0
[232752798ms] [ERROR] AxiosError: Network Error
    at w.onerror (https://app.avest.fr/index.1779894461.js:85:16122) @ https://app.avest.fr/index.1779894461.js:90
[232752798ms] [ERROR] Failed to load resource: net::ERR_ADDRESS_UNREACHABLE @ https://api.avest.fr/v1/agency-groups:0
[232752798ms] [ERROR] Failed to load resource: net::ERR_ADDRESS_UNREACHABLE @ https://api.avest.fr/v1/acquisition-tags?agencies=698cb2ce239dd6ab399bc522:0
[232752799ms] [ERROR] Failed to load resource: net::ERR_ADDRESS_UNREACHABLE @ https://api.avest.fr/v1/users?agencies=698cb2ce239dd6ab399bc522:0
[232752799ms] [ERROR] Failed to load resource: net::ERR_ADDRESS_UNREACHABLE @ https://api.avest.fr/v1/acquisition/6a189bd045b0d7114da90f46:0
[232752810ms] [ERROR] Failed to load resource: net::ERR_ADDRESS_UNREACHABLE @ https://api.avest.fr/v1/acquisition/6a17177d02c59a6acc1a14be:0
[232752810ms] [ERROR] Failed to load resource: net::ERR_ADDRESS_UNREACHABLE @ https://api.avest.fr/v1/acquisition/6a17e6859bb91d1947b47c38:0
[232752810ms] [ERROR] Failed to load resource: net::ERR_ADDRESS_UNREACHABLE @ https://api.avest.fr/v1/acquisition/6a15a724feb2964bcd0731d7:0
[232752810ms] [ERROR] Failed to load resource: net::ERR_ADDRESS_UNREACHABLE @ https://api.avest.fr/v1/acquisition/6a16f6645731866124a8ca5f:0
[232752810ms] [ERROR] Failed to load resource: net::ERR_ADDRESS_UNREACHABLE @ https://api.avest.fr/v1/acquisition/6a17f8c99362c996f6e9711e:0
[232752810ms] [ERROR] Failed to load resource: net::ERR_ADDRESS_UNREACHABLE @ https://api.avest.fr/v1/acquisition/6a1687d9c92b2155901cd6f1:0
[232752810ms] [ERROR] Failed to load resource: net::ERR_ADDRESS_UNREACHABLE @ https://api.avest.fr/v1/acquisition/6a17255f411229cd9e8ba2d0:0
[232752811ms] [ERROR] Failed to load resource: net::ERR_ADDRESS_UNREACHABLE @ https://api.avest.fr/v1/acquisition/6a1589d7feb2964bcd5f6580:0
[232752811ms] [ERROR] Failed to load resource: net::ERR_ADDRESS_UNREACHABLE @ https://api.avest.fr/v1/transaction-activities?filter=%7B%22type%22:%22note%22,%22linkedDocument%22:%7B%22$in%22:%5B%2269e38dbc9ecc67b2d70cc31f%22,%2269e38dbb9ecc67b2d70cc13d%22%5D%7D%7D&sortField=completionDate&sortOrder=descending:0
[232752812ms] [ERROR] Failed to load resource: net::ERR_ADDRESS_UNREACHABLE @ https://api.avest.fr/v1/acquisition/6a16cb4c4754df734712eeb7:0
[232752812ms] [ERROR] Failed to load resource: net::ERR_ADDRESS_UNREACHABLE @ https://api.avest.fr/v1/sale/69e38dbc9ecc67b2d70cc31f/activities?activityView=email:0
[232752812ms] [ERROR] Failed to load resource: net::ERR_ADDRESS_UNREACHABLE @ https://api.avest.fr/v1/visit-receipts?filter%5Bsale%5D=69e38dbc9ecc67b2d70cc31f:0
[232752813ms] [ERROR] Failed to load resource: net::ERR_ADDRESS_UNREACHABLE @ https://api.avest.fr/v1/acquisition/6a1573a292eae0c2aad4c65b:0
[232752814ms] [ERROR] Failed to load resource: net::ERR_ADDRESS_UNREACHABLE @ https://api.avest.fr/v1/sale/69e38dbc9ecc67b2d70cc31f/next-activities:0
[232752814ms] [ERROR] Failed to load resource: net::ERR_ADDRESS_UNREACHABLE @ https://api.avest.fr/v1/sale/69e38dbc9ecc67b2d70cc31f/activities?activityView=pinned:0
[232752814ms] [ERROR] Failed to load resource: net::ERR_ADDRESS_UNREACHABLE @ https://api.avest.fr/v1/sale/69e38dbc9ecc67b2d70cc31f/activities?activityView=activitySummary:0
[232752815ms] [ERROR] Failed to load resource: net::ERR_ADDRESS_UNREACHABLE @ https://api.avest.fr/v1/sale/69e38dbc9ecc67b2d70cc31f/drive-links:0
[232752815ms] [ERROR] Failed to load resource: net::ERR_ADDRESS_UNREACHABLE @ https://api.avest.fr/v1/acquisition/6a1c5d9630db0698f3aba428:0
[232752816ms] [ERROR] Failed to load resource: net::ERR_ADDRESS_UNREACHABLE @ https://api.avest.fr/v1/acquisition/6a197b9e7ce7f89a977ad34c:0
[232752816ms] [ERROR] Failed to load resource: net::ERR_ADDRESS_UNREACHABLE @ https://api.avest.fr/v1/sms-templates?agencies=698cb2ce239dd6ab399bc522:0
[232752817ms] [ERROR] Failed to load resource: net::ERR_ADDRESS_UNREACHABLE @ https://api.avest.fr/v1/emailing-templates?agencies=698cb2ce239dd6ab399bc522:0
[233738566ms] [ERROR] WebSocket connection to 'wss://nexus-websocket-a.intercom.io/pubsub/5-9K9xwJ2mWKIXdj1SsmALt8hNzbJ43l1S9XYFziPArFGEGYeEfVV_zQ_LYvWrSapZ6yeHqRI7plg5M2Y7Ebtob05In8uV3dBK20EA?X-Nexus-New-Client=true&X-Nexus-Version=0.18.8&user_role=user' failed: Error in connection establishment: net::ERR_CONNECTION_TIMED_OUT @ https://js.intercomcdn.com/vendor-modern.60bbf292.js:1
[234678230ms] [ERROR] Failed to load resource: net::ERR_INTERNET_DISCONNECTED @ https://app.avest.fr/r/flags/?v=2&ip=0&_=1780276748067&ver=1.372.10&compression=base64:0
[235763637ms] [ERROR] Failed to load resource: net::ERR_NETWORK_CHANGED @ https://api.avest.fr/v1/agency-groups:0
[235763638ms] [ERROR] Failed to load resource: net::ERR_NETWORK_CHANGED @ https://api.avest.fr/v1/my-notary/sales/69e38dbc9ecc67b2d70cc31f/operation:0
[235763638ms] [ERROR] Failed to load resource: net::ERR_NETWORK_CHANGED @ https://api.avest.fr/v1/user/698202ef3c7adb8c3df2520a?displayOnly=true:0
[235763638ms] [ERROR] Failed to load resource: net::ERR_NETWORK_CHANGED @ https://api.avest.fr/v1/mailboxes:0
[235763639ms] [ERROR] Failed to load resource: net::ERR_NETWORK_CHANGED @ https://api.avest.fr/v1/websites:0
[235763639ms] [ERROR] Failed to load resource: net::ERR_NETWORK_CHANGED @ https://api.avest.fr/v1/agency/698cb2ce239dd6ab399bc522:0
[235763639ms] [ERROR] Failed to load resource: net::ERR_NETWORK_CHANGED @ https://api.avest.fr/v1/website?agency=698cb2ce239dd6ab399bc522:0
[235763640ms] [ERROR] Failed to load resource: net::ERR_NETWORK_CHANGED @ https://api.avest.fr/v1/agencies?filter=%7B%22isActive%22:true%7D:0
[235763640ms] [ERROR] Failed to load resource: net::ERR_NETWORK_CHANGED @ https://api.avest.fr/v1/transactions/search?filter=%7B%7D&agencyGroup=69709812c0b6ac9d7a35154f&search=&saleIds%5B%5D=69e38dbc9ecc67b2d70cc31f&acquisitionIds%5B%5D=6a17e6859bb91d1947b47c38&acquisitionIds%5B%5D=6a17f8c99362c996f6e9711e:0
[235763640ms] [ERROR] Failed to load resource: net::ERR_NETWORK_CHANGED @ https://api.avest.fr/v1/sale/69e38dbc9ecc67b2d70cc31f:0
[235763640ms] [ERROR] Failed to load resource: net::ERR_NETWORK_CHANGED @ https://api.avest.fr/v1/sale/69e38dbc9ecc67b2d70cc31f/visits?agencyGroup=69709812c0b6ac9d7a35154f&sortOrder=descending&sortField=lastUpdatedAt:0
[235763641ms] [ERROR] Failed to load resource: net::ERR_NETWORK_CHANGED @ https://api.avest.fr/v1/acquisition/6a194a0efb64dc9164f65c7f:0
[235763641ms] [ERROR] Failed to load resource: net::ERR_NETWORK_CHANGED @ https://api.avest.fr/v1/account:0
[235763642ms] [ERROR] Failed to load resource: net::ERR_NETWORK_CHANGED @ https://api.avest.fr/v1/sale/69e38dbc9ecc67b2d70cc31f/other-projects:0
[235763642ms] [ERROR] Failed to load resource: net::ERR_NETWORK_CHANGED @ https://api.avest.fr/v1/listings?filter=%7B%22transactionType%22:%22sale%22,%22transactionModel%22:%2269e38dbc9ecc67b2d70cc31f%22%7D&agencies=698cb2ce239dd6ab399bc522&group=69709812c0b6ac9d7a35154f:0
[235763642ms] [ERROR] Failed to load resource: net::ERR_NETWORK_CHANGED @ https://api.avest.fr/v1/listings?filter=%7B%22transactionType%22:%22sale%22,%22transactionModel%22:%2269e38dbc9ecc67b2d70cc31f%22%7D&group=69709812c0b6ac9d7a35154f:0
[235763643ms] [ERROR] Failed to load resource: net::ERR_NETWORK_CHANGED @ https://api.avest.fr/v1/sale-tags?agencies=698cb2ce239dd6ab399bc522:0
[235763643ms] [ERROR] Failed to load resource: net::ERR_NETWORK_CHANGED @ https://api.avest.fr/v1/rental-tags?agencies=698cb2ce239dd6ab399bc522:0
[235763644ms] [ERROR] Failed to load resource: net::ERR_NETWORK_CHANGED @ https://api.avest.fr/v1/acquisition-tags?agencies=698cb2ce239dd6ab399bc522:0
[235763644ms] [ERROR] Failed to load resource: net::ERR_NETWORK_CHANGED @ https://api.avest.fr/v1/suggestions/sale/69e38dbc9ecc67b2d70cc31f:0
[235763644ms] [ERROR] Failed to load resource: net::ERR_NETWORK_CHANGED @ https://api.avest.fr/v1/sale/69e38dbc9ecc67b2d70cc31f/activities?activityView=files:0
[235763644ms] [ERROR] Failed to load resource: net::ERR_NETWORK_CHANGED @ https://api.avest.fr/v1/sale/69e38dbc9ecc67b2d70cc31f/matching?steps=AQUL,ASRC:0
[235763644ms] [ERROR] Failed to load resource: net::ERR_NETWORK_CHANGED @ https://api.avest.fr/v1/users?agencies=698cb2ce239dd6ab399bc522:0
[235763645ms] [ERROR] Failed to load resource: net::ERR_NETWORK_CHANGED @ https://api.avest.fr/v1/acquisition/6a189bd045b0d7114da90f46:0
[235763645ms] [ERROR] Failed to load resource: net::ERR_NETWORK_CHANGED @ https://api.avest.fr/v1/acquisition/6a17177d02c59a6acc1a14be:0
[235763645ms] [ERROR] Failed to load resource: net::ERR_NETWORK_CHANGED @ https://api.avest.fr/v1/acquisition/6a17f8c99362c996f6e9711e:0
[235763645ms] [ERROR] Failed to load resource: net::ERR_NETWORK_CHANGED @ https://api.avest.fr/v1/acquisition/6a17e6859bb91d1947b47c38:0
[235763645ms] [ERROR] Failed to load resource: net::ERR_NETWORK_CHANGED @ https://api.avest.fr/v1/acquisition/6a1687d9c92b2155901cd6f1:0
[235763645ms] [ERROR] Failed to load resource: net::ERR_NETWORK_CHANGED @ https://api.avest.fr/v1/acquisition/6a15a724feb2964bcd0731d7:0
[235763646ms] [ERROR] Failed to load resource: net::ERR_NETWORK_CHANGED @ https://api.avest.fr/v1/acquisition/6a16f6645731866124a8ca5f:0
[235763646ms] [ERROR] Failed to load resource: net::ERR_NETWORK_CHANGED @ https://api.avest.fr/v1/acquisition/6a17255f411229cd9e8ba2d0:0
[235763646ms] [ERROR] Failed to load resource: net::ERR_NETWORK_CHANGED @ https://api.avest.fr/v1/acquisition/6a16cb4c4754df734712eeb7:0
[235763646ms] [ERROR] Failed to load resource: net::ERR_NETWORK_CHANGED @ https://api.avest.fr/v1/acquisition/6a1573a292eae0c2aad4c65b:0
[235763646ms] [ERROR] Failed to load resource: net::ERR_NETWORK_CHANGED @ https://api.avest.fr/v1/acquisition/6a1589d7feb2964bcd5f6580:0
[235763647ms] [ERROR] Failed to load resource: net::ERR_NETWORK_CHANGED @ https://api.avest.fr/v1/transaction-activities?filter=%7B%22type%22:%22note%22,%22linkedDocument%22:%7B%22$in%22:%5B%2269e38dbc9ecc67b2d70cc31f%22,%2269e38dbb9ecc67b2d70cc13d%22%5D%7D%7D&sortField=completionDate&sortOrder=descending:0
[235763647ms] [ERROR] Failed to load resource: net::ERR_NETWORK_CHANGED @ https://api.avest.fr/v1/sale/69e38dbc9ecc67b2d70cc31f/activities?activityView=email:0
[235763647ms] [ERROR] Failed to load resource: net::ERR_NETWORK_CHANGED @ https://api.avest.fr/v1/visit-receipts?filter%5Bsale%5D=69e38dbc9ecc67b2d70cc31f:0
[235763648ms] [ERROR] Failed to load resource: net::ERR_NETWORK_CHANGED @ https://api.avest.fr/v1/sale/69e38dbc9ecc67b2d70cc31f/next-activities:0
[235763648ms] [ERROR] Failed to load resource: net::ERR_NETWORK_CHANGED @ https://api.avest.fr/v1/sale/69e38dbc9ecc67b2d70cc31f/activities?activityView=pinned:0
[235763648ms] [ERROR] Failed to load resource: net::ERR_NETWORK_CHANGED @ https://api.avest.fr/v1/sale/69e38dbc9ecc67b2d70cc31f/drive-links:0
[235763648ms] [ERROR] Failed to load resource: net::ERR_NETWORK_CHANGED @ https://api.avest.fr/v1/sale/69e38dbc9ecc67b2d70cc31f/activities?activityView=activitySummary:0
[235763649ms] [ERROR] Failed to load resource: net::ERR_NETWORK_CHANGED @ https://api.avest.fr/v1/acquisition/6a1c5d9630db0698f3aba428:0
[235763649ms] [ERROR] Failed to load resource: net::ERR_NETWORK_CHANGED @ https://api.avest.fr/v1/acquisition/6a197b9e7ce7f89a977ad34c:0
[235763649ms] [ERROR] Failed to load resource: net::ERR_NETWORK_CHANGED @ https://api.avest.fr/v1/emailing-templates?agencies=698cb2ce239dd6ab399bc522:0
[235763649ms] [ERROR] Failed to load resource: net::ERR_NETWORK_CHANGED @ https://api.avest.fr/v1/sms-templates?agencies=698cb2ce239dd6ab399bc522:0
[235763649ms] [ERROR] Failed to load resource: net::ERR_NETWORK_CHANGED @ https://app.avest.fr/meta.json?cb=1780277833267:0
[235763650ms] [ERROR] TypeError: Failed to fetch
    at queryFn (https://app.avest.fr/index.1779894461.js:91:59883)
    at Object.r [as fn] (https://app.avest.fr/index.1779894461.js:10:49504)
    at _ (https://app.avest.fr/index.1779894461.js:10:43962)
    at Object.start (https://app.avest.fr/index.1779894461.js:10:44423)
    at xV.fetch (https://app.avest.fr/index.1779894461.js:10:50313)
    at #h (https://app.avest.fr/index.1779894461.js:10:54922)
    at $V.fetch (https://app.avest.fr/index.1779894461.js:10:54809)
    at $V.refetch (https://app.avest.fr/index.1779894461.js:10:54621)
    at xV.onOnline (https://app.avest.fr/index.1779894461.js:10:48171)
    at https://app.avest.fr/index.1779894461.js:10:66700 @ https://app.avest.fr/index.1779894461.js:90
[235763803ms] [ERROR] AxiosError: Network Error
    at w.onerror (https://app.avest.fr/index.1779894461.js:85:16122) @ https://app.avest.fr/index.1779894461.js:90
[235763803ms] [ERROR] Failed to load resource: net::ERR_ADDRESS_UNREACHABLE @ https://api.avest.fr/v1/agency-groups:0
[235763818ms] [ERROR] Failed to load resource: net::ERR_ADDRESS_UNREACHABLE @ https://api.avest.fr/v1/agencies?filter=%7B%22isActive%22:true%7D:0
[235763846ms] [ERROR] Failed to load resource: net::ERR_ADDRESS_UNREACHABLE @ https://api.avest.fr/v1/listings?filter=%7B%22transactionType%22:%22sale%22,%22transactionModel%22:%2269e38dbc9ecc67b2d70cc31f%22%7D&group=69709812c0b6ac9d7a35154f:0
[235763846ms] [ERROR] Failed to load resource: net::ERR_ADDRESS_UNREACHABLE @ https://api.avest.fr/v1/listings?filter=%7B%22transactionType%22:%22sale%22,%22transactionModel%22:%2269e38dbc9ecc67b2d70cc31f%22%7D&agencies=698cb2ce239dd6ab399bc522&group=69709812c0b6ac9d7a35154f:0
[235763847ms] [ERROR] Failed to load resource: net::ERR_ADDRESS_UNREACHABLE @ https://api.avest.fr/v1/sale-tags?agencies=698cb2ce239dd6ab399bc522:0
[235763847ms] [ERROR] Failed to load resource: net::ERR_ADDRESS_UNREACHABLE @ https://api.avest.fr/v1/sale/69e38dbc9ecc67b2d70cc31f/other-projects:0
[235763847ms] [ERROR] Failed to load resource: net::ERR_ADDRESS_UNREACHABLE @ https://api.avest.fr/v1/account:0
[235763847ms] [ERROR] Failed to load resource: net::ERR_ADDRESS_UNREACHABLE @ https://api.avest.fr/v1/transactions/search?filter=%7B%7D&agencyGroup=69709812c0b6ac9d7a35154f&search=&saleIds%5B%5D=69e38dbc9ecc67b2d70cc31f&acquisitionIds%5B%5D=6a17e6859bb91d1947b47c38&acquisitionIds%5B%5D=6a17f8c99362c996f6e9711e:0
[235763849ms] [ERROR] Failed to load resource: net::ERR_ADDRESS_UNREACHABLE @ https://api.avest.fr/v1/sale/69e38dbc9ecc67b2d70cc31f:0
[235763849ms] [ERROR] Failed to load resource: net::ERR_ADDRESS_UNREACHABLE @ https://api.avest.fr/v1/sale/69e38dbc9ecc67b2d70cc31f/visits?agencyGroup=69709812c0b6ac9d7a35154f&sortOrder=descending&sortField=lastUpdatedAt:0
[235763849ms] [ERROR] Failed to load resource: net::ERR_ADDRESS_UNREACHABLE @ https://api.avest.fr/v1/acquisition/6a194a0efb64dc9164f65c7f:0
[235763861ms] [ERROR] Failed to load resource: net::ERR_ADDRESS_UNREACHABLE @ https://api.avest.fr/v1/website?agency=698cb2ce239dd6ab399bc522:0
[235763862ms] [ERROR] Failed to load resource: net::ERR_ADDRESS_UNREACHABLE @ https://api.avest.fr/v1/agency/698cb2ce239dd6ab399bc522:0
[235763862ms] [ERROR] Failed to load resource: net::ERR_ADDRESS_UNREACHABLE @ https://api.avest.fr/v1/websites:0
[235763862ms] [ERROR] Failed to load resource: net::ERR_ADDRESS_UNREACHABLE @ https://api.avest.fr/v1/my-notary/sales/69e38dbc9ecc67b2d70cc31f/operation:0
[235763864ms] [ERROR] AxiosError: Network Error
    at w.onerror (https://app.avest.fr/index.1779894461.js:85:16122) @ https://app.avest.fr/index.1779894461.js:90
[235763865ms] [ERROR] Failed to load resource: net::ERR_ADDRESS_UNREACHABLE @ https://api.avest.fr/v1/user/698202ef3c7adb8c3df2520a?displayOnly=true:0
[235763865ms] [ERROR] Failed to load resource: net::ERR_ADDRESS_UNREACHABLE @ https://api.avest.fr/v1/mailboxes:0
[235763865ms] [ERROR] Failed to load resource: net::ERR_ADDRESS_UNREACHABLE @ https://api.avest.fr/v1/sale/69e38dbc9ecc67b2d70cc31f/activities?activityView=email:0
[235763869ms] [ERROR] Failed to load resource: net::ERR_ADDRESS_UNREACHABLE @ https://api.avest.fr/v1/sale/69e38dbc9ecc67b2d70cc31f/next-activities:0
[235763869ms] [ERROR] Failed to load resource: net::ERR_ADDRESS_UNREACHABLE @ https://api.avest.fr/v1/visit-receipts?filter%5Bsale%5D=69e38dbc9ecc67b2d70cc31f:0
[235763869ms] [ERROR] Failed to load resource: net::ERR_ADDRESS_UNREACHABLE @ https://api.avest.fr/v1/transaction-activities?filter=%7B%22type%22:%22note%22,%22linkedDocument%22:%7B%22$in%22:%5B%2269e38dbc9ecc67b2d70cc31f%22,%2269e38dbb9ecc67b2d70cc13d%22%5D%7D%7D&sortField=completionDate&sortOrder=descending:0
[235763870ms] [ERROR] Failed to load resource: net::ERR_ADDRESS_UNREACHABLE @ https://api.avest.fr/v1/acquisition/6a1589d7feb2964bcd5f6580:0
[235763877ms] [ERROR] Failed to load resource: net::ERR_ADDRESS_UNREACHABLE @ https://api.avest.fr/v1/sale/69e38dbc9ecc67b2d70cc31f/activities?activityView=pinned:0
[235763877ms] [ERROR] Failed to load resource: net::ERR_ADDRESS_UNREACHABLE @ https://api.avest.fr/v1/acquisition/6a1573a292eae0c2aad4c65b:0
[235763877ms] [ERROR] Failed to load resource: net::ERR_ADDRESS_UNREACHABLE @ https://api.avest.fr/v1/acquisition/6a197b9e7ce7f89a977ad34c:0
[235763877ms] [ERROR] Failed to load resource: net::ERR_ADDRESS_UNREACHABLE @ https://api.avest.fr/v1/emailing-templates?agencies=698cb2ce239dd6ab399bc522:0
[235763878ms] [ERROR] Failed to load resource: net::ERR_ADDRESS_UNREACHABLE @ https://api.avest.fr/v1/sms-templates?agencies=698cb2ce239dd6ab399bc522:0
[235763878ms] [ERROR] Failed to load resource: net::ERR_ADDRESS_UNREACHABLE @ https://api.avest.fr/v1/acquisition/6a1c5d9630db0698f3aba428:0
[235763878ms] [ERROR] Failed to load resource: net::ERR_ADDRESS_UNREACHABLE @ https://api.avest.fr/v1/sale/69e38dbc9ecc67b2d70cc31f/activities?activityView=activitySummary:0
[235763878ms] [ERROR] Failed to load resource: net::ERR_ADDRESS_UNREACHABLE @ https://api.avest.fr/v1/sale/69e38dbc9ecc67b2d70cc31f/drive-links:0
[235763878ms] [ERROR] Failed to load resource: net::ERR_ADDRESS_UNREACHABLE @ https://api.avest.fr/v1/acquisition-tags?agencies=698cb2ce239dd6ab399bc522:0
[235763878ms] [ERROR] Failed to load resource: net::ERR_ADDRESS_UNREACHABLE @ https://api.avest.fr/v1/rental-tags?agencies=698cb2ce239dd6ab399bc522:0
[235763878ms] [ERROR] Failed to load resource: net::ERR_ADDRESS_UNREACHABLE @ https://api.avest.fr/v1/acquisition/6a189bd045b0d7114da90f46:0
[235763878ms] [ERROR] Failed to load resource: net::ERR_ADDRESS_UNREACHABLE @ https://api.avest.fr/v1/users?agencies=698cb2ce239dd6ab399bc522:0
[235763878ms] [ERROR] There is an error fetching the matching transactions AxiosError: Network Error
    at w.onerror (https://app.avest.fr/index.1779894461.js:85:16122)
    at tu.request (https://app.avest.fr/index.1779894461.js:87:2231)
    at async tu.request (https://app.avest.fr/index.1779894461.js:87:2135)
    at async queryFn (https://app.avest.fr/utils.17798944617.js:1:1167) @ https://app.avest.fr/utils.17798944617.js:0
[235763879ms] [ERROR] Failed to load resource: net::ERR_ADDRESS_UNREACHABLE @ https://api.avest.fr/v1/sale/69e38dbc9ecc67b2d70cc31f/matching?steps=AQUL,ASRC:0
[235763885ms] [ERROR] Failed to load resource: net::ERR_ADDRESS_UNREACHABLE @ https://api.avest.fr/v1/acquisition/6a17177d02c59a6acc1a14be:0
[235763886ms] [ERROR] Failed to load resource: net::ERR_ADDRESS_UNREACHABLE @ https://api.avest.fr/v1/suggestions/sale/69e38dbc9ecc67b2d70cc31f:0
[235763886ms] [ERROR] Failed to load resource: net::ERR_ADDRESS_UNREACHABLE @ https://api.avest.fr/v1/sale/69e38dbc9ecc67b2d70cc31f/activities?activityView=files:0
[235763886ms] [ERROR] Failed to load resource: net::ERR_ADDRESS_UNREACHABLE @ https://api.avest.fr/v1/acquisition/6a17f8c99362c996f6e9711e:0
[235763886ms] [ERROR] Failed to load resource: net::ERR_ADDRESS_UNREACHABLE @ https://api.avest.fr/v1/acquisition/6a17e6859bb91d1947b47c38:0
[235763886ms] [ERROR] Failed to load resource: net::ERR_ADDRESS_UNREACHABLE @ https://api.avest.fr/v1/acquisition/6a1687d9c92b2155901cd6f1:0
[235763886ms] [ERROR] Failed to load resource: net::ERR_ADDRESS_UNREACHABLE @ https://api.avest.fr/v1/acquisition/6a15a724feb2964bcd0731d7:0
[235763894ms] [ERROR] Failed to load resource: net::ERR_ADDRESS_UNREACHABLE @ https://api.avest.fr/v1/acquisition/6a16f6645731866124a8ca5f:0
[235763894ms] [ERROR] Failed to load resource: net::ERR_ADDRESS_UNREACHABLE @ https://api.avest.fr/v1/acquisition/6a17255f411229cd9e8ba2d0:0
[235763894ms] [ERROR] Failed to load resource: net::ERR_ADDRESS_UNREACHABLE @ https://api.avest.fr/v1/acquisition/6a16cb4c4754df734712eeb7:0
[235838546ms] [ERROR] WebSocket connection to 'wss://nexus-websocket-a.intercom.io/pubsub/5-9K9xwJ2mWKIXdj1SsmALt8hNzbJ43l1S9XYFziPArFGEGYeEfVV_zQ_LYvWrSapZ6yeHqRI7plg5M2Y7Ebtob05In8uV3dBK20EA?X-Nexus-New-Client=true&X-Nexus-Version=0.18.8&user_role=user' failed: Error in connection establishment: net::ERR_CONNECTION_TIMED_OUT @ https://js.intercomcdn.com/vendor-modern.60bbf292.js:1
[236849819ms] [ERROR] Failed to load resource: net::ERR_INTERNET_DISCONNECTED @ https://app.avest.fr/r/flags/?v=2&ip=0&_=1780278919657&ver=1.372.10&compression=base64:0
[238049616ms] [ERROR] Failed to load resource: net::ERR_INTERNET_DISCONNECTED @ https://app.avest.fr/r/flags/?v=2&ip=0&_=1780280119448&ver=1.372.10&compression=base64:0
[238349613ms] [ERROR] Failed to load resource: net::ERR_INTERNET_DISCONNECTED @ https://app.avest.fr/r/flags/?v=2&ip=0&_=1780280419448&ver=1.372.10&compression=base64:0
[238649607ms] [ERROR] Failed to load resource: net::ERR_INTERNET_DISCONNECTED @ https://app.avest.fr/r/flags/?v=2&ip=0&_=1780280719445&ver=1.372.10&compression=base64:0
[238949628ms] [ERROR] Failed to load resource: net::ERR_INTERNET_DISCONNECTED @ https://app.avest.fr/r/flags/?v=2&ip=0&_=1780281019448&ver=1.372.10&compression=base64:0
[239383775ms] [ERROR] Failed to load resource: net::ERR_NETWORK_CHANGED @ https://api.avest.fr/v1/agencies?filter=%7B%22isActive%22:true%7D:0
[239383776ms] [ERROR] Failed to load resource: net::ERR_NETWORK_CHANGED @ https://api.avest.fr/v1/sale/69e38dbc9ecc67b2d70cc31f:0
[239383776ms] [ERROR] Failed to load resource: net::ERR_NETWORK_CHANGED @ https://api.avest.fr/v1/sale/69e38dbc9ecc67b2d70cc31f/visits?agencyGroup=69709812c0b6ac9d7a35154f&sortOrder=descending&sortField=lastUpdatedAt:0
[239383776ms] [ERROR] Failed to load resource: net::ERR_NETWORK_CHANGED @ https://api.avest.fr/v1/websites:0
[239383776ms] [ERROR] Failed to load resource: net::ERR_NETWORK_CHANGED @ https://api.avest.fr/v1/agency/698cb2ce239dd6ab399bc522:0
[239383777ms] [ERROR] Failed to load resource: net::ERR_NETWORK_CHANGED @ https://api.avest.fr/v1/website?agency=698cb2ce239dd6ab399bc522:0
[239383777ms] [ERROR] Failed to load resource: net::ERR_NETWORK_CHANGED @ https://api.avest.fr/v1/transactions/search?filter=%7B%7D&agencyGroup=69709812c0b6ac9d7a35154f&search=&saleIds%5B%5D=69e38dbc9ecc67b2d70cc31f&acquisitionIds%5B%5D=6a17e6859bb91d1947b47c38&acquisitionIds%5B%5D=6a17f8c99362c996f6e9711e:0
[239383777ms] [ERROR] Failed to load resource: net::ERR_NETWORK_CHANGED @ https://api.avest.fr/v1/acquisition/6a194a0efb64dc9164f65c7f:0
[239383777ms] [ERROR] Failed to load resource: net::ERR_NETWORK_CHANGED @ https://api.avest.fr/v1/account:0
[239383777ms] [ERROR] Failed to load resource: net::ERR_NETWORK_CHANGED @ https://api.avest.fr/v1/sale/69e38dbc9ecc67b2d70cc31f/other-projects:0
[239383777ms] [ERROR] Failed to load resource: net::ERR_NETWORK_CHANGED @ https://api.avest.fr/v1/listings?filter=%7B%22transactionType%22:%22sale%22,%22transactionModel%22:%2269e38dbc9ecc67b2d70cc31f%22%7D&agencies=698cb2ce239dd6ab399bc522&group=69709812c0b6ac9d7a35154f:0
[239383778ms] [ERROR] Failed to load resource: net::ERR_NETWORK_CHANGED @ https://api.avest.fr/v1/listings?filter=%7B%22transactionType%22:%22sale%22,%22transactionModel%22:%2269e38dbc9ecc67b2d70cc31f%22%7D&group=69709812c0b6ac9d7a35154f:0
[239383778ms] [ERROR] Failed to load resource: net::ERR_NETWORK_CHANGED @ https://api.avest.fr/v1/acquisition/6a17255f411229cd9e8ba2d0:0
[239383778ms] [ERROR] Failed to load resource: net::ERR_NETWORK_CHANGED @ https://api.avest.fr/v1/acquisition/6a16cb4c4754df734712eeb7:0
[239383778ms] [ERROR] Failed to load resource: net::ERR_NETWORK_CHANGED @ https://api.avest.fr/v1/acquisition/6a1573a292eae0c2aad4c65b:0
[239383778ms] [ERROR] Failed to load resource: net::ERR_NETWORK_CHANGED @ https://api.avest.fr/v1/acquisition/6a1589d7feb2964bcd5f6580:0
[239383778ms] [ERROR] Failed to load resource: net::ERR_NETWORK_CHANGED @ https://api.avest.fr/v1/transaction-activities?filter=%7B%22type%22:%22note%22,%22linkedDocument%22:%7B%22$in%22:%5B%2269e38dbc9ecc67b2d70cc31f%22,%2269e38dbb9ecc67b2d70cc13d%22%5D%7D%7D&sortField=completionDate&sortOrder=descending:0
[239383779ms] [ERROR] Failed to load resource: net::ERR_NETWORK_CHANGED @ https://api.avest.fr/v1/sale/69e38dbc9ecc67b2d70cc31f/activities?activityView=email:0
[239383779ms] [ERROR] Failed to load resource: net::ERR_NETWORK_CHANGED @ https://api.avest.fr/v1/visit-receipts?filter%5Bsale%5D=69e38dbc9ecc67b2d70cc31f:0
[239383779ms] [ERROR] Failed to load resource: net::ERR_NETWORK_CHANGED @ https://api.avest.fr/v1/sale/69e38dbc9ecc67b2d70cc31f/next-activities:0
[239383779ms] [ERROR] Failed to load resource: net::ERR_NETWORK_CHANGED @ https://api.avest.fr/v1/sale/69e38dbc9ecc67b2d70cc31f/activities?activityView=pinned:0
[239383779ms] [ERROR] Failed to load resource: net::ERR_NETWORK_CHANGED @ https://api.avest.fr/v1/sale/69e38dbc9ecc67b2d70cc31f/activities?activityView=activitySummary:0
[239383779ms] [ERROR] Failed to load resource: net::ERR_NETWORK_CHANGED @ https://api.avest.fr/v1/sale/69e38dbc9ecc67b2d70cc31f/drive-links:0
[239383780ms] [ERROR] Failed to load resource: net::ERR_NETWORK_CHANGED @ https://api.avest.fr/v1/acquisition/6a1c5d9630db0698f3aba428:0
[239383780ms] [ERROR] Failed to load resource: net::ERR_NETWORK_CHANGED @ https://api.avest.fr/v1/acquisition/6a197b9e7ce7f89a977ad34c:0
[239383780ms] [ERROR] Failed to load resource: net::ERR_NETWORK_CHANGED @ https://api.avest.fr/v1/sms-templates?agencies=698cb2ce239dd6ab399bc522:0
[239383781ms] [ERROR] Failed to load resource: net::ERR_NETWORK_CHANGED @ https://api.avest.fr/v1/emailing-templates?agencies=698cb2ce239dd6ab399bc522:0
[239383781ms] [ERROR] Failed to load resource: net::ERR_NETWORK_CHANGED @ https://api.avest.fr/v1/acquisition/6a17177d02c59a6acc1a14be:0
[239383782ms] [ERROR] Failed to load resource: net::ERR_NETWORK_CHANGED @ https://api.avest.fr/v1/acquisition/6a17f8c99362c996f6e9711e:0
[239383782ms] [ERROR] Failed to load resource: net::ERR_NETWORK_CHANGED @ https://api.avest.fr/v1/acquisition/6a17e6859bb91d1947b47c38:0
[239383782ms] [ERROR] Failed to load resource: net::ERR_NETWORK_CHANGED @ https://api.avest.fr/v1/acquisition/6a15a724feb2964bcd0731d7:0
[239383782ms] [ERROR] Failed to load resource: net::ERR_NETWORK_CHANGED @ https://api.avest.fr/v1/acquisition/6a1687d9c92b2155901cd6f1:0
[239383782ms] [ERROR] Failed to load resource: net::ERR_NETWORK_CHANGED @ https://api.avest.fr/v1/acquisition/6a16f6645731866124a8ca5f:0
[239383783ms] [ERROR] Failed to load resource: net::ERR_NETWORK_CHANGED @ https://api.avest.fr/v1/agency-groups:0
[239383783ms] [ERROR] Failed to load resource: net::ERR_NETWORK_CHANGED @ https://api.avest.fr/v1/my-notary/sales/69e38dbc9ecc67b2d70cc31f/operation:0
[239383783ms] [ERROR] Failed to load resource: net::ERR_NETWORK_CHANGED @ https://api.avest.fr/v1/user/698202ef3c7adb8c3df2520a?displayOnly=true:0
[239383783ms] [ERROR] Failed to load resource: net::ERR_NETWORK_CHANGED @ https://api.avest.fr/v1/mailboxes:0
[239383783ms] [ERROR] Failed to load resource: net::ERR_NETWORK_CHANGED @ https://api.avest.fr/v1/sale-tags?agencies=698cb2ce239dd6ab399bc522:0
[239383783ms] [ERROR] Failed to load resource: net::ERR_NETWORK_CHANGED @ https://api.avest.fr/v1/rental-tags?agencies=698cb2ce239dd6ab399bc522:0
[239383784ms] [ERROR] Failed to load resource: net::ERR_NETWORK_CHANGED @ https://api.avest.fr/v1/acquisition-tags?agencies=698cb2ce239dd6ab399bc522:0
[239383784ms] [ERROR] Failed to load resource: net::ERR_NETWORK_CHANGED @ https://api.avest.fr/v1/suggestions/sale/69e38dbc9ecc67b2d70cc31f:0
[239383784ms] [ERROR] Failed to load resource: net::ERR_NETWORK_CHANGED @ https://api.avest.fr/v1/sale/69e38dbc9ecc67b2d70cc31f/activities?activityView=files:0
[239383784ms] [ERROR] Failed to load resource: net::ERR_NETWORK_CHANGED @ https://api.avest.fr/v1/sale/69e38dbc9ecc67b2d70cc31f/matching?steps=AQUL,ASRC:0
[239383784ms] [ERROR] Failed to load resource: net::ERR_NETWORK_CHANGED @ https://api.avest.fr/v1/users?agencies=698cb2ce239dd6ab399bc522:0
[239383785ms] [ERROR] Failed to load resource: net::ERR_NETWORK_CHANGED @ https://api.avest.fr/v1/acquisition/6a189bd045b0d7114da90f46:0
[239383785ms] [ERROR] Failed to load resource: net::ERR_NETWORK_CHANGED @ https://app.avest.fr/meta.json?cb=1780281453153:0
[239383785ms] [ERROR] TypeError: Failed to fetch
    at queryFn (https://app.avest.fr/index.1779894461.js:91:59883)
    at Object.r [as fn] (https://app.avest.fr/index.1779894461.js:10:49504)
    at _ (https://app.avest.fr/index.1779894461.js:10:43962) @ https://app.avest.fr/index.1779894461.js:90
[239383879ms] [ERROR] Failed to load resource: net::ERR_ADDRESS_UNREACHABLE @ https://api.avest.fr/v1/acquisition/6a1589d7feb2964bcd5f6580:0
[239383879ms] [ERROR] AxiosError: Network Error
    at w.onerror (https://app.avest.fr/index.1779894461.js:85:16122) @ https://app.avest.fr/index.1779894461.js:90
[239383879ms] [ERROR] Failed to load resource: net::ERR_ADDRESS_UNREACHABLE @ https://api.avest.fr/v1/visit-receipts?filter%5Bsale%5D=69e38dbc9ecc67b2d70cc31f:0
[239383879ms] [ERROR] AxiosError: Network Error
    at w.onerror (https://app.avest.fr/index.1779894461.js:85:16122) @ https://app.avest.fr/index.1779894461.js:90
[239383879ms] [ERROR] Failed to load resource: net::ERR_ADDRESS_UNREACHABLE @ https://api.avest.fr/v1/transaction-activities?filter=%7B%22type%22:%22note%22,%22linkedDocument%22:%7B%22$in%22:%5B%2269e38dbc9ecc67b2d70cc31f%22,%2269e38dbb9ecc67b2d70cc13d%22%5D%7D%7D&sortField=completionDate&sortOrder=descending:0
[239383879ms] [ERROR] AxiosError: Network Error
    at w.onerror (https://app.avest.fr/index.1779894461.js:85:16122) @ https://app.avest.fr/index.1779894461.js:90
[239383880ms] [ERROR] Failed to load resource: net::ERR_ADDRESS_UNREACHABLE @ https://api.avest.fr/v1/sale/69e38dbc9ecc67b2d70cc31f/activities?activityView=email:0
[239383880ms] [ERROR] Failed to load resource: net::ERR_ADDRESS_UNREACHABLE @ https://api.avest.fr/v1/acquisition/6a1573a292eae0c2aad4c65b:0
[239383880ms] [ERROR] Failed to load resource: net::ERR_ADDRESS_UNREACHABLE @ https://api.avest.fr/v1/acquisition/6a16cb4c4754df734712eeb7:0
[239383880ms] [ERROR] AxiosError: Network Error
    at w.onerror (https://app.avest.fr/index.1779894461.js:85:16122) @ https://app.avest.fr/index.1779894461.js:90
[239383880ms] [ERROR] Failed to load resource: net::ERR_ADDRESS_UNREACHABLE @ https://api.avest.fr/v1/listings?filter=%7B%22transactionType%22:%22sale%22,%22transactionModel%22:%2269e38dbc9ecc67b2d70cc31f%22%7D&group=69709812c0b6ac9d7a35154f:0
[239383880ms] [ERROR] Failed to load resource: net::ERR_ADDRESS_UNREACHABLE @ https://api.avest.fr/v1/acquisition/6a17255f411229cd9e8ba2d0:0
[239383880ms] [ERROR] AxiosError: Network Error
    at w.onerror (https://app.avest.fr/index.1779894461.js:85:16122) @ https://app.avest.fr/index.1779894461.js:90
[239383881ms] [ERROR] Failed to load resource: net::ERR_ADDRESS_UNREACHABLE @ https://api.avest.fr/v1/listings?filter=%7B%22transactionType%22:%22sale%22,%22transactionModel%22:%2269e38dbc9ecc67b2d70cc31f%22%7D&agencies=698cb2ce239dd6ab399bc522&group=69709812c0b6ac9d7a35154f:0
[239383884ms] [ERROR] AxiosError: Network Error
    at w.onerror (https://app.avest.fr/index.1779894461.js:85:16122) @ https://app.avest.fr/index.1779894461.js:90
[239383884ms] [ERROR] Failed to load resource: net::ERR_ADDRESS_UNREACHABLE @ https://api.avest.fr/v1/account:0
[239383884ms] [ERROR] Failed to load resource: net::ERR_ADDRESS_UNREACHABLE @ https://api.avest.fr/v1/acquisition/6a194a0efb64dc9164f65c7f:0
[239383887ms] [ERROR] AxiosError: Network Error
    at w.onerror (https://app.avest.fr/index.1779894461.js:85:16122)
    at tu.request (https://app.avest.fr/index.1779894461.js:87:2231)
    at async tu.request (https://app.avest.fr/index.1779894461.js:87:2135)
    at async queryFn (https://app.avest.fr/useGetContactsOtherProjects.1779894461.js:1:6606) @ https://app.avest.fr/index.1779894461.js:90
[239383887ms] [ERROR] Failed to load resource: net::ERR_ADDRESS_UNREACHABLE @ https://api.avest.fr/v1/sale/69e38dbc9ecc67b2d70cc31f/other-projects:0
[239383936ms] [ERROR] AxiosError: Network Error
    at w.onerror (https://app.avest.fr/index.1779894461.js:85:16122) @ https://app.avest.fr/index.1779894461.js:90
[239383937ms] [ERROR] Failed to load resource: net::ERR_ADDRESS_UNREACHABLE @ https://api.avest.fr/v1/transactions/search?filter=%7B%7D&agencyGroup=69709812c0b6ac9d7a35154f&search=&saleIds%5B%5D=69e38dbc9ecc67b2d70cc31f&acquisitionIds%5B%5D=6a17e6859bb91d1947b47c38&acquisitionIds%5B%5D=6a17f8c99362c996f6e9711e:0
[239383937ms] [ERROR] AxiosError: Network Error
    at w.onerror (https://app.avest.fr/index.1779894461.js:85:16122) @ https://app.avest.fr/index.1779894461.js:90
[239383937ms] [ERROR] Failed to load resource: net::ERR_ADDRESS_UNREACHABLE @ https://api.avest.fr/v1/user/698202ef3c7adb8c3df2520a?displayOnly=true:0
[239383943ms] [ERROR] AxiosError: Network Error
    at w.onerror (https://app.avest.fr/index.1779894461.js:85:16122) @ https://app.avest.fr/index.1779894461.js:90
[239383943ms] [ERROR] Failed to load resource: net::ERR_ADDRESS_UNREACHABLE @ https://api.avest.fr/v1/rental-tags?agencies=698cb2ce239dd6ab399bc522:0
[239383944ms] [ERROR] AxiosError: Network Error
    at w.onerror (https://app.avest.fr/index.1779894461.js:85:16122) @ https://app.avest.fr/index.1779894461.js:90
[239383944ms] [ERROR] Failed to load resource: net::ERR_ADDRESS_UNREACHABLE @ https://api.avest.fr/v1/mailboxes:0
[239383944ms] [ERROR] Failed to load resource: net::ERR_ADDRESS_UNREACHABLE @ https://api.avest.fr/v1/my-notary/sales/69e38dbc9ecc67b2d70cc31f/operation:0
[239383944ms] [ERROR] AxiosError: Network Error
    at w.onerror (https://app.avest.fr/index.1779894461.js:85:16122) @ https://app.avest.fr/index.1779894461.js:90
[239383944ms] [ERROR] Failed to load resource: net::ERR_ADDRESS_UNREACHABLE @ https://api.avest.fr/v1/agency-groups:0
[239383944ms] [ERROR] Failed to load resource: net::ERR_ADDRESS_UNREACHABLE @ https://api.avest.fr/v1/acquisition/6a16f6645731866124a8ca5f:0
[239383944ms] [ERROR] Failed to load resource: net::ERR_ADDRESS_UNREACHABLE @ https://api.avest.fr/v1/acquisition/6a17f8c99362c996f6e9711e:0
[239383944ms] [ERROR] Failed to load resource: net::ERR_ADDRESS_UNREACHABLE @ https://api.avest.fr/v1/acquisition/6a17177d02c59a6acc1a14be:0
[239383945ms] [ERROR] AxiosError: Network Error
    at w.onerror (https://app.avest.fr/index.1779894461.js:85:16122) @ https://app.avest.fr/index.1779894461.js:90
[239383945ms] [ERROR] Failed to load resource: net::ERR_ADDRESS_UNREACHABLE @ https://api.avest.fr/v1/sms-templates?agencies=698cb2ce239dd6ab399bc522:0
[239383945ms] [ERROR] Failed to load resource: net::ERR_ADDRESS_UNREACHABLE @ https://api.avest.fr/v1/acquisition/6a17e6859bb91d1947b47c38:0
[239383945ms] [ERROR] AxiosError: Network Error
    at w.onerror (https://app.avest.fr/index.1779894461.js:85:16122) @ https://app.avest.fr/index.1779894461.js:90
[239383945ms] [ERROR] Failed to load resource: net::ERR_ADDRESS_UNREACHABLE @ https://api.avest.fr/v1/emailing-templates?agencies=698cb2ce239dd6ab399bc522:0
[239383945ms] [ERROR] Failed to load resource: net::ERR_ADDRESS_UNREACHABLE @ https://api.avest.fr/v1/acquisition/6a15a724feb2964bcd0731d7:0
[239383945ms] [ERROR] Failed to load resource: net::ERR_ADDRESS_UNREACHABLE @ https://api.avest.fr/v1/acquisition/6a1687d9c92b2155901cd6f1:0
[239383945ms] [ERROR] AxiosError: Network Error
    at w.onerror (https://app.avest.fr/index.1779894461.js:85:16122) @ https://app.avest.fr/index.1779894461.js:90
[239383945ms] [ERROR] Failed to load resource: net::ERR_ADDRESS_UNREACHABLE @ https://api.avest.fr/v1/sale/69e38dbc9ecc67b2d70cc31f/activities?activityView=files:0
[239383946ms] [ERROR] AxiosError: Network Error
    at w.onerror (https://app.avest.fr/index.1779894461.js:85:16122) @ https://app.avest.fr/index.1779894461.js:90
[239383946ms] [ERROR] Failed to load resource: net::ERR_ADDRESS_UNREACHABLE @ https://api.avest.fr/v1/suggestions/sale/69e38dbc9ecc67b2d70cc31f:0
[239383946ms] [ERROR] AxiosError: Network Error
    at w.onerror (https://app.avest.fr/index.1779894461.js:85:16122) @ https://app.avest.fr/index.1779894461.js:90
[239383946ms] [ERROR] Failed to load resource: net::ERR_ADDRESS_UNREACHABLE @ https://api.avest.fr/v1/sale-tags?agencies=698cb2ce239dd6ab399bc522:0
[239383946ms] [ERROR] AxiosError: Network Error
    at w.onerror (https://app.avest.fr/index.1779894461.js:85:16122) @ https://app.avest.fr/index.1779894461.js:90
[239383946ms] [ERROR] Failed to load resource: net::ERR_ADDRESS_UNREACHABLE @ https://api.avest.fr/v1/acquisition-tags?agencies=698cb2ce239dd6ab399bc522:0
[239383946ms] [ERROR] AxiosError: Network Error
    at w.onerror (https://app.avest.fr/index.1779894461.js:85:16122) @ https://app.avest.fr/index.1779894461.js:90
[239383946ms] [ERROR] Failed to load resource: net::ERR_ADDRESS_UNREACHABLE @ https://api.avest.fr/v1/users?agencies=698cb2ce239dd6ab399bc522:0
[239383946ms] [ERROR] Failed to load resource: net::ERR_ADDRESS_UNREACHABLE @ https://api.avest.fr/v1/acquisition/6a189bd045b0d7114da90f46:0
[239383946ms] [ERROR] There is an error fetching the matching transactions AxiosError: Network Error
    at w.onerror (https://app.avest.fr/index.1779894461.js:85:16122)
    at tu.request (https://app.avest.fr/index.1779894461.js:87:2231)
    at async tu.request (https://app.avest.fr/index.1779894461.js:87:2135)
    at async queryFn (https://app.avest.fr/utils.17798944617.js:1:1167) @ https://app.avest.fr/utils.17798944617.js:0
[239383946ms] [ERROR] AxiosError: Network Error
    at w.onerror (https://app.avest.fr/index.1779894461.js:85:16122)
    at tu.request (https://app.avest.fr/index.1779894461.js:87:2231)
    at async tu.request (https://app.avest.fr/index.1779894461.js:87:2135)
    at async queryFn (https://app.avest.fr/utils.17798944617.js:1:1167) @ https://app.avest.fr/index.1779894461.js:90
[239383946ms] [ERROR] Failed to load resource: net::ERR_ADDRESS_UNREACHABLE @ https://api.avest.fr/v1/sale/69e38dbc9ecc67b2d70cc31f/matching?steps=AQUL,ASRC:0
[239383947ms] [ERROR] AxiosError: Network Error
    at w.onerror (https://app.avest.fr/index.1779894461.js:85:16122) @ https://app.avest.fr/index.1779894461.js:90
[239383947ms] [ERROR] Failed to load resource: net::ERR_ADDRESS_UNREACHABLE @ https://api.avest.fr/v1/sale/69e38dbc9ecc67b2d70cc31f/next-activities:0
[239383947ms] [ERROR] Failed to load resource: net::ERR_ADDRESS_UNREACHABLE @ https://api.avest.fr/v1/acquisition/6a1c5d9630db0698f3aba428:0
[239383947ms] [ERROR] Failed to load resource: net::ERR_ADDRESS_UNREACHABLE @ https://api.avest.fr/v1/acquisition/6a197b9e7ce7f89a977ad34c:0
[239383947ms] [ERROR] AxiosError: Network Error
    at w.onerror (https://app.avest.fr/index.1779894461.js:85:16122) @ https://app.avest.fr/index.1779894461.js:90
[239383947ms] [ERROR] Failed to load resource: net::ERR_ADDRESS_UNREACHABLE @ https://api.avest.fr/v1/sale/69e38dbc9ecc67b2d70cc31f/drive-links:0
[239383947ms] [ERROR] AxiosError: Network Error
    at w.onerror (https://app.avest.fr/index.1779894461.js:85:16122) @ https://app.avest.fr/index.1779894461.js:90
[239383947ms] [ERROR] Failed to load resource: net::ERR_ADDRESS_UNREACHABLE @ https://api.avest.fr/v1/sale/69e38dbc9ecc67b2d70cc31f/activities?activityView=pinned:0
[239383947ms] [ERROR] AxiosError: Network Error
    at w.onerror (https://app.avest.fr/index.1779894461.js:85:16122) @ https://app.avest.fr/index.1779894461.js:90
[239383947ms] [ERROR] Failed to load resource: net::ERR_ADDRESS_UNREACHABLE @ https://api.avest.fr/v1/sale/69e38dbc9ecc67b2d70cc31f/activities?activityView=activitySummary:0
[239383947ms] [ERROR] AxiosError: Network Error
    at w.onerror (https://app.avest.fr/index.1779894461.js:85:16122) @ https://app.avest.fr/index.1779894461.js:90
[239383947ms] [ERROR] Failed to load resource: net::ERR_ADDRESS_UNREACHABLE @ https://api.avest.fr/v1/websites:0
[239383947ms] [ERROR] AxiosError: Network Error
    at w.onerror (https://app.avest.fr/index.1779894461.js:85:16122) @ https://app.avest.fr/index.1779894461.js:90
[239383948ms] [ERROR] Failed to load resource: net::ERR_ADDRESS_UNREACHABLE @ https://api.avest.fr/v1/sale/69e38dbc9ecc67b2d70cc31f/visits?agencyGroup=69709812c0b6ac9d7a35154f&sortOrder=descending&sortField=lastUpdatedAt:0
[239383949ms] [ERROR] Failed to load resource: net::ERR_ADDRESS_UNREACHABLE @ https://api.avest.fr/v1/sale/69e38dbc9ecc67b2d70cc31f:0
[239383949ms] [ERROR] AxiosError: Network Error
    at w.onerror (https://app.avest.fr/index.1779894461.js:85:16122) @ https://app.avest.fr/index.1779894461.js:90
[239383949ms] [ERROR] Failed to load resource: net::ERR_ADDRESS_UNREACHABLE @ https://api.avest.fr/v1/agencies?filter=%7B%22isActive%22:true%7D:0
[239383952ms] [ERROR] AxiosError: Network Error
    at w.onerror (https://app.avest.fr/index.1779894461.js:85:16122) @ https://app.avest.fr/index.1779894461.js:90
[239383952ms] [ERROR] Failed to load resource: net::ERR_ADDRESS_UNREACHABLE @ https://api.avest.fr/v1/website?agency=698cb2ce239dd6ab399bc522:0
[239383952ms] [ERROR] Failed to load resource: net::ERR_ADDRESS_UNREACHABLE @ https://api.avest.fr/v1/agency/698cb2ce239dd6ab399bc522:0
[240350928ms] [ERROR] Failed to load resource: net::ERR_INTERNET_DISCONNECTED @ https://app.avest.fr/r/flags/?v=2&ip=0&_=1780282420767&ver=1.372.10&compression=base64:0
[240357364ms] [ERROR] WebSocket connection to 'wss://nexus-websocket-a.intercom.io/pubsub/5-9K9xwJ2mWKIXdj1SsmALt8hNzbJ43l1S9XYFziPArFGEGYeEfVV_zQ_LYvWrSapZ6yeHqRI7plg5M2Y7Ebtob05In8uV3dBK20EA?X-Nexus-New-Client=true&X-Nexus-Version=0.18.8&user_role=user' failed: Error in connection establishment: net::ERR_CONNECTION_TIMED_OUT @ https://js.intercomcdn.com/vendor-modern.60bbf292.js:1
[242612345ms] [ERROR] Failed to load resource: net::ERR_INTERNET_DISCONNECTED @ https://app.avest.fr/r/flags/?v=2&ip=0&_=1780284682178&ver=1.372.10&compression=base64:0
[242912340ms] [ERROR] Failed to load resource: net::ERR_INTERNET_DISCONNECTED @ https://app.avest.fr/r/flags/?v=2&ip=0&_=1780284982176&ver=1.372.10&compression=base64:0
[243212336ms] [ERROR] Failed to load resource: net::ERR_INTERNET_DISCONNECTED @ https://app.avest.fr/r/flags/?v=2&ip=0&_=1780285282175&ver=1.372.10&compression=base64:0
[243512350ms] [ERROR] Failed to load resource: net::ERR_INTERNET_DISCONNECTED @ https://app.avest.fr/r/flags/?v=2&ip=0&_=1780285582178&ver=1.372.10&compression=base64:0
[244512190ms] [ERROR] Failed to load resource: net::ERR_NETWORK_CHANGED @ https://app.avest.fr/meta.json?cb=1780286581779:0
[244512190ms] [ERROR] TypeError: Failed to fetch
    at queryFn (https://app.avest.fr/index.1779894461.js:91:59883)
    at Object.r [as fn] (https://app.avest.fr/index.1779894461.js:10:49504)
    at _ (https://app.avest.fr/index.1779894461.js:10:43962) @ https://app.avest.fr/index.1779894461.js:90
[244512193ms] [ERROR] Failed to load resource: net::ERR_NETWORK_CHANGED @ https://api.avest.fr/v1/mailboxes:0
[244512194ms] [ERROR] Failed to load resource: net::ERR_NETWORK_CHANGED @ https://api.avest.fr/v1/websites:0
[244512194ms] [ERROR] Failed to load resource: net::ERR_NETWORK_CHANGED @ https://api.avest.fr/v1/website?agency=698cb2ce239dd6ab399bc522:0
[244512194ms] [ERROR] Failed to load resource: net::ERR_NETWORK_CHANGED @ https://api.avest.fr/v1/agencies?filter=%7B%22isActive%22:true%7D:0
[244512194ms] [ERROR] Failed to load resource: net::ERR_NETWORK_CHANGED @ https://api.avest.fr/v1/agency-groups:0
[244512195ms] [ERROR] Failed to load resource: net::ERR_NETWORK_CHANGED @ https://api.avest.fr/v1/transactions/search?filter=%7B%7D&agencyGroup=69709812c0b6ac9d7a35154f&search=&saleIds%5B%5D=69e38dbc9ecc67b2d70cc31f&acquisitionIds%5B%5D=6a17e6859bb91d1947b47c38&acquisitionIds%5B%5D=6a17f8c99362c996f6e9711e:0
[244512195ms] [ERROR] Failed to load resource: net::ERR_NETWORK_CHANGED @ https://api.avest.fr/v1/sale/69e38dbc9ecc67b2d70cc31f/visits?agencyGroup=69709812c0b6ac9d7a35154f&sortOrder=descending&sortField=lastUpdatedAt:0
[244512195ms] [ERROR] Failed to load resource: net::ERR_NETWORK_CHANGED @ https://api.avest.fr/v1/account:0
[244512195ms] [ERROR] Failed to load resource: net::ERR_NETWORK_CHANGED @ https://api.avest.fr/v1/sale/69e38dbc9ecc67b2d70cc31f/other-projects:0
[244512195ms] [ERROR] Failed to load resource: net::ERR_NETWORK_CHANGED @ https://api.avest.fr/v1/listings?filter=%7B%22transactionType%22:%22sale%22,%22transactionModel%22:%2269e38dbc9ecc67b2d70cc31f%22%7D&agencies=698cb2ce239dd6ab399bc522&group=69709812c0b6ac9d7a35154f:0
[244512196ms] [ERROR] Failed to load resource: net::ERR_NETWORK_CHANGED @ https://api.avest.fr/v1/listings?filter=%7B%22transactionType%22:%22sale%22,%22transactionModel%22:%2269e38dbc9ecc67b2d70cc31f%22%7D&group=69709812c0b6ac9d7a35154f:0
[244512196ms] [ERROR] Failed to load resource: net::ERR_NETWORK_CHANGED @ https://api.avest.fr/v1/sale-tags?agencies=698cb2ce239dd6ab399bc522:0
[244512196ms] [ERROR] Failed to load resource: net::ERR_NETWORK_CHANGED @ https://api.avest.fr/v1/rental-tags?agencies=698cb2ce239dd6ab399bc522:0
[244512196ms] [ERROR] Failed to load resource: net::ERR_NETWORK_CHANGED @ https://api.avest.fr/v1/acquisition-tags?agencies=698cb2ce239dd6ab399bc522:0
[244512196ms] [ERROR] Failed to load resource: net::ERR_NETWORK_CHANGED @ https://api.avest.fr/v1/my-notary/sales/69e38dbc9ecc67b2d70cc31f/operation:0
[244512197ms] [ERROR] Failed to load resource: net::ERR_NETWORK_CHANGED @ https://api.avest.fr/v1/suggestions/sale/69e38dbc9ecc67b2d70cc31f:0
[244512197ms] [ERROR] Failed to load resource: net::ERR_NETWORK_CHANGED @ https://api.avest.fr/v1/sale/69e38dbc9ecc67b2d70cc31f/activities?activityView=files:0
[244512198ms] [ERROR] Failed to load resource: net::ERR_NETWORK_CHANGED @ https://api.avest.fr/v1/sale/69e38dbc9ecc67b2d70cc31f/matching?steps=AQUL,ASRC:0
[244512199ms] [ERROR] Failed to load resource: net::ERR_NETWORK_CHANGED @ https://api.avest.fr/v1/users?agencies=698cb2ce239dd6ab399bc522:0
[244512200ms] [ERROR] Failed to load resource: net::ERR_NETWORK_CHANGED @ https://api.avest.fr/v1/transaction-activities?filter=%7B%22type%22:%22note%22,%22linkedDocument%22:%7B%22$in%22:%5B%2269e38dbc9ecc67b2d70cc31f%22,%2269e38dbb9ecc67b2d70cc13d%22%5D%7D%7D&sortField=completionDate&sortOrder=descending:0
[244512200ms] [ERROR] Failed to load resource: net::ERR_NETWORK_CHANGED @ https://api.avest.fr/v1/sale/69e38dbc9ecc67b2d70cc31f/activities?activityView=email:0
[244512200ms] [ERROR] Failed to load resource: net::ERR_NETWORK_CHANGED @ https://api.avest.fr/v1/visit-receipts?filter%5Bsale%5D=69e38dbc9ecc67b2d70cc31f:0
[244512200ms] [ERROR] Failed to load resource: net::ERR_NETWORK_CHANGED @ https://api.avest.fr/v1/sale/69e38dbc9ecc67b2d70cc31f/next-activities:0
[244512200ms] [ERROR] Failed to load resource: net::ERR_NETWORK_CHANGED @ https://api.avest.fr/v1/sale/69e38dbc9ecc67b2d70cc31f/activities?activityView=pinned:0
[244512201ms] [ERROR] Failed to load resource: net::ERR_NETWORK_CHANGED @ https://api.avest.fr/v1/sale/69e38dbc9ecc67b2d70cc31f/activities?activityView=activitySummary:0
[244512201ms] [ERROR] Failed to load resource: net::ERR_NETWORK_CHANGED @ https://api.avest.fr/v1/sale/69e38dbc9ecc67b2d70cc31f/drive-links:0
[244512202ms] [ERROR] Failed to load resource: net::ERR_NETWORK_CHANGED @ https://api.avest.fr/v1/user/698202ef3c7adb8c3df2520a?displayOnly=true:0
[244512202ms] [ERROR] Failed to load resource: net::ERR_NETWORK_CHANGED @ https://api.avest.fr/v1/emailing-templates?agencies=698cb2ce239dd6ab399bc522:0
[244512202ms] [ERROR] Failed to load resource: net::ERR_NETWORK_CHANGED @ https://api.avest.fr/v1/sms-templates?agencies=698cb2ce239dd6ab399bc522:0
[244512202ms] [ERROR] Failed to load resource: net::ERR_NETWORK_CHANGED @ https://api.avest.fr/v1/agency/698cb2ce239dd6ab399bc522:0
[244512203ms] [ERROR] Failed to load resource: net::ERR_NETWORK_CHANGED @ https://api.avest.fr/v1/sale/69e38dbc9ecc67b2d70cc31f:0
[244512203ms] [ERROR] Failed to load resource: net::ERR_NETWORK_CHANGED @ https://api.avest.fr/v1/acquisition/6a194a0efb64dc9164f65c7f:0
[244512203ms] [ERROR] Failed to load resource: net::ERR_NETWORK_CHANGED @ https://api.avest.fr/v1/acquisition/6a189bd045b0d7114da90f46:0
[244512203ms] [ERROR] Failed to load resource: net::ERR_NETWORK_CHANGED @ https://api.avest.fr/v1/acquisition/6a17177d02c59a6acc1a14be:0
[244512203ms] [ERROR] Failed to load resource: net::ERR_NETWORK_CHANGED @ https://api.avest.fr/v1/acquisition/6a17f8c99362c996f6e9711e:0
[244512203ms] [ERROR] Failed to load resource: net::ERR_NETWORK_CHANGED @ https://api.avest.fr/v1/acquisition/6a17e6859bb91d1947b47c38:0
[244512203ms] [ERROR] Failed to load resource: net::ERR_NETWORK_CHANGED @ https://api.avest.fr/v1/acquisition/6a15a724feb2964bcd0731d7:0
[244512204ms] [ERROR] Failed to load resource: net::ERR_NETWORK_CHANGED @ https://api.avest.fr/v1/acquisition/6a1687d9c92b2155901cd6f1:0
[244512204ms] [ERROR] Failed to load resource: net::ERR_NETWORK_CHANGED @ https://api.avest.fr/v1/acquisition/6a16f6645731866124a8ca5f:0
[244512204ms] [ERROR] Failed to load resource: net::ERR_NETWORK_CHANGED @ https://api.avest.fr/v1/acquisition/6a17255f411229cd9e8ba2d0:0
[244512204ms] [ERROR] Failed to load resource: net::ERR_NETWORK_CHANGED @ https://api.avest.fr/v1/acquisition/6a16cb4c4754df734712eeb7:0
[244512204ms] [ERROR] Failed to load resource: net::ERR_NETWORK_CHANGED @ https://api.avest.fr/v1/acquisition/6a1573a292eae0c2aad4c65b:0
[244512204ms] [ERROR] Failed to load resource: net::ERR_NETWORK_CHANGED @ https://api.avest.fr/v1/acquisition/6a1589d7feb2964bcd5f6580:0
[244512205ms] [ERROR] Failed to load resource: net::ERR_NETWORK_CHANGED @ https://api.avest.fr/v1/acquisition/6a1c5d9630db0698f3aba428:0
[244512205ms] [ERROR] Failed to load resource: net::ERR_NETWORK_CHANGED @ https://api.avest.fr/v1/acquisition/6a197b9e7ce7f89a977ad34c:0
[244512263ms] [ERROR] Failed to load resource: net::ERR_ADDRESS_UNREACHABLE @ https://api.avest.fr/v1/mailboxes:0
[244512263ms] [ERROR] Failed to load resource: net::ERR_ADDRESS_UNREACHABLE @ https://api.avest.fr/v1/websites:0
[244512263ms] [ERROR] AxiosError: Network Error
    at w.onerror (https://app.avest.fr/index.1779894461.js:85:16122) @ https://app.avest.fr/index.1779894461.js:90
[244512263ms] [ERROR] Failed to load resource: net::ERR_ADDRESS_UNREACHABLE @ https://api.avest.fr/v1/agency-groups:0
[244512263ms] [ERROR] Failed to load resource: net::ERR_ADDRESS_UNREACHABLE @ https://api.avest.fr/v1/agencies?filter=%7B%22isActive%22:true%7D:0
[244512263ms] [ERROR] Failed to load resource: net::ERR_ADDRESS_UNREACHABLE @ https://api.avest.fr/v1/sale/69e38dbc9ecc67b2d70cc31f/visits?agencyGroup=69709812c0b6ac9d7a35154f&sortOrder=descending&sortField=lastUpdatedAt:0
[244512263ms] [ERROR] Failed to load resource: net::ERR_ADDRESS_UNREACHABLE @ https://api.avest.fr/v1/website?agency=698cb2ce239dd6ab399bc522:0
[244512263ms] [ERROR] Failed to load resource: net::ERR_ADDRESS_UNREACHABLE @ https://api.avest.fr/v1/transactions/search?filter=%7B%7D&agencyGroup=69709812c0b6ac9d7a35154f&search=&saleIds%5B%5D=69e38dbc9ecc67b2d70cc31f&acquisitionIds%5B%5D=6a17e6859bb91d1947b47c38&acquisitionIds%5B%5D=6a17f8c99362c996f6e9711e:0
[244512264ms] [ERROR] Failed to load resource: net::ERR_ADDRESS_UNREACHABLE @ https://api.avest.fr/v1/listings?filter=%7B%22transactionType%22:%22sale%22,%22transactionModel%22:%2269e38dbc9ecc67b2d70cc31f%22%7D&group=69709812c0b6ac9d7a35154f:0
[244512264ms] [ERROR] Failed to load resource: net::ERR_ADDRESS_UNREACHABLE @ https://api.avest.fr/v1/rental-tags?agencies=698cb2ce239dd6ab399bc522:0
[244512264ms] [ERROR] Failed to load resource: net::ERR_ADDRESS_UNREACHABLE @ https://api.avest.fr/v1/listings?filter=%7B%22transactionType%22:%22sale%22,%22transactionModel%22:%2269e38dbc9ecc67b2d70cc31f%22%7D&agencies=698cb2ce239dd6ab399bc522&group=69709812c0b6ac9d7a35154f:0
[244512264ms] [ERROR] Failed to load resource: net::ERR_ADDRESS_UNREACHABLE @ https://api.avest.fr/v1/sale/69e38dbc9ecc67b2d70cc31f/other-projects:0
[244512264ms] [ERROR] Failed to load resource: net::ERR_ADDRESS_UNREACHABLE @ https://api.avest.fr/v1/sale-tags?agencies=698cb2ce239dd6ab399bc522:0
[244512264ms] [ERROR] Failed to load resource: net::ERR_ADDRESS_UNREACHABLE @ https://api.avest.fr/v1/account:0
[244512264ms] [ERROR] Failed to load resource: net::ERR_ADDRESS_UNREACHABLE @ https://api.avest.fr/v1/acquisition/6a197b9e7ce7f89a977ad34c:0
[244512264ms] [ERROR] Failed to load resource: net::ERR_ADDRESS_UNREACHABLE @ https://api.avest.fr/v1/acquisition/6a1c5d9630db0698f3aba428:0
[244512264ms] [ERROR] Failed to load resource: net::ERR_ADDRESS_UNREACHABLE @ https://api.avest.fr/v1/acquisition/6a1589d7feb2964bcd5f6580:0
[244512266ms] [ERROR] Failed to load resource: net::ERR_ADDRESS_UNREACHABLE @ https://api.avest.fr/v1/acquisition/6a1573a292eae0c2aad4c65b:0
[244512267ms] [ERROR] Failed to load resource: net::ERR_ADDRESS_UNREACHABLE @ https://api.avest.fr/v1/sale/69e38dbc9ecc67b2d70cc31f:0
[244512267ms] [ERROR] Failed to load resource: net::ERR_ADDRESS_UNREACHABLE @ https://api.avest.fr/v1/agency/698cb2ce239dd6ab399bc522:0
[244512270ms] [ERROR] Failed to load resource: net::ERR_ADDRESS_UNREACHABLE @ https://api.avest.fr/v1/acquisition/6a189bd045b0d7114da90f46:0
[244512270ms] [ERROR] Failed to load resource: net::ERR_ADDRESS_UNREACHABLE @ https://api.avest.fr/v1/sms-templates?agencies=698cb2ce239dd6ab399bc522:0
[244512271ms] [ERROR] Failed to load resource: net::ERR_ADDRESS_UNREACHABLE @ https://api.avest.fr/v1/emailing-templates?agencies=698cb2ce239dd6ab399bc522:0
[244512271ms] [ERROR] Failed to load resource: net::ERR_ADDRESS_UNREACHABLE @ https://api.avest.fr/v1/acquisition/6a194a0efb64dc9164f65c7f:0
[244512271ms] [ERROR] AxiosError: Network Error
    at w.onerror (https://app.avest.fr/index.1779894461.js:85:16122) @ https://app.avest.fr/index.1779894461.js:90
[244512271ms] [ERROR] Failed to load resource: net::ERR_ADDRESS_UNREACHABLE @ https://api.avest.fr/v1/user/698202ef3c7adb8c3df2520a?displayOnly=true:0
[244512274ms] [ERROR] Failed to load resource: net::ERR_ADDRESS_UNREACHABLE @ https://api.avest.fr/v1/acquisition/6a1687d9c92b2155901cd6f1:0
[244512275ms] [ERROR] Failed to load resource: net::ERR_ADDRESS_UNREACHABLE @ https://api.avest.fr/v1/acquisition/6a16cb4c4754df734712eeb7:0
[244512275ms] [ERROR] Failed to load resource: net::ERR_ADDRESS_UNREACHABLE @ https://api.avest.fr/v1/acquisition/6a15a724feb2964bcd0731d7:0
[244512275ms] [ERROR] Failed to load resource: net::ERR_ADDRESS_UNREACHABLE @ https://api.avest.fr/v1/acquisition/6a17255f411229cd9e8ba2d0:0
[244512275ms] [ERROR] Failed to load resource: net::ERR_ADDRESS_UNREACHABLE @ https://api.avest.fr/v1/acquisition/6a17e6859bb91d1947b47c38:0
[244512275ms] [ERROR] Failed to load resource: net::ERR_ADDRESS_UNREACHABLE @ https://api.avest.fr/v1/acquisition/6a17f8c99362c996f6e9711e:0
[244512275ms] [ERROR] Failed to load resource: net::ERR_ADDRESS_UNREACHABLE @ https://api.avest.fr/v1/acquisition/6a16f6645731866124a8ca5f:0
[244512275ms] [ERROR] Failed to load resource: net::ERR_ADDRESS_UNREACHABLE @ https://api.avest.fr/v1/acquisition/6a17177d02c59a6acc1a14be:0
[244512276ms] [ERROR] Failed to load resource: net::ERR_ADDRESS_UNREACHABLE @ https://api.avest.fr/v1/suggestions/sale/69e38dbc9ecc67b2d70cc31f:0
[244512276ms] [ERROR] Failed to load resource: net::ERR_ADDRESS_UNREACHABLE @ https://api.avest.fr/v1/users?agencies=698cb2ce239dd6ab399bc522:0
[244512276ms] [ERROR] Failed to load resource: net::ERR_ADDRESS_UNREACHABLE @ https://api.avest.fr/v1/my-notary/sales/69e38dbc9ecc67b2d70cc31f/operation:0
[244512276ms] [ERROR] Failed to load resource: net::ERR_ADDRESS_UNREACHABLE @ https://api.avest.fr/v1/sale/69e38dbc9ecc67b2d70cc31f/activities?activityView=files:0
[244512276ms] [ERROR] Failed to load resource: net::ERR_ADDRESS_UNREACHABLE @ https://api.avest.fr/v1/acquisition-tags?agencies=698cb2ce239dd6ab399bc522:0
[244512276ms] [ERROR] There is an error fetching the matching transactions AxiosError: Network Error
    at w.onerror (https://app.avest.fr/index.1779894461.js:85:16122)
    at tu.request (https://app.avest.fr/index.1779894461.js:87:2231)
    at async tu.request (https://app.avest.fr/index.1779894461.js:87:2135)
    at async queryFn (https://app.avest.fr/utils.17798944617.js:1:1167) @ https://app.avest.fr/utils.17798944617.js:0
[244512276ms] [ERROR] Failed to load resource: net::ERR_ADDRESS_UNREACHABLE @ https://api.avest.fr/v1/sale/69e38dbc9ecc67b2d70cc31f/matching?steps=AQUL,ASRC:0
[244512276ms] [ERROR] Failed to load resource: net::ERR_ADDRESS_UNREACHABLE @ https://api.avest.fr/v1/transaction-activities?filter=%7B%22type%22:%22note%22,%22linkedDocument%22:%7B%22$in%22:%5B%2269e38dbc9ecc67b2d70cc31f%22,%2269e38dbb9ecc67b2d70cc13d%22%5D%7D%7D&sortField=completionDate&sortOrder=descending:0
[244512277ms] [ERROR] Failed to load resource: net::ERR_ADDRESS_UNREACHABLE @ https://api.avest.fr/v1/sale/69e38dbc9ecc67b2d70cc31f/activities?activityView=email:0
[244512277ms] [ERROR] Failed to load resource: net::ERR_ADDRESS_UNREACHABLE @ https://api.avest.fr/v1/visit-receipts?filter%5Bsale%5D=69e38dbc9ecc67b2d70cc31f:0
[244512277ms] [ERROR] Failed to load resource: net::ERR_ADDRESS_UNREACHABLE @ https://api.avest.fr/v1/sale/69e38dbc9ecc67b2d70cc31f/next-activities:0
[244512277ms] [ERROR] Failed to load resource: net::ERR_ADDRESS_UNREACHABLE @ https://api.avest.fr/v1/sale/69e38dbc9ecc67b2d70cc31f/activities?activityView=pinned:0
[244512277ms] [ERROR] Failed to load resource: net::ERR_ADDRESS_UNREACHABLE @ https://api.avest.fr/v1/sale/69e38dbc9ecc67b2d70cc31f/activities?activityView=activitySummary:0
[244512277ms] [ERROR] Failed to load resource: net::ERR_ADDRESS_UNREACHABLE @ https://api.avest.fr/v1/sale/69e38dbc9ecc67b2d70cc31f/drive-links:0
[245400753ms] [ERROR] WebSocket connection to 'wss://nexus-websocket-a.intercom.io/pubsub/5-9K9xwJ2mWKIXdj1SsmALt8hNzbJ43l1S9XYFziPArFGEGYeEfVV_zQ_LYvWrSapZ6yeHqRI7plg5M2Y7Ebtob05In8uV3dBK20EA?X-Nexus-New-Client=true&X-Nexus-Version=0.18.8&user_role=user' failed: Error in connection establishment: net::ERR_CONNECTION_TIMED_OUT @ https://js.intercomcdn.com/vendor-modern.60bbf292.js:1
[245554551ms] [ERROR] Failed to load resource: net::ERR_INTERNET_DISCONNECTED @ https://app.avest.fr/r/flags/?v=2&ip=0&_=1780287624387&ver=1.372.10&compression=base64:0
[245854551ms] [ERROR] Failed to load resource: net::ERR_INTERNET_DISCONNECTED @ https://app.avest.fr/r/flags/?v=2&ip=0&_=1780287924385&ver=1.372.10&compression=base64:0
[246154542ms] [ERROR] Failed to load resource: net::ERR_INTERNET_DISCONNECTED @ https://app.avest.fr/r/flags/?v=2&ip=0&_=1780288224383&ver=1.372.10&compression=base64:0
[246454551ms] [ERROR] Failed to load resource: net::ERR_INTERNET_DISCONNECTED @ https://app.avest.fr/r/flags/?v=2&ip=0&_=1780288524387&ver=1.372.10&compression=base64:0
[249106496ms] [ERROR] Failed to load resource: net::ERR_INTERNET_DISCONNECTED @ https://app.avest.fr/r/flags/?v=2&ip=0&_=1780291176330&ver=1.372.10&compression=base64:0
[251220831ms] [ERROR] WebSocket connection to 'wss://nexus-websocket-a.intercom.io/pubsub/5-9K9xwJ2mWKIXdj1SsmALt8hNzbJ43l1S9XYFziPArFGEGYeEfVV_zQ_LYvWrSapZ6yeHqRI7plg5M2Y7Ebtob05In8uV3dBK20EA?X-Nexus-New-Client=true&X-Nexus-Version=0.18.8&user_role=user' failed: Error in connection establishment: net::ERR_ADDRESS_UNREACHABLE @ https://js.intercomcdn.com/vendor-modern.60bbf292.js:1
[251220882ms] [ERROR] Failed to load resource: net::ERR_ADDRESS_UNREACHABLE @ https://api.avest.fr/v1/agency-groups:0
[251220883ms] [ERROR] Failed to load resource: net::ERR_ADDRESS_UNREACHABLE @ https://app.avest.fr/meta.json?cb=1780293290599:0
[251220883ms] [ERROR] TypeError: Failed to fetch
    at queryFn (https://app.avest.fr/index.1779894461.js:91:59883)
    at Object.r [as fn] (https://app.avest.fr/index.1779894461.js:10:49504)
    at _ (https://app.avest.fr/index.1779894461.js:10:43962) @ https://app.avest.fr/index.1779894461.js:90
[251220886ms] [ERROR] Failed to load resource: net::ERR_ADDRESS_UNREACHABLE @ https://api.avest.fr/v1/my-notary/sales/69e38dbc9ecc67b2d70cc31f/operation:0
[251220894ms] [ERROR] Failed to load resource: net::ERR_ADDRESS_UNREACHABLE @ https://api.avest.fr/v1/user/698202ef3c7adb8c3df2520a?displayOnly=true:0
[251220894ms] [ERROR] Failed to load resource: net::ERR_ADDRESS_UNREACHABLE @ https://api.avest.fr/v1/mailboxes:0
[251220895ms] [ERROR] Failed to load resource: net::ERR_ADDRESS_UNREACHABLE @ https://api.avest.fr/v1/websites:0
[251220896ms] [ERROR] Failed to load resource: net::ERR_ADDRESS_UNREACHABLE @ https://api.avest.fr/v1/agency/698cb2ce239dd6ab399bc522:0
[251220896ms] [ERROR] Failed to load resource: net::ERR_ADDRESS_UNREACHABLE @ https://api.avest.fr/v1/website?agency=698cb2ce239dd6ab399bc522:0
[251220897ms] [ERROR] Failed to load resource: net::ERR_ADDRESS_UNREACHABLE @ https://api.avest.fr/v1/agencies?filter=%7B%22isActive%22:true%7D:0
[251220901ms] [ERROR] Failed to load resource: net::ERR_ADDRESS_UNREACHABLE @ https://api.avest.fr/v1/transactions/search?filter=%7B%7D&agencyGroup=69709812c0b6ac9d7a35154f&search=&saleIds%5B%5D=69e38dbc9ecc67b2d70cc31f&acquisitionIds%5B%5D=6a17e6859bb91d1947b47c38&acquisitionIds%5B%5D=6a17f8c99362c996f6e9711e:0
[251220902ms] [ERROR] Failed to load resource: net::ERR_ADDRESS_UNREACHABLE @ https://api.avest.fr/v1/sale/69e38dbc9ecc67b2d70cc31f:0
[251220902ms] [ERROR] Failed to load resource: net::ERR_ADDRESS_UNREACHABLE @ https://api.avest.fr/v1/sale/69e38dbc9ecc67b2d70cc31f/visits?agencyGroup=69709812c0b6ac9d7a35154f&sortOrder=descending&sortField=lastUpdatedAt:0
[251220905ms] [ERROR] Failed to load resource: net::ERR_ADDRESS_UNREACHABLE @ https://api.avest.fr/v1/acquisition/6a194a0efb64dc9164f65c7f:0
[251220905ms] [ERROR] Failed to load resource: net::ERR_ADDRESS_UNREACHABLE @ https://api.avest.fr/v1/account:0
[251220905ms] [ERROR] Failed to load resource: net::ERR_ADDRESS_UNREACHABLE @ https://api.avest.fr/v1/sale/69e38dbc9ecc67b2d70cc31f/other-projects:0
[251220907ms] [ERROR] Failed to load resource: net::ERR_ADDRESS_UNREACHABLE @ https://api.avest.fr/v1/listings?filter=%7B%22transactionType%22:%22sale%22,%22transactionModel%22:%2269e38dbc9ecc67b2d70cc31f%22%7D&agencies=698cb2ce239dd6ab399bc522&group=69709812c0b6ac9d7a35154f:0
[251220909ms] [ERROR] Failed to load resource: net::ERR_ADDRESS_UNREACHABLE @ https://api.avest.fr/v1/listings?filter=%7B%22transactionType%22:%22sale%22,%22transactionModel%22:%2269e38dbc9ecc67b2d70cc31f%22%7D&group=69709812c0b6ac9d7a35154f:0
[251220947ms] [ERROR] Failed to load resource: net::ERR_ADDRESS_UNREACHABLE @ https://api.avest.fr/v1/sale-tags?agencies=698cb2ce239dd6ab399bc522:0
[251220948ms] [ERROR] Failed to load resource: net::ERR_ADDRESS_UNREACHABLE @ https://api.avest.fr/v1/rental-tags?agencies=698cb2ce239dd6ab399bc522:0
[251220956ms] [ERROR] Failed to load resource: net::ERR_ADDRESS_UNREACHABLE @ https://api.avest.fr/v1/acquisition-tags?agencies=698cb2ce239dd6ab399bc522:0
[251220964ms] [ERROR] Failed to load resource: net::ERR_ADDRESS_UNREACHABLE @ https://api.avest.fr/v1/suggestions/sale/69e38dbc9ecc67b2d70cc31f:0
[251220967ms] [ERROR] Failed to load resource: net::ERR_ADDRESS_UNREACHABLE @ https://api.avest.fr/v1/sale/69e38dbc9ecc67b2d70cc31f/activities?activityView=files:0
[251220968ms] [ERROR] Failed to load resource: net::ERR_ADDRESS_UNREACHABLE @ https://api.avest.fr/v1/sale/69e38dbc9ecc67b2d70cc31f/matching?steps=AQUL,ASRC:0
[251220978ms] [ERROR] Failed to load resource: net::ERR_ADDRESS_UNREACHABLE @ https://api.avest.fr/v1/users?agencies=698cb2ce239dd6ab399bc522:0
[251220981ms] [ERROR] Failed to load resource: net::ERR_ADDRESS_UNREACHABLE @ https://api.avest.fr/v1/acquisition/6a189bd045b0d7114da90f46:0
[251220983ms] [ERROR] Failed to load resource: net::ERR_ADDRESS_UNREACHABLE @ https://api.avest.fr/v1/acquisition/6a17177d02c59a6acc1a14be:0
[251220993ms] [ERROR] Failed to load resource: net::ERR_ADDRESS_UNREACHABLE @ https://api.avest.fr/v1/acquisition/6a17f8c99362c996f6e9711e:0
[251220994ms] [ERROR] Failed to load resource: net::ERR_ADDRESS_UNREACHABLE @ https://api.avest.fr/v1/acquisition/6a17e6859bb91d1947b47c38:0
[251220995ms] [ERROR] Failed to load resource: net::ERR_INTERNET_DISCONNECTED @ https://api.avest.fr/v1/acquisition/6a15a724feb2964bcd0731d7:0
[251221007ms] [ERROR] Failed to load resource: net::ERR_INTERNET_DISCONNECTED @ https://api.avest.fr/v1/acquisition/6a16cb4c4754df734712eeb7:0
[251221008ms] [ERROR] Failed to load resource: net::ERR_INTERNET_DISCONNECTED @ https://api.avest.fr/v1/acquisition/6a17255f411229cd9e8ba2d0:0
[251221009ms] [ERROR] Failed to load resource: net::ERR_INTERNET_DISCONNECTED @ https://api.avest.fr/v1/acquisition/6a1589d7feb2964bcd5f6580:0
[251221015ms] [ERROR] Failed to load resource: net::ERR_INTERNET_DISCONNECTED @ https://api.avest.fr/v1/acquisition/6a16f6645731866124a8ca5f:0
[251221016ms] [ERROR] Failed to load resource: net::ERR_INTERNET_DISCONNECTED @ https://api.avest.fr/v1/acquisition/6a1573a292eae0c2aad4c65b:0
[251221016ms] [ERROR] Failed to load resource: net::ERR_INTERNET_DISCONNECTED @ https://api.avest.fr/v1/acquisition/6a1687d9c92b2155901cd6f1:0
[251221020ms] [ERROR] Failed to load resource: net::ERR_INTERNET_DISCONNECTED @ https://api.avest.fr/v1/transaction-activities?filter=%7B%22type%22:%22note%22,%22linkedDocument%22:%7B%22$in%22:%5B%2269e38dbc9ecc67b2d70cc31f%22,%2269e38dbb9ecc67b2d70cc13d%22%5D%7D%7D&sortField=completionDate&sortOrder=descending:0
[251221020ms] [ERROR] Failed to load resource: net::ERR_INTERNET_DISCONNECTED @ https://api.avest.fr/v1/sale/69e38dbc9ecc67b2d70cc31f/activities?activityView=email:0
[251221021ms] [ERROR] Failed to load resource: net::ERR_INTERNET_DISCONNECTED @ https://api.avest.fr/v1/visit-receipts?filter%5Bsale%5D=69e38dbc9ecc67b2d70cc31f:0
[251221192ms] [ERROR] Failed to load resource: net::ERR_INTERNET_DISCONNECTED @ https://api.avest.fr/v1/websites:0
[251221203ms] [ERROR] AxiosError: Network Error
    at w.onerror (https://app.avest.fr/index.1779894461.js:85:16122) @ https://app.avest.fr/index.1779894461.js:90
[251221203ms] [ERROR] Failed to load resource: net::ERR_INTERNET_DISCONNECTED @ https://api.avest.fr/v1/agency/698cb2ce239dd6ab399bc522:0
[251221204ms] [ERROR] Failed to load resource: net::ERR_INTERNET_DISCONNECTED @ https://api.avest.fr/v1/sms-templates?agencies=698cb2ce239dd6ab399bc522:0
[251221204ms] [ERROR] AxiosError: Network Error
    at w.onerror (https://app.avest.fr/index.1779894461.js:85:16122) @ https://app.avest.fr/index.1779894461.js:90
[251221204ms] [ERROR] Failed to load resource: net::ERR_INTERNET_DISCONNECTED @ https://api.avest.fr/v1/agency-groups:0
[251221204ms] [ERROR] Failed to load resource: net::ERR_INTERNET_DISCONNECTED @ https://api.avest.fr/v1/my-notary/sales/69e38dbc9ecc67b2d70cc31f/operation:0
[251221204ms] [ERROR] AxiosError: Network Error
    at w.onerror (https://app.avest.fr/index.1779894461.js:85:16122) @ https://app.avest.fr/index.1779894461.js:90
[251221204ms] [ERROR] Failed to load resource: net::ERR_INTERNET_DISCONNECTED @ https://api.avest.fr/v1/user/698202ef3c7adb8c3df2520a?displayOnly=true:0
[251221256ms] [ERROR] Failed to load resource: net::ERR_INTERNET_DISCONNECTED @ https://api.avest.fr/v1/mailboxes:0
[251221256ms] [ERROR] Failed to load resource: net::ERR_INTERNET_DISCONNECTED @ https://api.avest.fr/v1/website?agency=698cb2ce239dd6ab399bc522:0
[251221256ms] [ERROR] Failed to load resource: net::ERR_INTERNET_DISCONNECTED @ https://api.avest.fr/v1/agencies?filter=%7B%22isActive%22:true%7D:0
[251221266ms] [ERROR] Failed to load resource: net::ERR_INTERNET_DISCONNECTED @ https://api.avest.fr/v1/transactions/search?filter=%7B%7D&agencyGroup=69709812c0b6ac9d7a35154f&search=&saleIds%5B%5D=69e38dbc9ecc67b2d70cc31f&acquisitionIds%5B%5D=6a17e6859bb91d1947b47c38&acquisitionIds%5B%5D=6a17f8c99362c996f6e9711e:0
[251221267ms] [ERROR] AxiosError: Network Error
    at w.onerror (https://app.avest.fr/index.1779894461.js:85:16122) @ https://app.avest.fr/index.1779894461.js:90
[251221267ms] [ERROR] Failed to load resource: net::ERR_INTERNET_DISCONNECTED @ https://api.avest.fr/v1/sale/69e38dbc9ecc67b2d70cc31f:0
[251221267ms] [ERROR] Failed to load resource: net::ERR_INTERNET_DISCONNECTED @ https://api.avest.fr/v1/sale/69e38dbc9ecc67b2d70cc31f/visits?agencyGroup=69709812c0b6ac9d7a35154f&sortOrder=descending&sortField=lastUpdatedAt:0
[251221270ms] [ERROR] AxiosError: Network Error
    at w.onerror (https://app.avest.fr/index.1779894461.js:85:16122) @ https://app.avest.fr/index.1779894461.js:90
[251221271ms] [ERROR] Failed to load resource: net::ERR_INTERNET_DISCONNECTED @ https://api.avest.fr/v1/acquisition/6a194a0efb64dc9164f65c7f:0
[251221271ms] [ERROR] Failed to load resource: net::ERR_INTERNET_DISCONNECTED @ https://api.avest.fr/v1/account:0
[251221271ms] [ERROR] Failed to load resource: net::ERR_INTERNET_DISCONNECTED @ https://api.avest.fr/v1/sale/69e38dbc9ecc67b2d70cc31f/other-projects:0
[251221271ms] [ERROR] Failed to load resource: net::ERR_INTERNET_DISCONNECTED @ https://api.avest.fr/v1/listings?filter=%7B%22transactionType%22:%22sale%22,%22transactionModel%22:%2269e38dbc9ecc67b2d70cc31f%22%7D&agencies=698cb2ce239dd6ab399bc522&group=69709812c0b6ac9d7a35154f:0
[251221271ms] [ERROR] Failed to load resource: net::ERR_INTERNET_DISCONNECTED @ https://api.avest.fr/v1/listings?filter=%7B%22transactionType%22:%22sale%22,%22transactionModel%22:%2269e38dbc9ecc67b2d70cc31f%22%7D&group=69709812c0b6ac9d7a35154f:0
[251221271ms] [ERROR] Failed to load resource: net::ERR_INTERNET_DISCONNECTED @ https://api.avest.fr/v1/sale-tags?agencies=698cb2ce239dd6ab399bc522:0
[251221368ms] [ERROR] AxiosError: Network Error
    at w.onerror (https://app.avest.fr/index.1779894461.js:85:16122) @ https://app.avest.fr/index.1779894461.js:90
[251221368ms] [ERROR] Failed to load resource: net::ERR_INTERNET_DISCONNECTED @ https://api.avest.fr/v1/rental-tags?agencies=698cb2ce239dd6ab399bc522:0
[251221368ms] [ERROR] AxiosError: Network Error
    at w.onerror (https://app.avest.fr/index.1779894461.js:85:16122) @ https://app.avest.fr/index.1779894461.js:90
[251221368ms] [ERROR] Failed to load resource: net::ERR_INTERNET_DISCONNECTED @ https://api.avest.fr/v1/acquisition-tags?agencies=698cb2ce239dd6ab399bc522:0
[251221368ms] [ERROR] Failed to load resource: net::ERR_INTERNET_DISCONNECTED @ https://api.avest.fr/v1/sale/69e38dbc9ecc67b2d70cc31f/activities?activityView=activitySummary:0
[251221370ms] [ERROR] Failed to load resource: net::ERR_INTERNET_DISCONNECTED @ https://api.avest.fr/v1/acquisition/6a197b9e7ce7f89a977ad34c:0
[251221370ms] [ERROR] Failed to load resource: net::ERR_INTERNET_DISCONNECTED @ https://api.avest.fr/v1/sale/69e38dbc9ecc67b2d70cc31f/activities?activityView=pinned:0
[251221371ms] [ERROR] Failed to load resource: net::ERR_INTERNET_DISCONNECTED @ https://api.avest.fr/v1/acquisition/6a1c5d9630db0698f3aba428:0
[251221372ms] [ERROR] Failed to load resource: net::ERR_INTERNET_DISCONNECTED @ https://api.avest.fr/v1/emailing-templates?agencies=698cb2ce239dd6ab399bc522:0
[251221372ms] [ERROR] Failed to load resource: net::ERR_INTERNET_DISCONNECTED @ https://api.avest.fr/v1/sale/69e38dbc9ecc67b2d70cc31f/next-activities:0
[251221373ms] [ERROR] Failed to load resource: net::ERR_INTERNET_DISCONNECTED @ https://api.avest.fr/v1/sale/69e38dbc9ecc67b2d70cc31f/drive-links:0
[251221373ms] [ERROR] AxiosError: Network Error
    at w.onerror (https://app.avest.fr/index.1779894461.js:85:16122) @ https://app.avest.fr/index.1779894461.js:90
[251221373ms] [ERROR] Failed to load resource: net::ERR_INTERNET_DISCONNECTED @ https://api.avest.fr/v1/suggestions/sale/69e38dbc9ecc67b2d70cc31f:0
[251221373ms] [ERROR] AxiosError: Network Error
    at w.onerror (https://app.avest.fr/index.1779894461.js:85:16122) @ https://app.avest.fr/index.1779894461.js:90
[251221373ms] [ERROR] Failed to load resource: net::ERR_INTERNET_DISCONNECTED @ https://api.avest.fr/v1/sale/69e38dbc9ecc67b2d70cc31f/activities?activityView=files:0
[251221373ms] [ERROR] There is an error fetching the matching transactions AxiosError: Network Error
    at w.onerror (https://app.avest.fr/index.1779894461.js:85:16122)
    at tu.request (https://app.avest.fr/index.1779894461.js:87:2231)
    at async tu.request (https://app.avest.fr/index.1779894461.js:87:2135)
    at async queryFn (https://app.avest.fr/utils.17798944617.js:1:1167) @ https://app.avest.fr/utils.17798944617.js:0
[251221373ms] [ERROR] AxiosError: Network Error
    at w.onerror (https://app.avest.fr/index.1779894461.js:85:16122)
    at tu.request (https://app.avest.fr/index.1779894461.js:87:2231)
    at async tu.request (https://app.avest.fr/index.1779894461.js:87:2135)
    at async queryFn (https://app.avest.fr/utils.17798944617.js:1:1167) @ https://app.avest.fr/index.1779894461.js:90
[251221374ms] [ERROR] Failed to load resource: net::ERR_INTERNET_DISCONNECTED @ https://api.avest.fr/v1/sale/69e38dbc9ecc67b2d70cc31f/matching?steps=AQUL,ASRC:0
[251221374ms] [ERROR] AxiosError: Network Error
    at w.onerror (https://app.avest.fr/index.1779894461.js:85:16122) @ https://app.avest.fr/index.1779894461.js:90
[251221374ms] [ERROR] Failed to load resource: net::ERR_INTERNET_DISCONNECTED @ https://api.avest.fr/v1/users?agencies=698cb2ce239dd6ab399bc522:0
[251221375ms] [ERROR] AxiosError: Network Error
    at w.onerror (https://app.avest.fr/index.1779894461.js:85:16122) @ https://app.avest.fr/index.1779894461.js:90
[251221375ms] [ERROR] Failed to load resource: net::ERR_INTERNET_DISCONNECTED @ https://api.avest.fr/v1/acquisition/6a189bd045b0d7114da90f46:0
[251221375ms] [ERROR] AxiosError: Network Error
    at w.onerror (https://app.avest.fr/index.1779894461.js:85:16122) @ https://app.avest.fr/index.1779894461.js:90
[251221375ms] [ERROR] Failed to load resource: net::ERR_INTERNET_DISCONNECTED @ https://api.avest.fr/v1/acquisition/6a17177d02c59a6acc1a14be:0
[251221375ms] [ERROR] AxiosError: Network Error
    at w.onerror (https://app.avest.fr/index.1779894461.js:85:16122) @ https://app.avest.fr/index.1779894461.js:90
[251221375ms] [ERROR] Failed to load resource: net::ERR_INTERNET_DISCONNECTED @ https://api.avest.fr/v1/acquisition/6a17f8c99362c996f6e9711e:0
[251221375ms] [ERROR] AxiosError: Network Error
    at w.onerror (https://app.avest.fr/index.1779894461.js:85:16122) @ https://app.avest.fr/index.1779894461.js:90
[251221375ms] [ERROR] Failed to load resource: net::ERR_INTERNET_DISCONNECTED @ https://api.avest.fr/v1/acquisition/6a17e6859bb91d1947b47c38:0
[251221375ms] [ERROR] AxiosError: Network Error
    at w.onerror (https://app.avest.fr/index.1779894461.js:85:16122) @ https://app.avest.fr/index.1779894461.js:90
[251221375ms] [ERROR] Failed to load resource: net::ERR_INTERNET_DISCONNECTED @ https://api.avest.fr/v1/acquisition/6a15a724feb2964bcd0731d7:0
[251221375ms] [ERROR] AxiosError: Network Error
    at w.onerror (https://app.avest.fr/index.1779894461.js:85:16122) @ https://app.avest.fr/index.1779894461.js:90
[251221375ms] [ERROR] Failed to load resource: net::ERR_INTERNET_DISCONNECTED @ https://api.avest.fr/v1/acquisition/6a16cb4c4754df734712eeb7:0
[251221375ms] [ERROR] AxiosError: Network Error
    at w.onerror (https://app.avest.fr/index.1779894461.js:85:16122) @ https://app.avest.fr/index.1779894461.js:90
[251221375ms] [ERROR] Failed to load resource: net::ERR_INTERNET_DISCONNECTED @ https://api.avest.fr/v1/acquisition/6a17255f411229cd9e8ba2d0:0
[251221376ms] [ERROR] AxiosError: Network Error
    at w.onerror (https://app.avest.fr/index.1779894461.js:85:16122) @ https://app.avest.fr/index.1779894461.js:90
[251221376ms] [ERROR] Failed to load resource: net::ERR_INTERNET_DISCONNECTED @ https://api.avest.fr/v1/acquisition/6a1589d7feb2964bcd5f6580:0
[251221376ms] [ERROR] AxiosError: Network Error
    at w.onerror (https://app.avest.fr/index.1779894461.js:85:16122) @ https://app.avest.fr/index.1779894461.js:90
[251221376ms] [ERROR] Failed to load resource: net::ERR_INTERNET_DISCONNECTED @ https://api.avest.fr/v1/acquisition/6a16f6645731866124a8ca5f:0
[251221376ms] [ERROR] AxiosError: Network Error
    at w.onerror (https://app.avest.fr/index.1779894461.js:85:16122) @ https://app.avest.fr/index.1779894461.js:90
[251221376ms] [ERROR] Failed to load resource: net::ERR_INTERNET_DISCONNECTED @ https://api.avest.fr/v1/acquisition/6a1573a292eae0c2aad4c65b:0
[251221376ms] [ERROR] AxiosError: Network Error
    at w.onerror (https://app.avest.fr/index.1779894461.js:85:16122) @ https://app.avest.fr/index.1779894461.js:90
[251221376ms] [ERROR] Failed to load resource: net::ERR_INTERNET_DISCONNECTED @ https://api.avest.fr/v1/acquisition/6a1687d9c92b2155901cd6f1:0
[251221376ms] [ERROR] AxiosError: Network Error
    at w.onerror (https://app.avest.fr/index.1779894461.js:85:16122) @ https://app.avest.fr/index.1779894461.js:90
[251221376ms] [ERROR] Failed to load resource: net::ERR_INTERNET_DISCONNECTED @ https://api.avest.fr/v1/transaction-activities?filter=%7B%22type%22:%22note%22,%22linkedDocument%22:%7B%22$in%22:%5B%2269e38dbc9ecc67b2d70cc31f%22,%2269e38dbb9ecc67b2d70cc13d%22%5D%7D%7D&sortField=completionDate&sortOrder=descending:0
[251221377ms] [ERROR] AxiosError: Network Error
    at w.onerror (https://app.avest.fr/index.1779894461.js:85:16122) @ https://app.avest.fr/index.1779894461.js:90
[251221377ms] [ERROR] Failed to load resource: net::ERR_INTERNET_DISCONNECTED @ https://api.avest.fr/v1/sale/69e38dbc9ecc67b2d70cc31f/activities?activityView=email:0
[251221377ms] [ERROR] AxiosError: Network Error
    at w.onerror (https://app.avest.fr/index.1779894461.js:85:16122) @ https://app.avest.fr/index.1779894461.js:90
[251221377ms] [ERROR] Failed to load resource: net::ERR_INTERNET_DISCONNECTED @ https://api.avest.fr/v1/visit-receipts?filter%5Bsale%5D=69e38dbc9ecc67b2d70cc31f:0
[251221377ms] [ERROR] AxiosError: Network Error
    at w.onerror (https://app.avest.fr/index.1779894461.js:85:16122) @ https://app.avest.fr/index.1779894461.js:90
[251221378ms] [ERROR] Failed to load resource: net::ERR_INTERNET_DISCONNECTED @ https://api.avest.fr/v1/sms-templates?agencies=698cb2ce239dd6ab399bc522:0
[251221536ms] [ERROR] AxiosError: Network Error
    at w.onerror (https://app.avest.fr/index.1779894461.js:85:16122) @ https://app.avest.fr/index.1779894461.js:90
[251221536ms] [ERROR] Failed to load resource: net::ERR_INTERNET_DISCONNECTED @ https://api.avest.fr/v1/acquisition/6a197b9e7ce7f89a977ad34c:0
[251221536ms] [ERROR] AxiosError: Network Error
    at w.onerror (https://app.avest.fr/index.1779894461.js:85:16122) @ https://app.avest.fr/index.1779894461.js:90
[251221536ms] [ERROR] Failed to load resource: net::ERR_INTERNET_DISCONNECTED @ https://api.avest.fr/v1/sale/69e38dbc9ecc67b2d70cc31f/activities?activityView=pinned:0
[251221536ms] [ERROR] AxiosError: Network Error
    at w.onerror (https://app.avest.fr/index.1779894461.js:85:16122) @ https://app.avest.fr/index.1779894461.js:90
[251221536ms] [ERROR] Failed to load resource: net::ERR_INTERNET_DISCONNECTED @ https://api.avest.fr/v1/sale/69e38dbc9ecc67b2d70cc31f/activities?activityView=activitySummary:0
[251221536ms] [ERROR] AxiosError: Network Error
    at w.onerror (https://app.avest.fr/index.1779894461.js:85:16122) @ https://app.avest.fr/index.1779894461.js:90
[251221536ms] [ERROR] Failed to load resource: net::ERR_INTERNET_DISCONNECTED @ https://api.avest.fr/v1/acquisition/6a1c5d9630db0698f3aba428:0
[251221536ms] [ERROR] AxiosError: Network Error
    at w.onerror (https://app.avest.fr/index.1779894461.js:85:16122) @ https://app.avest.fr/index.1779894461.js:90
[251221536ms] [ERROR] Failed to load resource: net::ERR_INTERNET_DISCONNECTED @ https://api.avest.fr/v1/emailing-templates?agencies=698cb2ce239dd6ab399bc522:0
[251221537ms] [ERROR] AxiosError: Network Error
    at w.onerror (https://app.avest.fr/index.1779894461.js:85:16122) @ https://app.avest.fr/index.1779894461.js:90
[251221537ms] [ERROR] Failed to load resource: net::ERR_INTERNET_DISCONNECTED @ https://api.avest.fr/v1/sale/69e38dbc9ecc67b2d70cc31f/next-activities:0
[251221537ms] [ERROR] AxiosError: Network Error
    at w.onerror (https://app.avest.fr/index.1779894461.js:85:16122) @ https://app.avest.fr/index.1779894461.js:90
[251221537ms] [ERROR] Failed to load resource: net::ERR_INTERNET_DISCONNECTED @ https://api.avest.fr/v1/sale/69e38dbc9ecc67b2d70cc31f/drive-links:0
[251224520ms] [ERROR] WebSocket connection to 'wss://nexus-websocket-a.intercom.io/pubsub/5-9K9xwJ2mWKIXdj1SsmALt8hNzbJ43l1S9XYFziPArFGEGYeEfVV_zQ_LYvWrSapZ6yeHqRI7plg5M2Y7Ebtob05In8uV3dBK20EA?X-Nexus-New-Client=true&X-Nexus-Version=0.18.8&user_role=user' failed: Error in connection establishment: net::ERR_INTERNET_DISCONNECTED @ https://js.intercomcdn.com/vendor-modern.60bbf292.js:1
[251229876ms] [ERROR] WebSocket connection to 'wss://nexus-websocket-a.intercom.io/pubsub/5-9K9xwJ2mWKIXdj1SsmALt8hNzbJ43l1S9XYFziPArFGEGYeEfVV_zQ_LYvWrSapZ6yeHqRI7plg5M2Y7Ebtob05In8uV3dBK20EA?X-Nexus-New-Client=true&X-Nexus-Version=0.18.8&user_role=user' failed: Error in connection establishment: net::ERR_INTERNET_DISCONNECTED @ https://js.intercomcdn.com/vendor-modern.60bbf292.js:1
[251234706ms] [ERROR] WebSocket connection to 'wss://nexus-websocket-a.intercom.io/pubsub/5-9K9xwJ2mWKIXdj1SsmALt8hNzbJ43l1S9XYFziPArFGEGYeEfVV_zQ_LYvWrSapZ6yeHqRI7plg5M2Y7Ebtob05In8uV3dBK20EA?X-Nexus-New-Client=true&X-Nexus-Version=0.18.8&user_role=user' failed: Error in connection establishment: net::ERR_INTERNET_DISCONNECTED @ https://js.intercomcdn.com/vendor-modern.60bbf292.js:1
[251243666ms] [ERROR] WebSocket connection to 'wss://nexus-websocket-a.intercom.io/pubsub/5-9K9xwJ2mWKIXdj1SsmALt8hNzbJ43l1S9XYFziPArFGEGYeEfVV_zQ_LYvWrSapZ6yeHqRI7plg5M2Y7Ebtob05In8uV3dBK20EA?X-Nexus-New-Client=true&X-Nexus-Version=0.18.8&user_role=user' failed: Error in connection establishment: net::ERR_INTERNET_DISCONNECTED @ https://js.intercomcdn.com/vendor-modern.60bbf292.js:1
[252233075ms] [ERROR] WebSocket connection to 'wss://nexus-websocket-a.intercom.io/pubsub/5-9K9xwJ2mWKIXdj1SsmALt8hNzbJ43l1S9XYFziPArFGEGYeEfVV_zQ_LYvWrSapZ6yeHqRI7plg5M2Y7Ebtob05In8uV3dBK20EA?X-Nexus-New-Client=true&X-Nexus-Version=0.18.8&user_role=user' failed: Error in connection establishment: net::ERR_INTERNET_DISCONNECTED @ https://js.intercomcdn.com/vendor-modern.60bbf292.js:1
[252243835ms] [ERROR] Failed to load resource: net::ERR_INTERNET_DISCONNECTED @ https://app.avest.fr/r/flags/?v=2&ip=0&_=1780294313647&ver=1.372.10&compression=base64:0
[252736926ms] [ERROR] AxiosError: Network Error
    at w.onerror (https://app.avest.fr/index.1779894461.js:85:16122)
    at tu.request (https://app.avest.fr/index.1779894461.js:87:2231)
    at async tu.request (https://app.avest.fr/index.1779894461.js:87:2135)
    at async queryFn (https://app.avest.fr/useGetContactsOtherProjects.1779894461.js:1:6606) @ https://app.avest.fr/index.1779894461.js:90
[252736929ms] [ERROR] AxiosError: Network Error
    at w.onerror (https://app.avest.fr/index.1779894461.js:85:16122) @ https://app.avest.fr/index.1779894461.js:90
[252736929ms] [ERROR] AxiosError: Network Error
    at w.onerror (https://app.avest.fr/index.1779894461.js:85:16122) @ https://app.avest.fr/index.1779894461.js:90
[252736929ms] [ERROR] AxiosError: Network Error
    at w.onerror (https://app.avest.fr/index.1779894461.js:85:16122) @ https://app.avest.fr/index.1779894461.js:90
[252737750ms] [INFO] Cleaning session storage on version change {currentVersion: v1.31.0, serverVersion: v1.32.6} @ https://app.avest.fr/index.1779894461.js:90
[252739000ms] [ERROR] Failed to load resource: the server responded with a status of 410 () @ https://api.refiner.io/js-client/v1/da130ea0-510b-11f0-85fa-cfcca1795cad/identify-user:0
[253288780ms] [ERROR] Failed to load resource: net::ERR_INTERNET_DISCONNECTED @ https://app.avest.fr/r/flags/?v=2&ip=0&_=1780295358605&ver=1.372.10&compression=base64:0
[253588767ms] [ERROR] Failed to load resource: net::ERR_INTERNET_DISCONNECTED @ https://app.avest.fr/r/flags/?v=2&ip=0&_=1780295658603&ver=1.372.10&compression=base64:0
[253888760ms] [ERROR] Failed to load resource: net::ERR_INTERNET_DISCONNECTED @ https://app.avest.fr/r/flags/?v=2&ip=0&_=1780295958601&ver=1.372.10&compression=base64:0
[254188770ms] [ERROR] Failed to load resource: net::ERR_INTERNET_DISCONNECTED @ https://app.avest.fr/r/flags/?v=2&ip=0&_=1780296258606&ver=1.372.10&compression=base64:0
[254488766ms] [ERROR] Failed to load resource: net::ERR_INTERNET_DISCONNECTED @ https://app.avest.fr/r/flags/?v=2&ip=0&_=1780296558606&ver=1.372.10&compression=base64:0
[254788761ms] [ERROR] Failed to load resource: net::ERR_INTERNET_DISCONNECTED @ https://app.avest.fr/r/flags/?v=2&ip=0&_=1780296858602&ver=1.372.10&compression=base64:0
[255088762ms] [ERROR] Failed to load resource: net::ERR_INTERNET_DISCONNECTED @ https://app.avest.fr/r/flags/?v=2&ip=0&_=1780297158602&ver=1.372.10&compression=base64:0
[255119984ms] [ERROR] Failed to load resource: the server responded with a status of 410 () @ https://api.refiner.io/js-client/v1/da130ea0-510b-11f0-85fa-cfcca1795cad/identify-user:0
[255246956ms] [ERROR] Failed to load resource: the server responded with a status of 404 () @ https://app.avest.fr/TagsContext.1779894461.js:0
[255246957ms] [WARNING] handleVitePreloadError {event: Event} @ https://app.avest.fr/index.1779894461.js:90
[255247053ms] [ERROR] TypeError: Failed to fetch dynamically imported module: https://app.avest.fr/TagsContext.1779894461.js @ https://app.avest.fr/index.1779894461.js:8
[255247054ms] [ERROR] React Router caught the following error during render TypeError: Failed to fetch dynamically imported module: https://app.avest.fr/TagsContext.1779894461.js @ https://app.avest.fr/index.1779894461.js:13
[255247605ms] [WARNING] Please ensure Intercom is setup and running on client-side! @ https://app.avest.fr/index.1780067685.js:10
[255248148ms] [INFO] [Intercom] Launcher is disabled in settings or current page does not match display conditions @ https://js.intercomcdn.com/frame-modern.1eb85609.js:0
[255249140ms] [ERROR] Failed to load resource: the server responded with a status of 410 () @ https://api.refiner.io/js-client/v1/da130ea0-510b-11f0-85fa-cfcca1795cad/identify-user:0
[256216353ms] [ERROR] Failed to load resource: the server responded with a status of 410 () @ https://api.refiner.io/js-client/v1/da130ea0-510b-11f0-85fa-cfcca1795cad/identify-user:0
[257627168ms] [WARNING] WebSocket connection to 'wss://nexus-websocket-a.intercom.io/pubsub/5-4p-h6wWd1EMweEeLVL_xbxHhGiw9Rpqtqa2IhrwHJIAjUGXfns9DSv63cZP6VbrHj-edF-e1foA4Ojrv1KbSuSYpOvhCQFJeD-Os?X-Nexus-New-Client=true&X-Nexus-Version=0.18.8&user_role=user' failed: WebSocket is closed before the connection is established. @ https://js.intercomcdn.com/vendor-modern.60bbf292.js:1
[257665023ms] [WARNING] WebSocket connection to 'wss://nexus-websocket-a.intercom.io/pubsub/5-4p-h6wWd1EMweEeLVL_xbxHhGiw9Rpqtqa2IhrwHJIAjUGXfns9DSv63cZP6VbrHj-edF-e1foA4Ojrv1KbSuSYpOvhCQFJeD-Os?X-Nexus-New-Client=true&X-Nexus-Version=0.18.8&user_role=user' failed: WebSocket is closed before the connection is established. @ https://js.intercomcdn.com/vendor-modern.60bbf292.js:1
[257714414ms] [WARNING] WebSocket connection to 'wss://nexus-websocket-a.intercom.io/pubsub/5-4p-h6wWd1EMweEeLVL_xbxHhGiw9Rpqtqa2IhrwHJIAjUGXfns9DSv63cZP6VbrHj-edF-e1foA4Ojrv1KbSuSYpOvhCQFJeD-Os?X-Nexus-New-Client=true&X-Nexus-Version=0.18.8&user_role=user' failed: WebSocket is closed before the connection is established. @ https://js.intercomcdn.com/vendor-modern.60bbf292.js:1
[257780489ms] [WARNING] WebSocket connection to 'wss://nexus-websocket-a.intercom.io/pubsub/5-4p-h6wWd1EMweEeLVL_xbxHhGiw9Rpqtqa2IhrwHJIAjUGXfns9DSv63cZP6VbrHj-edF-e1foA4Ojrv1KbSuSYpOvhCQFJeD-Os?X-Nexus-New-Client=true&X-Nexus-Version=0.18.8&user_role=user' failed: WebSocket is closed before the connection is established. @ https://js.intercomcdn.com/vendor-modern.60bbf292.js:1
[257810494ms] [WARNING] WebSocket connection to 'wss://nexus-websocket-a.intercom.io/pubsub/5-4p-h6wWd1EMweEeLVL_xbxHhGiw9Rpqtqa2IhrwHJIAjUGXfns9DSv63cZP6VbrHj-edF-e1foA4Ojrv1KbSuSYpOvhCQFJeD-Os?X-Nexus-New-Client=true&X-Nexus-Version=0.18.8&user_role=user' failed: WebSocket is closed before the connection is established. @ https://js.intercomcdn.com/vendor-modern.60bbf292.js:1
[259650679ms] [ERROR] Failed to load resource: the server responded with a status of 410 () @ https://api.refiner.io/js-client/v1/da130ea0-510b-11f0-85fa-cfcca1795cad/identify-user:0
[259650759ms] [ERROR] Failed to load resource: the server responded with a status of 410 () @ https://api.refiner.io/js-client/v1/da130ea0-510b-11f0-85fa-cfcca1795cad/identify-user:0
[259651225ms] [ERROR] Failed to load resource: the server responded with a status of 410 () @ https://api.refiner.io/js-client/v1/da130ea0-510b-11f0-85fa-cfcca1795cad/identify-user:0
[259653404ms] [ERROR] Failed to load resource: the server responded with a status of 410 () @ https://api.refiner.io/js-client/v1/da130ea0-510b-11f0-85fa-cfcca1795cad/identify-user:0
[259653944ms] [WARNING] As of March 1st, 2025, google.maps.places.AutocompleteService is not available to new customers. Please use google.maps.places.AutocompleteSuggestion instead. At this time, google.maps.places.AutocompleteService is not scheduled to be discontinued, but google.maps.places.AutocompleteSuggestion is recommended over google.maps.places.AutocompleteService. While google.maps.places.AutocompleteService will continue to receive bug fixes for any major regressions, existing bugs in google.maps.places.AutocompleteService will not be addressed. At least 12 months notice will be given before support is discontinued. Please see https://developers.google.com/maps/legacy for additional details and https://developers.google.com/maps/documentation/javascript/places-migration-overview for the migration guide. @ https://maps.googleapis.com/maps-api-v3/api/js/65/2d/intl/fr_ALL/places.js:47
[259653944ms] [WARNING] As of March 1st, 2025, google.maps.places.PlacesService is not available to new customers. Please use google.maps.places.Place instead. At this time, google.maps.places.PlacesService is not scheduled to be discontinued, but google.maps.places.Place is recommended over google.maps.places.PlacesService. While google.maps.places.PlacesService will continue to receive bug fixes for any major regressions, existing bugs in google.maps.places.PlacesService will not be addressed. At least 12 months notice will be given before support is discontinued. Please see https://developers.google.com/maps/legacy for additional details and https://developers.google.com/maps/documentation/javascript/places-migration-overview for the migration guide. @ https://maps.googleapis.com/maps-api-v3/api/js/65/2d/intl/fr_ALL/places.js:639
[259886167ms] [ERROR] Failed to load resource: the server responded with a status of 410 () @ https://api.refiner.io/js-client/v1/da130ea0-510b-11f0-85fa-cfcca1795cad/identify-user:0
[259888531ms] [WARNING] As of March 1st, 2025, google.maps.places.AutocompleteService is not available to new customers. Please use google.maps.places.AutocompleteSuggestion instead. At this time, google.maps.places.AutocompleteService is not scheduled to be discontinued, but google.maps.places.AutocompleteSuggestion is recommended over google.maps.places.AutocompleteService. While google.maps.places.AutocompleteService will continue to receive bug fixes for any major regressions, existing bugs in google.maps.places.AutocompleteService will not be addressed. At least 12 months notice will be given before support is discontinued. Please see https://developers.google.com/maps/legacy for additional details and https://developers.google.com/maps/documentation/javascript/places-migration-overview for the migration guide. @ https://maps.googleapis.com/maps-api-v3/api/js/65/2d/intl/fr_ALL/places.js:47
[259888531ms] [WARNING] As of March 1st, 2025, google.maps.places.PlacesService is not available to new customers. Please use google.maps.places.Place instead. At this time, google.maps.places.PlacesService is not scheduled to be discontinued, but google.maps.places.Place is recommended over google.maps.places.PlacesService. While google.maps.places.PlacesService will continue to receive bug fixes for any major regressions, existing bugs in google.maps.places.PlacesService will not be addressed. At least 12 months notice will be given before support is discontinued. Please see https://developers.google.com/maps/legacy for additional details and https://developers.google.com/maps/documentation/javascript/places-migration-overview for the migration guide. @ https://maps.googleapis.com/maps-api-v3/api/js/65/2d/intl/fr_ALL/places.js:639
[259888682ms] [ERROR] Failed to load resource: the server responded with a status of 410 () @ https://api.refiner.io/js-client/v1/da130ea0-510b-11f0-85fa-cfcca1795cad/identify-user:0
[259923216ms] [ERROR] Failed to load resource: the server responded with a status of 410 () @ https://api.refiner.io/js-client/v1/da130ea0-510b-11f0-85fa-cfcca1795cad/identify-user:0
[259991205ms] [ERROR] Failed to load resource: the server responded with a status of 410 () @ https://api.refiner.io/js-client/v1/da130ea0-510b-11f0-85fa-cfcca1795cad/identify-user:0
[259991519ms] [ERROR] Failed to load resource: the server responded with a status of 410 () @ https://api.refiner.io/js-client/v1/da130ea0-510b-11f0-85fa-cfcca1795cad/identify-user:0
[259995843ms] [ERROR] Failed to load resource: the server responded with a status of 410 () @ https://api.refiner.io/js-client/v1/da130ea0-510b-11f0-85fa-cfcca1795cad/identify-user:0
[259996760ms] [ERROR] Failed to load resource: the server responded with a status of 404 () @ https://icons.duckduckgo.com/ip2/www.giraffe360.com.ico:0
[261712387ms] [ERROR] Failed to load resource: the server responded with a status of 410 () @ https://api.refiner.io/js-client/v1/da130ea0-510b-11f0-85fa-cfcca1795cad/identify-user:0
[261712492ms] [ERROR] Failed to load resource: the server responded with a status of 410 () @ https://api.refiner.io/js-client/v1/da130ea0-510b-11f0-85fa-cfcca1795cad/identify-user:0
